2025-08-06 05:34:33,108 51420 DEBUG ? odoo.netsvc: logger level set: "odoo.http.rpc.request:INFO" 
2025-08-06 05:34:33,109 51420 DEBUG ? odoo.netsvc: logger level set: "odoo.http.rpc.response:INFO" 
2025-08-06 05:34:33,109 51420 DEBUG ? odoo.netsvc: logger level set: ":INFO" 
2025-08-06 05:34:33,109 51420 DEBUG ? odoo.netsvc: logger level set: "odoo:DEBUG" 
2025-08-06 05:34:33,109 51420 DEBUG ? odoo.netsvc: logger level set: "odoo.sql_db:INFO" 
2025-08-06 05:34:33,109 51420 DEBUG ? odoo.netsvc: logger level set: ":INFO" 
2025-08-06 05:34:33,110 51420 INFO ? odoo: Odoo version 16.0 
2025-08-06 05:34:33,110 51420 INFO ? odoo: Using configuration file at C:\working\python\django\odoo\odoo.conf 
2025-08-06 05:34:33,110 51420 INFO ? odoo: addons paths: ['C:\\working\\python\\django\\odoo\\odoo\\addons', 'c:\\users\\rupesh\\appdata\\local\\openerp s.a\\odoo\\addons\\16.0', 'c:\\working\\python\\django\\odoo\\odoo\\addons', 'c:\\working\\python\\django\\odoo\\addons', 'c:\\working\\python\\django\\odoo\\custom-addons'] 
2025-08-06 05:34:33,110 51420 INFO ? odoo: database: odoo_user@localhost:5432 
2025-08-06 05:34:33,583 51420 INFO ? odoo.addons.base.models.ir_actions_report: You need Wkhtmltopdf to print a pdf version of the reports. 
2025-08-06 05:34:34,023 51420 WARNING ? odoo.service.server: 'watchdog' module not installed. Code autoreload feature is disabled 
2025-08-06 05:34:34,024 51420 DEBUG ? odoo.service.server: Setting signal handlers 
2025-08-06 05:34:34,026 51420 DEBUG ? odoo.service.server: cron0 started! 
2025-08-06 05:34:34,027 51420 DEBUG ? odoo.service.server: cron1 started! 
2025-08-06 05:34:34,036 51420 INFO ? odoo.service.server: HTTP service (werkzeug) running on DESKTOP-84A4AEN:8069 
2025-08-06 05:34:39,188 51420 DEBUG ? odoo.http: HTTP sessions stored in: c:\users\rupesh\appdata\local\openerp s.a\odoo\sessions 
2025-08-06 05:34:39,300 51420 DEBUG ? odoo.modules.registry: Multiprocess load registry signaling: [Registry: 4] [Cache: 143] 
2025-08-06 05:34:39,306 51420 INFO ? odoo.modules.loading: loading 1 modules... 
2025-08-06 05:34:39,307 51420 DEBUG ? odoo.modules.loading: Loading module base (1/1) 
2025-08-06 05:34:39,318 51420 DEBUG ? odoo.modules.loading: Module base loaded in 0.01s, 0 queries 
2025-08-06 05:34:39,319 51420 INFO ? odoo.modules.loading: 1 modules loaded in 0.01s, 0 queries (+0 extra) 
2025-08-06 05:34:39,326 51420 WARNING ? odoo.modules.module: Missing `license` key in manifest for 'commercium_connector', defaulting to LGPL-3 
2025-08-06 05:34:39,478 51420 DEBUG ? odoo.modules.loading: Updating graph with 48 more modules 
2025-08-06 05:34:39,479 51420 INFO ? odoo.modules.loading: loading 49 modules... 
2025-08-06 05:34:39,479 51420 DEBUG ? odoo.modules.loading: Loading module uom (2/49) 
2025-08-06 05:34:39,491 51420 DEBUG ? odoo.modules.loading: Module uom loaded in 0.01s, 0 queries 
2025-08-06 05:34:39,491 51420 DEBUG ? odoo.modules.loading: Loading module web (3/49) 
2025-08-06 05:34:39,496 51420 DEBUG ? odoo.modules.loading: Module web loaded in 0.00s, 0 queries 
2025-08-06 05:34:39,496 51420 DEBUG ? odoo.modules.loading: Loading module auth_totp (4/49) 
2025-08-06 05:34:39,549 51420 DEBUG ? odoo.modules.loading: Module auth_totp loaded in 0.05s, 0 queries 
2025-08-06 05:34:39,549 51420 DEBUG ? odoo.modules.loading: Loading module barcodes (5/49) 
2025-08-06 05:34:39,564 51420 DEBUG ? odoo.modules.loading: Module barcodes loaded in 0.01s, 0 queries 
2025-08-06 05:34:39,564 51420 DEBUG ? odoo.modules.loading: Loading module base_import (6/49) 
2025-08-06 05:34:40,541 51420 DEBUG ? odoo.modules.loading: Module base_import loaded in 0.98s, 0 queries 
2025-08-06 05:34:40,541 51420 DEBUG ? odoo.modules.loading: Loading module base_setup (7/49) 
2025-08-06 05:34:40,561 51420 DEBUG ? odoo.modules.loading: Module base_setup loaded in 0.02s, 0 queries 
2025-08-06 05:34:40,561 51420 DEBUG ? odoo.modules.loading: Loading module bus (8/49) 
2025-08-06 05:34:40,592 51420 DEBUG ? odoo.modules.loading: Module bus loaded in 0.03s, 0 queries 
2025-08-06 05:34:40,593 51420 DEBUG ? odoo.modules.loading: Loading module commercium_connector (9/49) 
2025-08-06 05:34:40,602 51420 DEBUG ? odoo.modules.loading: Module commercium_connector loaded in 0.01s, 0 queries 
2025-08-06 05:34:40,603 51420 DEBUG ? odoo.modules.loading: Loading module http_routing (10/49) 
2025-08-06 05:34:40,616 51420 DEBUG ? odoo.modules.loading: Module http_routing loaded in 0.01s, 0 queries 
2025-08-06 05:34:40,617 51420 DEBUG ? odoo.modules.loading: Loading module resource (11/49) 
2025-08-06 05:34:40,636 51420 DEBUG ? odoo.modules.loading: Module resource loaded in 0.02s, 0 queries 
2025-08-06 05:34:40,637 51420 DEBUG ? odoo.modules.loading: Loading module utm (12/49) 
2025-08-06 05:34:40,654 51420 DEBUG ? odoo.modules.loading: Module utm loaded in 0.02s, 0 queries 
2025-08-06 05:34:40,655 51420 DEBUG ? odoo.modules.loading: Loading module web_kanban_gauge (13/49) 
2025-08-06 05:34:40,657 51420 DEBUG ? odoo.modules.loading: Module web_kanban_gauge loaded in 0.00s, 0 queries 
2025-08-06 05:34:40,657 51420 DEBUG ? odoo.modules.loading: Loading module web_tour (14/49) 
2025-08-06 05:34:40,664 51420 DEBUG ? odoo.modules.loading: Module web_tour loaded in 0.01s, 0 queries 
2025-08-06 05:34:40,664 51420 DEBUG ? odoo.modules.loading: Loading module barcodes_gs1_nomenclature (15/49) 
2025-08-06 05:34:40,674 51420 DEBUG ? odoo.modules.loading: Module barcodes_gs1_nomenclature loaded in 0.01s, 0 queries 
2025-08-06 05:34:40,674 51420 DEBUG ? odoo.modules.loading: Loading module iap (16/49) 
2025-08-06 05:34:40,694 51420 DEBUG ? odoo.modules.loading: Module iap loaded in 0.02s, 0 queries 
2025-08-06 05:34:40,695 51420 DEBUG ? odoo.modules.loading: Loading module mail (17/49) 
2025-08-06 05:34:40,889 51420 DEBUG ? odoo.modules.loading: Module mail loaded in 0.19s, 0 queries 
2025-08-06 05:34:40,889 51420 DEBUG ? odoo.modules.loading: Loading module spreadsheet (18/49) 
2025-08-06 05:34:40,901 51420 DEBUG ? odoo.modules.loading: Module spreadsheet loaded in 0.01s, 0 queries 
2025-08-06 05:34:40,901 51420 DEBUG ? odoo.modules.loading: Loading module web_editor (19/49) 
2025-08-06 05:34:40,955 51420 DEBUG ? odoo.modules.loading: Module web_editor loaded in 0.05s, 0 queries 
2025-08-06 05:34:40,956 51420 DEBUG ? odoo.modules.loading: Loading module analytic (20/49) 
2025-08-06 05:34:40,977 51420 DEBUG ? odoo.modules.loading: Module analytic loaded in 0.02s, 0 queries 
2025-08-06 05:34:40,977 51420 DEBUG ? odoo.modules.loading: Loading module auth_signup (21/49) 
2025-08-06 05:34:40,998 51420 DEBUG ? odoo.modules.loading: Module auth_signup loaded in 0.02s, 0 queries 
2025-08-06 05:34:40,998 51420 DEBUG ? odoo.modules.loading: Loading module auth_totp_mail (22/49) 
2025-08-06 05:34:41,011 51420 DEBUG ? odoo.modules.loading: Module auth_totp_mail loaded in 0.01s, 0 queries 
2025-08-06 05:34:41,011 51420 DEBUG ? odoo.modules.loading: Loading module base_install_request (23/49) 
2025-08-06 05:34:41,026 51420 DEBUG ? odoo.modules.loading: Module base_install_request loaded in 0.01s, 0 queries 
2025-08-06 05:34:41,026 51420 DEBUG ? odoo.modules.loading: Loading module google_gmail (24/49) 
2025-08-06 05:34:41,049 51420 DEBUG ? odoo.modules.loading: Module google_gmail loaded in 0.02s, 0 queries 
2025-08-06 05:34:41,049 51420 DEBUG ? odoo.modules.loading: Loading module iap_mail (25/49) 
2025-08-06 05:34:41,077 51420 DEBUG ? odoo.modules.loading: Module iap_mail loaded in 0.03s, 0 queries 
2025-08-06 05:34:41,078 51420 DEBUG ? odoo.modules.loading: Loading module mail_bot (26/49) 
2025-08-06 05:34:41,216 51420 DEBUG ? odoo.modules.loading: Module mail_bot loaded in 0.14s, 0 queries 
2025-08-06 05:34:41,217 51420 DEBUG ? odoo.modules.loading: Loading module phone_validation (27/49) 
2025-08-06 05:34:41,486 51420 DEBUG ? odoo.modules.loading: Module phone_validation loaded in 0.27s, 0 queries 
2025-08-06 05:34:41,486 51420 DEBUG ? odoo.modules.loading: Loading module privacy_lookup (28/49) 
2025-08-06 05:34:41,498 51420 DEBUG ? odoo.modules.loading: Module privacy_lookup loaded in 0.01s, 0 queries 
2025-08-06 05:34:41,499 51420 DEBUG ? odoo.modules.loading: Loading module product (29/49) 
2025-08-06 05:34:41,730 51420 DEBUG ? odoo.modules.loading: Module product loaded in 0.23s, 0 queries 
2025-08-06 05:34:41,731 51420 DEBUG ? odoo.modules.loading: Loading module sales_team (30/49) 
2025-08-06 05:34:41,750 51420 DEBUG ? odoo.modules.loading: Module sales_team loaded in 0.02s, 0 queries 
2025-08-06 05:34:41,750 51420 DEBUG ? odoo.modules.loading: Loading module spreadsheet_dashboard (31/49) 
2025-08-06 05:34:41,759 51420 DEBUG ? odoo.modules.loading: Module spreadsheet_dashboard loaded in 0.01s, 0 queries 
2025-08-06 05:34:41,759 51420 DEBUG ? odoo.modules.loading: Loading module web_unsplash (32/49) 
2025-08-06 05:34:41,774 51420 DEBUG ? odoo.modules.loading: Module web_unsplash loaded in 0.01s, 0 queries 
2025-08-06 05:34:41,774 51420 DEBUG ? odoo.modules.loading: Loading module partner_autocomplete (33/49) 
2025-08-06 05:34:41,801 51420 DEBUG ? odoo.modules.loading: Module partner_autocomplete loaded in 0.03s, 0 queries 
2025-08-06 05:34:41,802 51420 DEBUG ? odoo.modules.loading: Loading module portal (34/49) 
2025-08-06 05:34:41,845 51420 DEBUG ? odoo.modules.loading: Module portal loaded in 0.04s, 0 queries 
2025-08-06 05:34:41,846 51420 DEBUG ? odoo.modules.loading: Loading module sms (35/49) 
2025-08-06 05:34:41,906 51420 DEBUG ? odoo.modules.loading: Module sms loaded in 0.06s, 0 queries 
2025-08-06 05:34:41,906 51420 DEBUG ? odoo.modules.loading: Loading module snailmail (36/49) 
2025-08-06 05:34:41,936 51420 DEBUG ? odoo.modules.loading: Module snailmail loaded in 0.03s, 0 queries 
2025-08-06 05:34:41,937 51420 DEBUG ? odoo.modules.loading: Loading module auth_totp_portal (37/49) 
2025-08-06 05:34:41,943 51420 DEBUG ? odoo.modules.loading: Module auth_totp_portal loaded in 0.01s, 0 queries 
2025-08-06 05:34:41,943 51420 DEBUG ? odoo.modules.loading: Loading module digest (38/49) 
2025-08-06 05:34:41,969 51420 DEBUG ? odoo.modules.loading: Module digest loaded in 0.03s, 0 queries 
2025-08-06 05:34:41,969 51420 DEBUG ? odoo.modules.loading: Loading module payment (39/49) 
2025-08-06 05:34:42,036 51420 DEBUG ? odoo.modules.loading: Module payment loaded in 0.07s, 0 queries 
2025-08-06 05:34:42,036 51420 DEBUG ? odoo.modules.loading: Loading module account (40/49) 
2025-08-06 05:34:42,308 51420 DEBUG ? odoo.modules.loading: Module account loaded in 0.27s, 0 queries 
2025-08-06 05:34:42,308 51420 DEBUG ? odoo.modules.loading: Loading module stock (41/49) 
2025-08-06 05:34:42,315 51420 DEBUG ? odoo.modules.loading: Module stock loaded in 0.01s, 0 queries 
2025-08-06 05:34:42,315 51420 DEBUG ? odoo.modules.loading: Loading module account_edi (42/49) 
2025-08-06 05:34:42,338 51420 DEBUG ? odoo.modules.loading: Module account_edi loaded in 0.02s, 0 queries 
2025-08-06 05:34:42,338 51420 DEBUG ? odoo.modules.loading: Loading module account_payment (43/49) 
2025-08-06 05:34:42,376 51420 DEBUG ? odoo.modules.loading: Module account_payment loaded in 0.04s, 0 queries 
2025-08-06 05:34:42,376 51420 DEBUG ? odoo.modules.loading: Loading module account_sequence (44/49) 
2025-08-06 05:34:42,384 51420 DEBUG ? odoo.modules.loading: Module account_sequence loaded in 0.01s, 0 queries 
2025-08-06 05:34:42,384 51420 DEBUG ? odoo.modules.loading: Loading module snailmail_account (45/49) 
2025-08-06 05:34:42,396 51420 DEBUG ? odoo.modules.loading: Module snailmail_account loaded in 0.01s, 0 queries 
2025-08-06 05:34:42,396 51420 DEBUG ? odoo.modules.loading: Loading module spreadsheet_account (46/49) 
2025-08-06 05:34:42,402 51420 DEBUG ? odoo.modules.loading: Module spreadsheet_account loaded in 0.01s, 0 queries 
2025-08-06 05:34:42,403 51420 DEBUG ? odoo.modules.loading: Loading module spreadsheet_dashboard_account (47/49) 
2025-08-06 05:34:42,405 51420 DEBUG ? odoo.modules.loading: Module spreadsheet_dashboard_account loaded in 0.00s, 0 queries 
2025-08-06 05:34:42,405 51420 DEBUG ? odoo.modules.loading: Loading module stock_account (48/49) 
2025-08-06 05:34:42,440 51420 DEBUG ? odoo.modules.loading: Module stock_account loaded in 0.03s, 0 queries 
2025-08-06 05:34:42,441 51420 DEBUG ? odoo.modules.loading: Loading module stock_sms (49/49) 
2025-08-06 05:34:42,456 51420 DEBUG ? odoo.modules.loading: Module stock_sms loaded in 0.01s, 0 queries 
2025-08-06 05:34:42,456 51420 INFO ? odoo.modules.loading: 49 modules loaded in 2.98s, 0 queries (+0 extra) 
2025-08-06 05:34:43,123 51420 INFO ? odoo.modules.loading: Modules loaded. 
2025-08-06 05:34:43,137 51420 INFO ? odoo.modules.registry: Registry loaded in 3.947s 
2025-08-06 05:34:43,138 51420 DEBUG ? odoo.modules.registry: Multiprocess signaling check: [Registry - 4 -> 4] [Cache - 143 -> 143] 
2025-08-06 05:34:43,139 51420 INFO odoo_test_1 odoo.addons.base.models.ir_http: Generating routing map for key None 
2025-08-06 05:34:43,725 51420 INFO odoo_test_1 werkzeug: 10.2.0.2 - - [06/Aug/2025 05:34:43] "GET /websocket HTTP/1.1" 101 - 27 0.083 4.454
2025-08-06 05:34:43,731 51420 DEBUG odoo_test_1 odoo.modules.registry: Multiprocess signaling check: [Registry - 4 -> 4] [Cache - 143 -> 143] 
2025-08-06 05:34:43,752 51420 INFO ? odoo.addons.bus.models.bus: Bus.loop listen imbus on db postgres 
2025-08-06 05:34:43,936 51420 DEBUG odoo_test_1 odoo.modules.registry: Multiprocess signaling check: [Registry - 4 -> 4] [Cache - 143 -> 143] 
2025-08-06 05:35:34,115 51420 DEBUG ? odoo.service.server: cron0 polling for jobs 
2025-08-06 05:35:34,130 51420 DEBUG odoo_test_1 odoo.addons.base.models.ir_cron: job 13 acquired 
2025-08-06 05:35:34,355 51420 DEBUG odoo_test_1 odoo.modules.registry: Multiprocess signaling check: [Registry - 4 -> 4] [Cache - 143 -> 143] 
2025-08-06 05:35:34,355 51420 DEBUG odoo_test_1 odoo.addons.base.models.ir_cron: cron.object.execute('odoo_test_1', 1, '*', 'payment: post-process transactions', 285) 
2025-08-06 05:35:34,356 51420 INFO odoo_test_1 odoo.addons.base.models.ir_cron: Starting job `payment: post-process transactions`. 
2025-08-06 05:35:34,375 51420 INFO odoo_test_1 odoo.addons.base.models.ir_cron: Job `payment: post-process transactions` done. 
2025-08-06 05:35:34,375 51420 DEBUG odoo_test_1 odoo.addons.base.models.ir_cron: 0.019s (cron payment: post-process transactions, server action 285 with uid 1) 
2025-08-06 05:35:34,377 51420 DEBUG odoo_test_1 odoo.addons.base.models.ir_cron: job 13 updated and released 
2025-08-06 05:35:35,205 51420 DEBUG ? odoo.service.server: cron1 polling for jobs 
2025-08-06 05:35:44,096 51420 DEBUG odoo_test_1 odoo.modules.registry: Multiprocess signaling check: [Registry - 4 -> 4] [Cache - 143 -> 143] 
2025-08-06 05:36:02,564 51420 DEBUG ? odoo.modules.registry: Multiprocess signaling check: [Registry - 4 -> 4] [Cache - 143 -> 143] 
2025-08-06 05:36:02,878 51420 WARNING odoo_test_1 odoo.modules.module: Missing `license` key in manifest for 'commercium_connector', defaulting to LGPL-3 
2025-08-06 05:36:03,908 51420 DEBUG odoo_test_1 odoo.modules.module: module https:: no manifest file found ('__manifest__.py', '__openerp__.py') 
2025-08-06 05:36:05,029 51420 WARNING odoo_test_1 odoo.addons.base.models.ir_qweb: Found deprecated directive @t-esc="title or 'Odoo'" in template 180. Replace by @t-out 
2025-08-06 05:36:05,030 51420 WARNING odoo_test_1 odoo.addons.base.models.ir_qweb: Found deprecated directive @t-esc='request.csrf_token(None)' in template 180. Replace by @t-out 
2025-08-06 05:36:05,031 51420 WARNING odoo_test_1 odoo.addons.base.models.ir_qweb: Found deprecated directive @t-esc='debug' in template 180. Replace by @t-out 
2025-08-06 05:36:05,041 51420 INFO odoo_test_1 werkzeug: 10.2.0.2 - - [06/Aug/2025 05:36:05] "GET /web HTTP/1.1" 200 - 101 0.118 2.363
2025-08-06 05:36:05,589 51420 DEBUG ? odoo.modules.module: module __init__.py: no manifest file found ('__manifest__.py', '__openerp__.py') 
2025-08-06 05:36:05,592 51420 DEBUG ? odoo.modules.module: module __init__.py: no manifest file found ('__manifest__.py', '__openerp__.py') 
2025-08-06 05:36:05,592 51420 DEBUG ? odoo.modules.module: module __init__.py: no manifest file found ('__manifest__.py', '__openerp__.py') 
2025-08-06 05:36:05,594 51420 DEBUG ? odoo.modules.module: module __init__.py: no manifest file found ('__manifest__.py', '__openerp__.py') 
2025-08-06 05:36:05,595 51420 DEBUG ? odoo.modules.module: module __pycache__: no manifest file found ('__manifest__.py', '__openerp__.py') 
2025-08-06 05:36:05,597 51420 DEBUG ? odoo.modules.module: module __pycache__: no manifest file found ('__manifest__.py', '__openerp__.py') 
2025-08-06 05:36:05,601 51420 DEBUG ? odoo.modules.module: module __pycache__: no manifest file found ('__manifest__.py', '__openerp__.py') 
2025-08-06 05:36:05,601 51420 DEBUG ? odoo.modules.module: module __pycache__: no manifest file found ('__manifest__.py', '__openerp__.py') 
2025-08-06 05:36:05,602 51420 DEBUG ? odoo.modules.module: module __pycache__: no manifest file found ('__manifest__.py', '__openerp__.py') 
2025-08-06 05:36:09,118 51420 WARNING ? odoo.modules.module: Missing `license` key in manifest for 'my_custom_module', defaulting to LGPL-3 
2025-08-06 05:36:09,119 51420 DEBUG ? odoo.modules.registry: Multiprocess signaling check: [Registry - 4 -> 4] [Cache - 143 -> 143] 
2025-08-06 05:36:09,123 51420 WARNING ? odoo.modules.module: Missing `license` key in manifest for 'my_custom_module', defaulting to LGPL-3 
2025-08-06 05:36:09,130 51420 DEBUG ? odoo.modules.registry: Multiprocess signaling check: [Registry - 4 -> 4] [Cache - 143 -> 143] 
2025-08-06 05:36:09,135 51420 WARNING ? odoo.modules.module: Missing `license` key in manifest for 'my_custom_module', defaulting to LGPL-3 
2025-08-06 05:36:09,139 51420 WARNING ? odoo.modules.module: Missing `license` key in manifest for 'my_custom_module', defaulting to LGPL-3 
2025-08-06 05:36:09,144 51420 DEBUG ? odoo.modules.registry: Multiprocess signaling check: [Registry - 4 -> 4] [Cache - 143 -> 143] 
2025-08-06 05:36:09,144 51420 INFO odoo_test_1 werkzeug: 10.2.0.2 - - [06/Aug/2025 05:36:09] "GET /web/assets/debug/web.assets_common.js HTTP/1.1" 304 - 5 0.016 3.729
2025-08-06 05:36:09,149 51420 DEBUG ? odoo.modules.registry: Multiprocess signaling check: [Registry - 4 -> 4] [Cache - 143 -> 143] 
2025-08-06 05:36:09,158 51420 INFO odoo_test_1 werkzeug: 10.2.0.2 - - [06/Aug/2025 05:36:09] "GET /web/assets/debug/web.assets_backend.css HTTP/1.1" 304 - 5 0.027 3.734
2025-08-06 05:36:09,163 51420 INFO odoo_test_1 werkzeug: 10.2.0.2 - - [06/Aug/2025 05:36:09] "GET /web/assets/debug/web.assets_backend_prod_only.js HTTP/1.1" 304 - 5 0.008 3.753
2025-08-06 05:36:09,166 51420 INFO odoo_test_1 werkzeug: 10.2.0.2 - - [06/Aug/2025 05:36:09] "GET /web/assets/debug/web.assets_backend.js HTTP/1.1" 304 - 5 0.012 3.756
2025-08-06 05:36:09,167 51420 WARNING ? odoo.modules.module: Missing `license` key in manifest for 'my_custom_module', defaulting to LGPL-3 
2025-08-06 05:36:09,169 51420 DEBUG ? odoo.modules.registry: Multiprocess signaling check: [Registry - 4 -> 4] [Cache - 143 -> 143] 
2025-08-06 05:36:09,181 51420 INFO odoo_test_1 werkzeug: 10.2.0.2 - - [06/Aug/2025 05:36:09] "GET /web/assets/debug/web.assets_common.css HTTP/1.1" 304 - 5 0.004 3.783
2025-08-06 05:36:09,212 51420 DEBUG ? odoo.modules.registry: Multiprocess signaling check: [Registry - 4 -> 4] [Cache - 143 -> 143] 
2025-08-06 05:36:09,220 51420 INFO odoo_test_1 werkzeug: 10.2.0.2 - - [06/Aug/2025 05:36:09] "GET /web/assets/debug/web.assets_tests.js HTTP/1.1" 304 - 5 0.003 0.008
2025-08-06 05:36:11,316 51420 DEBUG ? odoo.modules.registry: Multiprocess signaling check: [Registry - 4 -> 4] [Cache - 143 -> 143] 
2025-08-06 05:36:11,333 51420 DEBUG ? odoo.modules.registry: Multiprocess signaling check: [Registry - 4 -> 4] [Cache - 143 -> 143] 
2025-08-06 05:36:11,353 51420 INFO odoo_test_1 werkzeug: 10.2.0.2 - - [06/Aug/2025 05:36:11] "GET /bus/websocket_worker_bundle?v=1.0.5 HTTP/1.1" 304 - 7 0.010 0.013
2025-08-06 05:36:11,361 51420 INFO odoo_test_1 werkzeug: 10.2.0.2 - - [06/Aug/2025 05:36:11] "POST /web/action/load HTTP/1.1" 200 - 11 0.029 0.018
2025-08-06 05:36:11,580 51420 DEBUG ? odoo.modules.registry: Multiprocess signaling check: [Registry - 4 -> 4] [Cache - 143 -> 143] 
2025-08-06 05:36:11,694 51420 INFO odoo_test_1 werkzeug: 10.2.0.2 - - [06/Aug/2025 05:36:11] "POST /mail/init_messaging HTTP/1.1" 200 - 69 0.088 0.028
2025-08-06 05:36:11,726 51420 DEBUG ? odoo.modules.registry: Multiprocess signaling check: [Registry - 4 -> 4] [Cache - 143 -> 143] 
2025-08-06 05:36:11,729 51420 DEBUG odoo_test_1 odoo.api: call res.users().systray_get_activities() 
2025-08-06 05:36:11,730 51420 INFO ? werkzeug: 10.2.0.2 - - [06/Aug/2025 05:36:11] "GET /web/static/img/favicon.ico HTTP/1.1" 304 - 0 0.000 0.007
2025-08-06 05:36:11,757 51420 INFO odoo_test_1 werkzeug: 10.2.0.2 - - [06/Aug/2025 05:36:11] "POST /web/dataset/call_kw/res.users/systray_get_activities HTTP/1.1" 200 - 4 0.027 0.008
2025-08-06 05:36:11,771 51420 DEBUG ? odoo.modules.registry: Multiprocess signaling check: [Registry - 4 -> 4] [Cache - 143 -> 143] 
2025-08-06 05:36:11,787 51420 DEBUG ? odoo.modules.registry: Multiprocess signaling check: [Registry - 4 -> 4] [Cache - 143 -> 143] 
2025-08-06 05:36:11,794 51420 INFO odoo_test_1 werkzeug: 10.2.0.2 - - [06/Aug/2025 05:36:11] "GET /websocket HTTP/1.1" 101 - 1 0.000 0.009
2025-08-06 05:36:11,798 51420 INFO odoo_test_1 werkzeug: 10.2.0.2 - - [06/Aug/2025 05:36:11] "POST /mail/load_message_failures HTTP/1.1" 200 - 3 0.021 0.008
2025-08-06 05:36:11,807 51420 DEBUG odoo_test_1 odoo.modules.registry: Multiprocess signaling check: [Registry - 4 -> 4] [Cache - 143 -> 143] 
2025-08-06 05:36:12,105 51420 DEBUG odoo_test_1 odoo.modules.registry: Multiprocess signaling check: [Registry - 4 -> 4] [Cache - 143 -> 143] 
2025-08-06 05:36:16,892 51420 INFO ? werkzeug: 10.2.0.2 - - [06/Aug/2025 05:36:16] "GET /web/static/lib/odoo_ui_icons/fonts/odoo_ui_icons.woff2 HTTP/1.1" 304 - 0 0.000 0.003
2025-08-06 05:36:17,012 51420 DEBUG ? odoo.modules.registry: Multiprocess signaling check: [Registry - 4 -> 4] [Cache - 143 -> 143] 
2025-08-06 05:36:17,019 51420 DEBUG ? odoo.modules.registry: Multiprocess signaling check: [Registry - 4 -> 4] [Cache - 143 -> 143] 
2025-08-06 05:36:17,025 51420 DEBUG odoo_test_1 odoo.api: call res.config.settings().get_views(options={'action_id': 88, 'load_filters': False, 'toolbar': False}, views=[[False, 'form']]) 
2025-08-06 05:36:17,029 51420 DEBUG ? odoo.modules.registry: Multiprocess signaling check: [Registry - 4 -> 4] [Cache - 143 -> 143] 
2025-08-06 05:36:17,039 51420 INFO ? werkzeug: 10.2.0.2 - - [06/Aug/2025 05:36:17] "GET /mail/static/src/audio/ting.ogg HTTP/1.1" 206 - 0 0.000 0.021
2025-08-06 05:36:17,181 51420 INFO odoo_test_1 werkzeug: 10.2.0.2 - - [06/Aug/2025 05:36:17] "GET /web/image/res.company/1/favicon HTTP/1.1" 304 - 12 0.142 0.029
2025-08-06 05:36:17,193 51420 INFO odoo_test_1 werkzeug: 10.2.0.2 - - [06/Aug/2025 05:36:17] "GET /web/image?model=res.users&field=avatar_128&id=2 HTTP/1.1" 304 - 19 0.045 0.141
2025-08-06 05:36:17,193 51420 DEBUG ? odoo.modules.registry: Multiprocess signaling check: [Registry - 4 -> 4] [Cache - 143 -> 143] 
2025-08-06 05:36:17,228 51420 INFO odoo_test_1 werkzeug: 10.2.0.2 - - [06/Aug/2025 05:36:17] "GET /web/image/res.company/1/favicon HTTP/1.1" 304 - 12 0.018 0.023
2025-08-06 05:36:17,566 51420 DEBUG ? odoo.modules.registry: Multiprocess signaling check: [Registry - 4 -> 4] [Cache - 143 -> 143] 
2025-08-06 05:36:17,593 51420 INFO odoo_test_1 werkzeug: 10.2.0.2 - - [06/Aug/2025 05:36:17] "GET /web/image/res.company/1/favicon HTTP/1.1" 304 - 12 0.017 0.017
2025-08-06 05:36:17,604 51420 INFO odoo_test_1 werkzeug: 10.2.0.2 - - [06/Aug/2025 05:36:17] "POST /web/dataset/call_kw/res.config.settings/get_views HTTP/1.1" 200 - 60 0.196 0.406
2025-08-06 05:36:18,001 51420 DEBUG ? odoo.modules.registry: Multiprocess signaling check: [Registry - 4 -> 4] [Cache - 143 -> 143] 
2025-08-06 05:36:18,003 51420 DEBUG odoo_test_1 odoo.api: call res.config.settings().onchange({}, [], {'active_user_count': '', 'language_count': '', 'company_id': '1', 'company_name': '', 'company_informations': '', 'external_report_layout_id': '', 'company_count': '', 'primary_color': '', 'secondary_color': '', 'product_weight_in_lbs': '', 'product_volume_volume_in_cubic_feet': '', 'external_email_server_default': '', 'alias_domain': '', 'module_google_gmail': '1', 'google_gmail_client_identifier': '', 'google_gmail_client_secret': '', 'module_microsoft_outlook': '1', 'use_twilio_rtc_servers': '', 'twilio_account_sid': '', 'twilio_account_token': '', 'restrict_template_rendering': '', 'digest_emails': '', 'digest_id': '', 'module_partner_autocomplete': '1', 'auth_signup_uninvited': '', 'auth_signup_reset_password': '', 'user_default_rights': '', 'portal_allow_api_keys': '', 'module_base_import': '1', 'show_effect': '', 'module_mail_plugin': '1', 'module_microsoft_calendar': '1', 'module_google_calendar': '1', 'module_product_images': '1', 'module_auth_oauth': '1', 'module_auth_ldap': '1', 'module_web_unsplash': '1', 'unsplash_access_key': '', 'unsplash_app_id': '', 'module_base_geolocalize': '1', 'module_google_recaptcha': '1', 'profiling_enabled_until': '', 'commercium_domain': '', 'commercium_db': '', 'commercium_username': '', 'commercium_password': '', 'platform_connected': '', 'group_stock_tracking_lot': '', 'module_stock_picking_batch': '1', 'group_stock_picking_wave': '', 'group_warning_stock': '', 'module_quality_control': '1', 'module_quality_control_worksheet': '1', 'annual_inventory_day': '', 'annual_inventory_month': '', 'group_stock_reception_report': '', 'module_stock_barcode': '1', 'stock_move_email_validation': '', 'stock_move_sms_validation': '', 'stock_sms_confirmation_template_id': '', 'group_stock_sign_delivery': '', 'module_delivery': '1', 'module_delivery_bpost': '1', 'module_delivery_easypost': '1', 'module_delivery_sendcloud': '1', 'group_product_variant': '1', 'group_uom': '', 'group_stock_packaging': '', 'group_stock_production_lot': '1', 'group_stock_lot_print_gs1': '', 'module_product_expiry': '1', 'group_lot_on_delivery_slip': '', 'group_stock_tracking_owner': '', 'module_stock_landed_costs': '1', 'group_lot_on_invoice': '', 'group_stock_multi_locations': '1', 'group_stock_adv_location': '1', 'group_stock_storage_categories': '', 'country_code': '', 'has_chart_of_accounts': '', 'has_accounting_entries': '', 'chart_template_id': '', 'sale_tax_id': '', 'purchase_tax_id': '', 'tax_calculation_rounding_method': '', 'early_pay_discount_computation': '', 'module_account_taxcloud': '1', 'module_l10n_eu_oss': '1', 'tax_exigibility': '1', 'account_fiscal_country_id': '', 'currency_id': '', 'group_multi_currency': '', 'module_currency_rate_live': '1', 'invoice_is_print': '', 'invoice_is_email': '', 'invoice_is_snailmail': '', 'module_snailmail_account': '1', 'snailmail_color': '', 'snailmail_duplex': '', 'snailmail_cover': '', 'group_sale_delivery_address': '', 'show_line_subtotals_tax_selection': '1', 'group_show_line_subtotals_tax_excluded': '', 'group_show_line_subtotals_tax_included': '', 'group_warning_account': '', 'group_cash_rounding': '', 'module_account_intrastat': '1', 'incoterm_id': '', 'group_show_sale_receipts': '', 'use_invoice_terms': '', 'terms_type': '1', 'invoice_terms': '', 'preview_ready': '', 'account_use_credit_limit': '', 'account_default_credit_limit': '', 'module_account_payment': '1', 'module_account_batch_payment': '1', 'module_account_sepa_direct_debit': '1', 'qr_code': '', 'group_show_purchase_receipts': '', 'module_account_sepa': '1', 'module_account_invoice_extract': '1', 'module_product_margin': '1', 'account_storno': '', 'quick_edit_mode': ''}) 
2025-08-06 05:36:18,167 51420 INFO odoo_test_1 werkzeug: 10.2.0.2 - - [06/Aug/2025 05:36:18] "POST /web/dataset/call_kw/res.config.settings/onchange HTTP/1.1" 200 - 133 0.116 0.053
2025-08-06 05:36:18,577 51420 DEBUG ? odoo.modules.registry: Multiprocess signaling check: [Registry - 4 -> 4] [Cache - 143 -> 143] 
2025-08-06 05:36:18,591 51420 INFO odoo_test_1 werkzeug: 10.2.0.2 - - [06/Aug/2025 05:36:18] "POST /base_setup/demo_active HTTP/1.1" 200 - 4 0.010 0.007
2025-08-06 05:36:18,932 51420 DEBUG ? odoo.modules.registry: Multiprocess signaling check: [Registry - 4 -> 4] [Cache - 143 -> 143] 
2025-08-06 05:36:18,941 51420 INFO odoo_test_1 werkzeug: 10.2.0.2 - - [06/Aug/2025 05:36:18] "POST /base_setup/data HTTP/1.1" 200 - 6 0.007 0.004
2025-08-06 05:36:19,198 51420 DEBUG ? odoo.modules.registry: Multiprocess signaling check: [Registry - 4 -> 4] [Cache - 143 -> 143] 
2025-08-06 05:36:19,252 51420 DEBUG odoo_test_1 odoo.addons.http_routing.models.ir_http: '/null/static/description/icon.png' (lang: 'en') no lang in url and default website, continue 
2025-08-06 05:36:19,303 51420 WARNING odoo_test_1 odoo.addons.base.models.ir_qweb: Found deprecated directive @t-esc="title or 'Odoo'" in template 181. Replace by @t-out 
2025-08-06 05:36:19,305 51420 WARNING odoo_test_1 odoo.addons.base.models.ir_qweb: Found deprecated directive @t-esc='request.csrf_token(None)' in template 181. Replace by @t-out 
2025-08-06 05:36:19,305 51420 WARNING odoo_test_1 odoo.addons.base.models.ir_qweb: Found deprecated directive @t-esc='debug' in template 181. Replace by @t-out 
2025-08-06 05:36:19,890 51420 INFO odoo_test_1 odoo.addons.base.models.assetsbundle: Failed to find attachment for assets /web/assets/%-ddb6cce/web.assets_frontend.css 
2025-08-06 05:36:20,290 51420 INFO ? werkzeug: 10.2.0.2 - - [06/Aug/2025 05:36:20] "GET /web/static/lib/stacktracejs/stacktrace.js HTTP/1.1" 304 - 0 0.000 0.026
2025-08-06 05:36:27,453 51420 DEBUG ? odoo.modules.registry: Multiprocess signaling check: [Registry - 4 -> 4] [Cache - 143 -> 143] 
2025-08-06 05:36:27,497 51420 INFO odoo_test_1 odoo.addons.base.models.assetsbundle: Failed to find attachment for assets /web/assets/%-ddb6cce/web.assets_frontend.css.map 
2025-08-06 05:36:27,498 51420 INFO odoo_test_1 werkzeug: 10.2.0.2 - - [06/Aug/2025 05:36:27] "GET /web/assets/debug/web.assets_common.js HTTP/1.1" 304 - 5 0.047 0.015
2025-08-06 05:36:27,518 51420 INFO odoo_test_1 odoo.addons.base.models.assetsbundle: Deleting ir.attachment [551] (from bundle web.assets_frontend) 
2025-08-06 05:36:27,696 51420 INFO odoo_test_1 odoo.addons.base.models.assetsbundle: Deleting ir.attachment [552] (from bundle web.assets_frontend) 
2025-08-06 05:36:28,479 51420 INFO odoo_test_1 odoo.addons.base.models.assetsbundle: Failed to find attachment for assets /web/assets/%-bd02d63/web.assets_frontend_lazy.js 
2025-08-06 05:36:28,535 51420 INFO odoo_test_1 odoo.addons.base.models.assetsbundle: Failed to find attachment for assets /web/assets/%-bd02d63/web.assets_frontend_lazy.js.map 
2025-08-06 05:36:28,541 51420 INFO odoo_test_1 odoo.addons.base.models.assetsbundle: Deleting ir.attachment [555] (from bundle web.assets_frontend_lazy) 
2025-08-06 05:36:29,311 51420 INFO odoo_test_1 odoo.addons.base.models.assetsbundle: Deleting ir.attachment [556] (from bundle web.assets_frontend_lazy) 
2025-08-06 05:36:29,669 51420 WARNING odoo_test_1 odoo.addons.base.models.ir_qweb: Found deprecated directive @t-esc="user_id.name[:23] + '...' if user_id.name and len(user_id.name) > 25 else user_id.name" in template 450. Replace by @t-out 
2025-08-06 05:36:29,703 51420 WARNING odoo_test_1 odoo.addons.base.models.ir_qweb: Found deprecated directive @t-esc="active_lang[2].split('/').pop()" in template 449. Replace by @t-out 
2025-08-06 05:36:29,707 51420 WARNING odoo_test_1 odoo.addons.base.models.ir_qweb: Found deprecated directive @t-esc="lg[2].split('/').pop()" in template 449. Replace by @t-out 
2025-08-06 05:36:29,763 51420 INFO odoo_test_1 werkzeug: 10.2.0.2 - - [06/Aug/2025 05:36:29] "GET /null/static/description/icon.png HTTP/1.1" 404 - 173 0.286 10.283
2025-08-06 05:36:34,392 51420 DEBUG ? odoo.service.server: cron0 polling for jobs 
2025-08-06 05:36:36,243 51420 DEBUG ? odoo.service.server: cron1 polling for jobs 
2025-08-06 05:37:13,112 51420 DEBUG odoo_test_1 odoo.modules.registry: Multiprocess signaling check: [Registry - 4 -> 4] [Cache - 143 -> 143] 
2025-08-06 05:37:34,408 51420 DEBUG ? odoo.service.server: cron0 polling for jobs 
2025-08-06 05:37:37,266 51420 DEBUG ? odoo.service.server: cron1 polling for jobs 
2025-08-06 05:38:14,099 51420 DEBUG odoo_test_1 odoo.modules.registry: Multiprocess signaling check: [Registry - 4 -> 4] [Cache - 143 -> 143] 
2025-08-06 05:38:34,412 51420 DEBUG ? odoo.service.server: cron0 polling for jobs 
2025-08-06 05:38:38,284 51420 DEBUG ? odoo.service.server: cron1 polling for jobs 
2025-08-06 05:39:15,085 51420 DEBUG odoo_test_1 odoo.modules.registry: Multiprocess signaling check: [Registry - 4 -> 4] [Cache - 143 -> 143] 
2025-08-06 05:39:34,429 51420 DEBUG ? odoo.service.server: cron0 polling for jobs 
2025-08-06 05:39:39,303 51420 DEBUG ? odoo.service.server: cron1 polling for jobs 
2025-08-06 05:40:16,082 51420 DEBUG odoo_test_1 odoo.modules.registry: Multiprocess signaling check: [Registry - 4 -> 4] [Cache - 143 -> 143] 
2025-08-06 05:40:34,436 51420 DEBUG ? odoo.service.server: cron0 polling for jobs 
2025-08-06 05:40:40,321 51420 DEBUG ? odoo.service.server: cron1 polling for jobs 
2025-08-06 05:40:49,618 51420 INFO ? odoo.service.server: Initiating shutdown 
2025-08-06 05:40:49,618 51420 INFO ? odoo.service.server: Hit CTRL-C again or send a second signal to force the shutdown. 
2025-08-06 05:40:50,108 51420 DEBUG ? odoo.service.server: on_close call <bound method Event.set of <threading.Event at 0x2f3df849d00: unset>> 
2025-08-06 05:40:50,110 51420 DEBUG ? odoo.service.server: on_close call <function _kick_all at 0x000002F3DF872520> 
2025-08-06 05:40:50,110 51420 DEBUG ? odoo.service.server: current thread: <_MainThread(MainThread, started 82108)> 
2025-08-06 05:40:50,111 51420 DEBUG ? odoo.service.server: process <_MainThread(MainThread, started 82108)> (False) 
2025-08-06 05:40:50,111 51420 DEBUG ? odoo.service.server: process <Thread(odoo.service.cron.cron0, started daemon 47744)> (True) 
2025-08-06 05:40:50,111 51420 DEBUG ? odoo.service.server: process <Thread(odoo.service.cron.cron1, started daemon 82296)> (True) 
2025-08-06 05:40:50,112 51420 DEBUG ? odoo.service.server: process <ImDispatch(odoo.addons.bus.models.bus.Bus, started daemon 82540)> (True) 
2025-08-06 05:40:50,112 51420 DEBUG ? odoo.service.server: process <Thread(odoo.service.http.request.47160, stopped 47160)> (False) 
2025-08-06 05:40:50,123 51420 INFO ? odoo.sql_db: ConnectionPool(used=0/count=0/max=64): Closed 6 connections  
2025-08-06 05:40:50,123 51420 DEBUG ? odoo.service.server: -- 
2025-08-06 05:41:08,828 81880 DEBUG ? odoo.netsvc: logger level set: "odoo.http.rpc.request:INFO" 
2025-08-06 05:41:08,829 81880 DEBUG ? odoo.netsvc: logger level set: "odoo.http.rpc.response:INFO" 
2025-08-06 05:41:08,829 81880 DEBUG ? odoo.netsvc: logger level set: ":INFO" 
2025-08-06 05:41:08,829 81880 DEBUG ? odoo.netsvc: logger level set: "odoo:DEBUG" 
2025-08-06 05:41:08,829 81880 DEBUG ? odoo.netsvc: logger level set: "odoo.sql_db:INFO" 
2025-08-06 05:41:08,829 81880 DEBUG ? odoo.netsvc: logger level set: ":INFO" 
2025-08-06 05:41:08,830 81880 INFO ? odoo: Odoo version 16.0 
2025-08-06 05:41:08,830 81880 INFO ? odoo: Using configuration file at C:\working\python\django\odoo\odoo.conf 
2025-08-06 05:41:08,830 81880 INFO ? odoo: addons paths: ['C:\\working\\python\\django\\odoo\\odoo\\addons', 'c:\\users\\rupesh\\appdata\\local\\openerp s.a\\odoo\\addons\\16.0', 'c:\\working\\python\\django\\odoo\\odoo\\addons', 'c:\\working\\python\\django\\odoo\\addons', 'c:\\working\\python\\django\\odoo\\custom-addons'] 
2025-08-06 05:41:08,831 81880 INFO ? odoo: database: odoo_user@localhost:5432 
2025-08-06 05:41:09,172 81880 INFO ? odoo.addons.base.models.ir_actions_report: You need Wkhtmltopdf to print a pdf version of the reports. 
2025-08-06 05:41:09,670 81880 WARNING ? odoo.service.server: 'watchdog' module not installed. Code autoreload feature is disabled 
2025-08-06 05:41:09,670 81880 DEBUG ? odoo.service.server: Setting signal handlers 
2025-08-06 05:41:09,674 81880 DEBUG ? odoo.service.server: cron0 started! 
2025-08-06 05:41:09,676 81880 DEBUG ? odoo.service.server: cron1 started! 
2025-08-06 05:41:09,687 81880 INFO ? odoo.service.server: HTTP service (werkzeug) running on DESKTOP-84A4AEN:8069 
2025-08-06 05:41:13,212 81880 DEBUG ? odoo.http: HTTP sessions stored in: c:\users\rupesh\appdata\local\openerp s.a\odoo\sessions 
2025-08-06 05:41:13,325 81880 DEBUG ? odoo.modules.registry: Multiprocess load registry signaling: [Registry: 4] [Cache: 143] 
2025-08-06 05:41:13,333 81880 INFO ? odoo.modules.loading: loading 1 modules... 
2025-08-06 05:41:13,333 81880 DEBUG ? odoo.modules.loading: Loading module base (1/1) 
2025-08-06 05:41:13,344 81880 DEBUG ? odoo.modules.loading: Module base loaded in 0.01s, 0 queries 
2025-08-06 05:41:13,345 81880 INFO ? odoo.modules.loading: 1 modules loaded in 0.01s, 0 queries (+0 extra) 
2025-08-06 05:41:13,360 81880 WARNING ? odoo.modules.module: Missing `license` key in manifest for 'commercium_connector', defaulting to LGPL-3 
2025-08-06 05:41:13,448 81880 DEBUG ? odoo.modules.loading: Updating graph with 48 more modules 
2025-08-06 05:41:13,448 81880 INFO ? odoo.modules.loading: loading 49 modules... 
2025-08-06 05:41:13,448 81880 DEBUG ? odoo.modules.loading: Loading module uom (2/49) 
2025-08-06 05:41:13,454 81880 DEBUG ? odoo.modules.loading: Module uom loaded in 0.01s, 0 queries 
2025-08-06 05:41:13,455 81880 DEBUG ? odoo.modules.loading: Loading module web (3/49) 
2025-08-06 05:41:13,457 81880 DEBUG ? odoo.modules.loading: Module web loaded in 0.00s, 0 queries 
2025-08-06 05:41:13,457 81880 DEBUG ? odoo.modules.loading: Loading module auth_totp (4/49) 
2025-08-06 05:41:13,494 81880 DEBUG ? odoo.modules.loading: Module auth_totp loaded in 0.04s, 0 queries 
2025-08-06 05:41:13,494 81880 DEBUG ? odoo.modules.loading: Loading module barcodes (5/49) 
2025-08-06 05:41:13,508 81880 DEBUG ? odoo.modules.loading: Module barcodes loaded in 0.01s, 0 queries 
2025-08-06 05:41:13,508 81880 DEBUG ? odoo.modules.loading: Loading module base_import (6/49) 
2025-08-06 05:41:14,166 81880 DEBUG ? odoo.modules.loading: Module base_import loaded in 0.66s, 0 queries 
2025-08-06 05:41:14,166 81880 DEBUG ? odoo.modules.loading: Loading module base_setup (7/49) 
2025-08-06 05:41:14,179 81880 DEBUG ? odoo.modules.loading: Module base_setup loaded in 0.01s, 0 queries 
2025-08-06 05:41:14,179 81880 DEBUG ? odoo.modules.loading: Loading module bus (8/49) 
2025-08-06 05:41:14,211 81880 DEBUG ? odoo.modules.loading: Module bus loaded in 0.03s, 0 queries 
2025-08-06 05:41:14,211 81880 DEBUG ? odoo.modules.loading: Loading module commercium_connector (9/49) 
2025-08-06 05:41:14,222 81880 DEBUG ? odoo.modules.loading: Module commercium_connector loaded in 0.01s, 0 queries 
2025-08-06 05:41:14,222 81880 DEBUG ? odoo.modules.loading: Loading module http_routing (10/49) 
2025-08-06 05:41:14,234 81880 DEBUG ? odoo.modules.loading: Module http_routing loaded in 0.01s, 0 queries 
2025-08-06 05:41:14,234 81880 DEBUG ? odoo.modules.loading: Loading module resource (11/49) 
2025-08-06 05:41:14,253 81880 DEBUG ? odoo.modules.loading: Module resource loaded in 0.02s, 0 queries 
2025-08-06 05:41:14,253 81880 DEBUG ? odoo.modules.loading: Loading module utm (12/49) 
2025-08-06 05:41:14,271 81880 DEBUG ? odoo.modules.loading: Module utm loaded in 0.02s, 0 queries 
2025-08-06 05:41:14,271 81880 DEBUG ? odoo.modules.loading: Loading module web_kanban_gauge (13/49) 
2025-08-06 05:41:14,274 81880 DEBUG ? odoo.modules.loading: Module web_kanban_gauge loaded in 0.00s, 0 queries 
2025-08-06 05:41:14,274 81880 DEBUG ? odoo.modules.loading: Loading module web_tour (14/49) 
2025-08-06 05:41:14,282 81880 DEBUG ? odoo.modules.loading: Module web_tour loaded in 0.01s, 0 queries 
2025-08-06 05:41:14,282 81880 DEBUG ? odoo.modules.loading: Loading module barcodes_gs1_nomenclature (15/49) 
2025-08-06 05:41:14,292 81880 DEBUG ? odoo.modules.loading: Module barcodes_gs1_nomenclature loaded in 0.01s, 0 queries 
2025-08-06 05:41:14,293 81880 DEBUG ? odoo.modules.loading: Loading module iap (16/49) 
2025-08-06 05:41:14,309 81880 DEBUG ? odoo.modules.loading: Module iap loaded in 0.02s, 0 queries 
2025-08-06 05:41:14,309 81880 DEBUG ? odoo.modules.loading: Loading module mail (17/49) 
2025-08-06 05:41:14,502 81880 DEBUG ? odoo.modules.loading: Module mail loaded in 0.19s, 0 queries 
2025-08-06 05:41:14,503 81880 DEBUG ? odoo.modules.loading: Loading module spreadsheet (18/49) 
2025-08-06 05:41:14,511 81880 DEBUG ? odoo.modules.loading: Module spreadsheet loaded in 0.01s, 0 queries 
2025-08-06 05:41:14,511 81880 DEBUG ? odoo.modules.loading: Loading module web_editor (19/49) 
2025-08-06 05:41:14,561 81880 DEBUG ? odoo.modules.loading: Module web_editor loaded in 0.05s, 0 queries 
2025-08-06 05:41:14,561 81880 DEBUG ? odoo.modules.loading: Loading module analytic (20/49) 
2025-08-06 05:41:14,581 81880 DEBUG ? odoo.modules.loading: Module analytic loaded in 0.02s, 0 queries 
2025-08-06 05:41:14,581 81880 DEBUG ? odoo.modules.loading: Loading module auth_signup (21/49) 
2025-08-06 05:41:14,607 81880 DEBUG ? odoo.modules.loading: Module auth_signup loaded in 0.03s, 0 queries 
2025-08-06 05:41:14,608 81880 DEBUG ? odoo.modules.loading: Loading module auth_totp_mail (22/49) 
2025-08-06 05:41:14,617 81880 DEBUG ? odoo.modules.loading: Module auth_totp_mail loaded in 0.01s, 0 queries 
2025-08-06 05:41:14,617 81880 DEBUG ? odoo.modules.loading: Loading module base_install_request (23/49) 
2025-08-06 05:41:14,630 81880 DEBUG ? odoo.modules.loading: Module base_install_request loaded in 0.01s, 0 queries 
2025-08-06 05:41:14,631 81880 DEBUG ? odoo.modules.loading: Loading module google_gmail (24/49) 
2025-08-06 05:41:14,650 81880 DEBUG ? odoo.modules.loading: Module google_gmail loaded in 0.02s, 0 queries 
2025-08-06 05:41:14,650 81880 DEBUG ? odoo.modules.loading: Loading module iap_mail (25/49) 
2025-08-06 05:41:14,659 81880 DEBUG ? odoo.modules.loading: Module iap_mail loaded in 0.01s, 0 queries 
2025-08-06 05:41:14,659 81880 DEBUG ? odoo.modules.loading: Loading module mail_bot (26/49) 
2025-08-06 05:41:14,680 81880 DEBUG ? odoo.modules.loading: Module mail_bot loaded in 0.02s, 0 queries 
2025-08-06 05:41:14,680 81880 DEBUG ? odoo.modules.loading: Loading module phone_validation (27/49) 
2025-08-06 05:41:14,885 81880 DEBUG ? odoo.modules.loading: Module phone_validation loaded in 0.21s, 0 queries 
2025-08-06 05:41:14,885 81880 DEBUG ? odoo.modules.loading: Loading module privacy_lookup (28/49) 
2025-08-06 05:41:14,898 81880 DEBUG ? odoo.modules.loading: Module privacy_lookup loaded in 0.01s, 0 queries 
2025-08-06 05:41:14,898 81880 DEBUG ? odoo.modules.loading: Loading module product (29/49) 
2025-08-06 05:41:15,511 81880 DEBUG ? odoo.modules.loading: Module product loaded in 0.61s, 0 queries 
2025-08-06 05:41:15,511 81880 DEBUG ? odoo.modules.loading: Loading module sales_team (30/49) 
2025-08-06 05:41:15,544 81880 DEBUG ? odoo.modules.loading: Module sales_team loaded in 0.03s, 0 queries 
2025-08-06 05:41:15,545 81880 DEBUG ? odoo.modules.loading: Loading module spreadsheet_dashboard (31/49) 
2025-08-06 05:41:15,584 81880 DEBUG ? odoo.modules.loading: Module spreadsheet_dashboard loaded in 0.04s, 0 queries 
2025-08-06 05:41:15,585 81880 DEBUG ? odoo.modules.loading: Loading module web_unsplash (32/49) 
2025-08-06 05:41:15,609 81880 DEBUG ? odoo.modules.loading: Module web_unsplash loaded in 0.02s, 0 queries 
2025-08-06 05:41:15,609 81880 DEBUG ? odoo.modules.loading: Loading module partner_autocomplete (33/49) 
2025-08-06 05:41:15,773 81880 DEBUG ? odoo.modules.loading: Module partner_autocomplete loaded in 0.16s, 0 queries 
2025-08-06 05:41:15,773 81880 DEBUG ? odoo.modules.loading: Loading module portal (34/49) 
2025-08-06 05:41:15,974 81880 DEBUG ? odoo.modules.loading: Module portal loaded in 0.20s, 0 queries 
2025-08-06 05:41:15,975 81880 DEBUG ? odoo.modules.loading: Loading module sms (35/49) 
2025-08-06 05:41:16,062 81880 DEBUG ? odoo.modules.loading: Module sms loaded in 0.09s, 0 queries 
2025-08-06 05:41:16,062 81880 DEBUG ? odoo.modules.loading: Loading module snailmail (36/49) 
2025-08-06 05:41:16,240 81880 DEBUG ? odoo.modules.loading: Module snailmail loaded in 0.18s, 0 queries 
2025-08-06 05:41:16,241 81880 DEBUG ? odoo.modules.loading: Loading module auth_totp_portal (37/49) 
2025-08-06 05:41:16,258 81880 DEBUG ? odoo.modules.loading: Module auth_totp_portal loaded in 0.02s, 0 queries 
2025-08-06 05:41:16,258 81880 DEBUG ? odoo.modules.loading: Loading module digest (38/49) 
2025-08-06 05:41:16,290 81880 DEBUG ? odoo.modules.loading: Module digest loaded in 0.03s, 0 queries 
2025-08-06 05:41:16,291 81880 DEBUG ? odoo.modules.loading: Loading module payment (39/49) 
2025-08-06 05:41:16,341 81880 DEBUG ? odoo.modules.loading: Module payment loaded in 0.05s, 0 queries 
2025-08-06 05:41:16,341 81880 DEBUG ? odoo.modules.loading: Loading module account (40/49) 
2025-08-06 05:41:16,769 81880 DEBUG ? odoo.modules.loading: Module account loaded in 0.43s, 0 queries 
2025-08-06 05:41:16,770 81880 DEBUG ? odoo.modules.loading: Loading module stock (41/49) 
2025-08-06 05:41:16,782 81880 DEBUG ? odoo.modules.loading: Module stock loaded in 0.01s, 0 queries 
2025-08-06 05:41:16,782 81880 DEBUG ? odoo.modules.loading: Loading module account_edi (42/49) 
2025-08-06 05:41:16,825 81880 DEBUG ? odoo.modules.loading: Module account_edi loaded in 0.04s, 0 queries 
2025-08-06 05:41:16,825 81880 DEBUG ? odoo.modules.loading: Loading module account_payment (43/49) 
2025-08-06 05:41:16,869 81880 DEBUG ? odoo.modules.loading: Module account_payment loaded in 0.04s, 0 queries 
2025-08-06 05:41:16,870 81880 DEBUG ? odoo.modules.loading: Loading module account_sequence (44/49) 
2025-08-06 05:41:16,880 81880 DEBUG ? odoo.modules.loading: Module account_sequence loaded in 0.01s, 0 queries 
2025-08-06 05:41:16,880 81880 DEBUG ? odoo.modules.loading: Loading module snailmail_account (45/49) 
2025-08-06 05:41:16,903 81880 DEBUG ? odoo.modules.loading: Module snailmail_account loaded in 0.02s, 0 queries 
2025-08-06 05:41:16,903 81880 DEBUG ? odoo.modules.loading: Loading module spreadsheet_account (46/49) 
2025-08-06 05:41:16,914 81880 DEBUG ? odoo.modules.loading: Module spreadsheet_account loaded in 0.01s, 0 queries 
2025-08-06 05:41:16,914 81880 DEBUG ? odoo.modules.loading: Loading module spreadsheet_dashboard_account (47/49) 
2025-08-06 05:41:16,918 81880 DEBUG ? odoo.modules.loading: Module spreadsheet_dashboard_account loaded in 0.00s, 0 queries 
2025-08-06 05:41:16,918 81880 DEBUG ? odoo.modules.loading: Loading module stock_account (48/49) 
2025-08-06 05:41:16,970 81880 DEBUG ? odoo.modules.loading: Module stock_account loaded in 0.05s, 0 queries 
2025-08-06 05:41:16,970 81880 DEBUG ? odoo.modules.loading: Loading module stock_sms (49/49) 
2025-08-06 05:41:16,989 81880 DEBUG ? odoo.modules.loading: Module stock_sms loaded in 0.02s, 0 queries 
2025-08-06 05:41:16,989 81880 INFO ? odoo.modules.loading: 49 modules loaded in 3.54s, 0 queries (+0 extra) 
2025-08-06 05:41:17,315 81880 INFO ? odoo.modules.loading: Modules loaded. 
2025-08-06 05:41:17,326 81880 INFO ? odoo.modules.registry: Registry loaded in 4.112s 
2025-08-06 05:41:17,327 81880 DEBUG ? odoo.modules.registry: Multiprocess signaling check: [Registry - 4 -> 4] [Cache - 143 -> 143] 
2025-08-06 05:41:17,327 81880 INFO odoo_test_1 odoo.addons.base.models.ir_http: Generating routing map for key None 
2025-08-06 05:41:18,222 81880 INFO odoo_test_1 werkzeug: 10.2.0.2 - - [06/Aug/2025 05:41:18] "GET /websocket HTTP/1.1" 101 - 27 0.083 4.928
2025-08-06 05:41:18,230 81880 DEBUG odoo_test_1 odoo.modules.registry: Multiprocess signaling check: [Registry - 4 -> 4] [Cache - 143 -> 143] 
2025-08-06 05:41:18,250 81880 INFO ? odoo.addons.bus.models.bus: Bus.loop listen imbus on db postgres 
2025-08-06 05:41:18,359 81880 DEBUG odoo_test_1 odoo.modules.registry: Multiprocess signaling check: [Registry - 4 -> 4] [Cache - 143 -> 143] 
2025-08-06 05:41:19,560 81880 DEBUG ? odoo.modules.registry: Multiprocess signaling check: [Registry - 4 -> 4] [Cache - 143 -> 143] 
2025-08-06 05:41:19,858 81880 WARNING odoo_test_1 odoo.modules.module: Missing `license` key in manifest for 'commercium_connector', defaulting to LGPL-3 
2025-08-06 05:41:20,891 81880 DEBUG odoo_test_1 odoo.modules.module: module https:: no manifest file found ('__manifest__.py', '__openerp__.py') 
2025-08-06 05:41:22,014 81880 WARNING odoo_test_1 odoo.addons.base.models.ir_qweb: Found deprecated directive @t-esc="title or 'Odoo'" in template 180. Replace by @t-out 
2025-08-06 05:41:22,016 81880 WARNING odoo_test_1 odoo.addons.base.models.ir_qweb: Found deprecated directive @t-esc='request.csrf_token(None)' in template 180. Replace by @t-out 
2025-08-06 05:41:22,016 81880 WARNING odoo_test_1 odoo.addons.base.models.ir_qweb: Found deprecated directive @t-esc='debug' in template 180. Replace by @t-out 
2025-08-06 05:41:22,029 81880 INFO odoo_test_1 werkzeug: 10.2.0.2 - - [06/Aug/2025 05:41:22] "GET /web HTTP/1.1" 200 - 101 0.109 2.362
2025-08-06 05:41:22,157 81880 DEBUG ? odoo.modules.module: module __init__.py: no manifest file found ('__manifest__.py', '__openerp__.py') 
2025-08-06 05:41:22,158 81880 DEBUG ? odoo.modules.module: module __init__.py: no manifest file found ('__manifest__.py', '__openerp__.py') 
2025-08-06 05:41:22,159 81880 DEBUG ? odoo.modules.module: module __pycache__: no manifest file found ('__manifest__.py', '__openerp__.py') 
2025-08-06 05:41:22,159 81880 DEBUG ? odoo.modules.module: module __pycache__: no manifest file found ('__manifest__.py', '__openerp__.py') 
2025-08-06 05:41:25,632 81880 WARNING ? odoo.modules.module: Missing `license` key in manifest for 'my_custom_module', defaulting to LGPL-3 
2025-08-06 05:41:25,635 81880 DEBUG ? odoo.modules.registry: Multiprocess signaling check: [Registry - 4 -> 4] [Cache - 143 -> 143] 
2025-08-06 05:41:25,645 81880 WARNING ? odoo.modules.module: Missing `license` key in manifest for 'my_custom_module', defaulting to LGPL-3 
2025-08-06 05:41:25,649 81880 WARNING ? odoo.modules.module: Missing `license` key in manifest for 'my_custom_module', defaulting to LGPL-3 
2025-08-06 05:41:25,651 81880 WARNING ? odoo.modules.module: Missing `license` key in manifest for 'my_custom_module', defaulting to LGPL-3 
2025-08-06 05:41:25,774 81880 INFO odoo_test_1 werkzeug: 10.2.0.2 - - [06/Aug/2025 05:41:25] "GET /web/assets/debug/web.assets_backend.js HTTP/1.1" 304 - 5 0.005 3.363
2025-08-06 05:41:25,775 81880 DEBUG ? odoo.modules.registry: Multiprocess signaling check: [Registry - 4 -> 4] [Cache - 143 -> 143] 
2025-08-06 05:41:25,777 81880 DEBUG ? odoo.modules.registry: Multiprocess signaling check: [Registry - 4 -> 4] [Cache - 143 -> 143] 
2025-08-06 05:41:25,860 81880 DEBUG ? odoo.modules.registry: Multiprocess signaling check: [Registry - 4 -> 4] [Cache - 143 -> 143] 
2025-08-06 05:41:25,946 81880 DEBUG ? odoo.modules.registry: Multiprocess signaling check: [Registry - 4 -> 4] [Cache - 143 -> 143] 
2025-08-06 05:41:25,959 81880 INFO odoo_test_1 werkzeug: 10.2.0.2 - - [06/Aug/2025 05:41:25] "GET /web/assets/debug/web.assets_common.js HTTP/1.1" 304 - 5 0.011 3.543
2025-08-06 05:41:25,971 81880 INFO odoo_test_1 werkzeug: 10.2.0.2 - - [06/Aug/2025 05:41:25] "GET /web/assets/debug/web.assets_backend_prod_only.js HTTP/1.1" 304 - 5 0.022 3.541
2025-08-06 05:41:25,974 81880 INFO odoo_test_1 werkzeug: 10.2.0.2 - - [06/Aug/2025 05:41:25] "GET /web/assets/debug/web.assets_common.css HTTP/1.1" 304 - 5 0.022 3.882
2025-08-06 05:41:25,982 81880 INFO odoo_test_1 werkzeug: 10.2.0.2 - - [06/Aug/2025 05:41:25] "GET /web/assets/debug/web.assets_backend.css HTTP/1.1" 304 - 5 0.017 3.873
2025-08-06 05:41:26,334 81880 DEBUG ? odoo.modules.registry: Multiprocess signaling check: [Registry - 4 -> 4] [Cache - 143 -> 143] 
2025-08-06 05:41:26,342 81880 INFO odoo_test_1 werkzeug: 10.2.0.2 - - [06/Aug/2025 05:41:26] "GET /web/assets/debug/web.assets_tests.js HTTP/1.1" 304 - 5 0.003 0.007
2025-08-06 05:41:28,608 81880 DEBUG ? odoo.modules.registry: Multiprocess signaling check: [Registry - 4 -> 4] [Cache - 143 -> 143] 
2025-08-06 05:41:28,703 81880 INFO odoo_test_1 werkzeug: 10.2.0.2 - - [06/Aug/2025 05:41:28] "POST /web/action/load HTTP/1.1" 200 - 11 0.075 0.026
2025-08-06 05:41:29,623 81880 DEBUG ? odoo.modules.registry: Multiprocess signaling check: [Registry - 4 -> 4] [Cache - 143 -> 143] 
2025-08-06 05:41:29,673 81880 INFO odoo_test_1 werkzeug: 10.2.0.2 - - [06/Aug/2025 05:41:29] "GET /bus/websocket_worker_bundle?v=1.0.5 HTTP/1.1" 304 - 7 0.035 0.020
2025-08-06 05:41:30,121 81880 DEBUG ? odoo.modules.registry: Multiprocess signaling check: [Registry - 4 -> 4] [Cache - 143 -> 143] 
2025-08-06 05:41:30,329 81880 INFO odoo_test_1 werkzeug: 10.2.0.2 - - [06/Aug/2025 05:41:30] "POST /mail/init_messaging HTTP/1.1" 200 - 69 0.154 0.056
2025-08-06 05:41:30,444 81880 DEBUG ? odoo.modules.registry: Multiprocess signaling check: [Registry - 4 -> 4] [Cache - 143 -> 143] 
2025-08-06 05:41:30,447 81880 DEBUG odoo_test_1 odoo.api: call res.users().systray_get_activities() 
2025-08-06 05:41:30,459 81880 INFO odoo_test_1 werkzeug: 10.2.0.2 - - [06/Aug/2025 05:41:30] "POST /web/dataset/call_kw/res.users/systray_get_activities HTTP/1.1" 200 - 4 0.010 0.008
2025-08-06 05:41:30,510 81880 DEBUG ? odoo.modules.registry: Multiprocess signaling check: [Registry - 4 -> 4] [Cache - 143 -> 143] 
2025-08-06 05:41:30,513 81880 INFO ? werkzeug: 10.2.0.2 - - [06/Aug/2025 05:41:30] "GET /web/static/img/favicon.ico HTTP/1.1" 304 - 0 0.000 0.007
2025-08-06 05:41:30,517 81880 INFO odoo_test_1 werkzeug: 10.2.0.2 - - [06/Aug/2025 05:41:30] "GET /websocket HTTP/1.1" 101 - 1 0.001 0.009
2025-08-06 05:41:30,542 81880 DEBUG odoo_test_1 odoo.modules.registry: Multiprocess signaling check: [Registry - 4 -> 4] [Cache - 143 -> 143] 
2025-08-06 05:41:30,681 81880 DEBUG ? odoo.modules.registry: Multiprocess signaling check: [Registry - 4 -> 4] [Cache - 143 -> 143] 
2025-08-06 05:41:30,705 81880 INFO odoo_test_1 werkzeug: 10.2.0.2 - - [06/Aug/2025 05:41:30] "POST /mail/load_message_failures HTTP/1.1" 200 - 3 0.020 0.006
2025-08-06 05:41:31,112 81880 DEBUG odoo_test_1 odoo.modules.registry: Multiprocess signaling check: [Registry - 4 -> 4] [Cache - 143 -> 143] 
2025-08-06 05:41:35,748 81880 INFO ? werkzeug: 10.2.0.2 - - [06/Aug/2025 05:41:35] "GET /web/static/lib/odoo_ui_icons/fonts/odoo_ui_icons.woff2 HTTP/1.1" 304 - 0 0.000 0.004
2025-08-06 05:41:35,763 81880 DEBUG ? odoo.modules.registry: Multiprocess signaling check: [Registry - 4 -> 4] [Cache - 143 -> 143] 
2025-08-06 05:41:35,765 81880 DEBUG odoo_test_1 odoo.api: call res.config.settings().get_views(options={'action_id': 88, 'load_filters': False, 'toolbar': False}, views=[[False, 'form']]) 
2025-08-06 05:41:35,849 81880 DEBUG ? odoo.modules.registry: Multiprocess signaling check: [Registry - 4 -> 4] [Cache - 143 -> 143] 
2025-08-06 05:41:35,853 81880 DEBUG ? odoo.modules.registry: Multiprocess signaling check: [Registry - 4 -> 4] [Cache - 143 -> 143] 
2025-08-06 05:41:35,871 81880 INFO ? werkzeug: 10.2.0.2 - - [06/Aug/2025 05:41:35] "GET /mail/static/src/audio/ting.ogg HTTP/1.1" 206 - 0 0.000 0.021
2025-08-06 05:41:35,893 81880 INFO odoo_test_1 werkzeug: 10.2.0.2 - - [06/Aug/2025 05:41:35] "GET /web/image/res.company/1/favicon HTTP/1.1" 304 - 12 0.027 0.021
2025-08-06 05:41:35,921 81880 INFO odoo_test_1 werkzeug: 10.2.0.2 - - [06/Aug/2025 05:41:35] "GET /web/image?model=res.users&field=avatar_128&id=2 HTTP/1.1" 304 - 19 0.045 0.028
2025-08-06 05:41:36,018 81880 DEBUG ? odoo.modules.registry: Multiprocess signaling check: [Registry - 4 -> 4] [Cache - 143 -> 143] 
2025-08-06 05:41:36,060 81880 INFO odoo_test_1 werkzeug: 10.2.0.2 - - [06/Aug/2025 05:41:36] "GET /web/image/res.company/1/favicon HTTP/1.1" 304 - 12 0.025 0.021
2025-08-06 05:41:36,235 81880 DEBUG ? odoo.modules.registry: Multiprocess signaling check: [Registry - 4 -> 4] [Cache - 143 -> 143] 
2025-08-06 05:41:36,283 81880 INFO odoo_test_1 werkzeug: 10.2.0.2 - - [06/Aug/2025 05:41:36] "GET /web/image/res.company/1/favicon HTTP/1.1" 304 - 12 0.035 0.016
2025-08-06 05:41:36,438 81880 INFO odoo_test_1 werkzeug: 10.2.0.2 - - [06/Aug/2025 05:41:36] "POST /web/dataset/call_kw/res.config.settings/get_views HTTP/1.1" 200 - 60 0.073 0.605
2025-08-06 05:41:36,555 81880 DEBUG ? odoo.modules.registry: Multiprocess signaling check: [Registry - 4 -> 4] [Cache - 143 -> 143] 
2025-08-06 05:41:36,558 81880 DEBUG odoo_test_1 odoo.api: call res.config.settings().onchange({}, [], {'active_user_count': '', 'language_count': '', 'company_id': '1', 'company_name': '', 'company_informations': '', 'external_report_layout_id': '', 'company_count': '', 'primary_color': '', 'secondary_color': '', 'product_weight_in_lbs': '', 'product_volume_volume_in_cubic_feet': '', 'external_email_server_default': '', 'alias_domain': '', 'module_google_gmail': '1', 'google_gmail_client_identifier': '', 'google_gmail_client_secret': '', 'module_microsoft_outlook': '1', 'use_twilio_rtc_servers': '', 'twilio_account_sid': '', 'twilio_account_token': '', 'restrict_template_rendering': '', 'digest_emails': '', 'digest_id': '', 'module_partner_autocomplete': '1', 'auth_signup_uninvited': '', 'auth_signup_reset_password': '', 'user_default_rights': '', 'portal_allow_api_keys': '', 'module_base_import': '1', 'show_effect': '', 'module_mail_plugin': '1', 'module_microsoft_calendar': '1', 'module_google_calendar': '1', 'module_product_images': '1', 'module_auth_oauth': '1', 'module_auth_ldap': '1', 'module_web_unsplash': '1', 'unsplash_access_key': '', 'unsplash_app_id': '', 'module_base_geolocalize': '1', 'module_google_recaptcha': '1', 'profiling_enabled_until': '', 'commercium_domain': '', 'commercium_db': '', 'commercium_username': '', 'commercium_password': '', 'platform_connected': '', 'group_stock_tracking_lot': '', 'module_stock_picking_batch': '1', 'group_stock_picking_wave': '', 'group_warning_stock': '', 'module_quality_control': '1', 'module_quality_control_worksheet': '1', 'annual_inventory_day': '', 'annual_inventory_month': '', 'group_stock_reception_report': '', 'module_stock_barcode': '1', 'stock_move_email_validation': '', 'stock_move_sms_validation': '', 'stock_sms_confirmation_template_id': '', 'group_stock_sign_delivery': '', 'module_delivery': '1', 'module_delivery_bpost': '1', 'module_delivery_easypost': '1', 'module_delivery_sendcloud': '1', 'group_product_variant': '1', 'group_uom': '', 'group_stock_packaging': '', 'group_stock_production_lot': '1', 'group_stock_lot_print_gs1': '', 'module_product_expiry': '1', 'group_lot_on_delivery_slip': '', 'group_stock_tracking_owner': '', 'module_stock_landed_costs': '1', 'group_lot_on_invoice': '', 'group_stock_multi_locations': '1', 'group_stock_adv_location': '1', 'group_stock_storage_categories': '', 'country_code': '', 'has_chart_of_accounts': '', 'has_accounting_entries': '', 'chart_template_id': '', 'sale_tax_id': '', 'purchase_tax_id': '', 'tax_calculation_rounding_method': '', 'early_pay_discount_computation': '', 'module_account_taxcloud': '1', 'module_l10n_eu_oss': '1', 'tax_exigibility': '1', 'account_fiscal_country_id': '', 'currency_id': '', 'group_multi_currency': '', 'module_currency_rate_live': '1', 'invoice_is_print': '', 'invoice_is_email': '', 'invoice_is_snailmail': '', 'module_snailmail_account': '1', 'snailmail_color': '', 'snailmail_duplex': '', 'snailmail_cover': '', 'group_sale_delivery_address': '', 'show_line_subtotals_tax_selection': '1', 'group_show_line_subtotals_tax_excluded': '', 'group_show_line_subtotals_tax_included': '', 'group_warning_account': '', 'group_cash_rounding': '', 'module_account_intrastat': '1', 'incoterm_id': '', 'group_show_sale_receipts': '', 'use_invoice_terms': '', 'terms_type': '1', 'invoice_terms': '', 'preview_ready': '', 'account_use_credit_limit': '', 'account_default_credit_limit': '', 'module_account_payment': '1', 'module_account_batch_payment': '1', 'module_account_sepa_direct_debit': '1', 'qr_code': '', 'group_show_purchase_receipts': '', 'module_account_sepa': '1', 'module_account_invoice_extract': '1', 'module_product_margin': '1', 'account_storno': '', 'quick_edit_mode': ''}) 
2025-08-06 05:41:36,799 81880 INFO odoo_test_1 werkzeug: 10.2.0.2 - - [06/Aug/2025 05:41:36] "POST /web/dataset/call_kw/res.config.settings/onchange HTTP/1.1" 200 - 133 0.186 0.062
2025-08-06 05:41:37,395 81880 DEBUG ? odoo.modules.registry: Multiprocess signaling check: [Registry - 4 -> 4] [Cache - 143 -> 143] 
2025-08-06 05:41:37,404 81880 INFO odoo_test_1 werkzeug: 10.2.0.2 - - [06/Aug/2025 05:41:37] "POST /base_setup/demo_active HTTP/1.1" 200 - 4 0.007 0.004
2025-08-06 05:41:37,445 81880 DEBUG ? odoo.modules.registry: Multiprocess signaling check: [Registry - 4 -> 4] [Cache - 143 -> 143] 
2025-08-06 05:41:37,458 81880 INFO odoo_test_1 werkzeug: 10.2.0.2 - - [06/Aug/2025 05:41:37] "POST /base_setup/data HTTP/1.1" 200 - 6 0.011 0.004
2025-08-06 05:41:37,701 81880 DEBUG ? odoo.modules.registry: Multiprocess signaling check: [Registry - 4 -> 4] [Cache - 143 -> 143] 
2025-08-06 05:41:37,751 81880 DEBUG odoo_test_1 odoo.addons.http_routing.models.ir_http: '/null/static/description/icon.png' (lang: 'en') no lang in url and default website, continue 
2025-08-06 05:41:37,936 81880 WARNING odoo_test_1 odoo.addons.base.models.ir_qweb: Found deprecated directive @t-esc="title or 'Odoo'" in template 181. Replace by @t-out 
2025-08-06 05:41:37,938 81880 WARNING odoo_test_1 odoo.addons.base.models.ir_qweb: Found deprecated directive @t-esc='request.csrf_token(None)' in template 181. Replace by @t-out 
2025-08-06 05:41:37,940 81880 WARNING odoo_test_1 odoo.addons.base.models.ir_qweb: Found deprecated directive @t-esc='debug' in template 181. Replace by @t-out 
2025-08-06 05:41:38,768 81880 INFO odoo_test_1 odoo.addons.base.models.assetsbundle: Failed to find attachment for assets /web/assets/%-ddb6cce/web.assets_frontend.css 
2025-08-06 05:41:38,861 81880 INFO ? werkzeug: 10.2.0.2 - - [06/Aug/2025 05:41:38] "GET /web/static/lib/stacktracejs/stacktrace.js HTTP/1.1" 304 - 0 0.000 0.006
2025-08-06 05:41:39,203 81880 DEBUG ? odoo.modules.registry: Multiprocess signaling check: [Registry - 4 -> 4] [Cache - 143 -> 143] 
2025-08-06 05:41:39,225 81880 INFO odoo_test_1 werkzeug: 10.2.0.2 - - [06/Aug/2025 05:41:39] "GET /web/assets/debug/web.assets_common.js HTTP/1.1" 304 - 5 0.017 0.012
2025-08-06 05:41:47,461 81880 INFO odoo_test_1 odoo.addons.base.models.assetsbundle: Failed to find attachment for assets /web/assets/%-ddb6cce/web.assets_frontend.css.map 
2025-08-06 05:41:47,479 81880 INFO odoo_test_1 odoo.addons.base.models.assetsbundle: Deleting ir.attachment [551] (from bundle web.assets_frontend) 
2025-08-06 05:41:47,668 81880 INFO odoo_test_1 odoo.addons.base.models.assetsbundle: Deleting ir.attachment [552] (from bundle web.assets_frontend) 
2025-08-06 05:41:48,391 81880 INFO odoo_test_1 odoo.addons.base.models.assetsbundle: Failed to find attachment for assets /web/assets/%-bd02d63/web.assets_frontend_lazy.js 
2025-08-06 05:41:48,470 81880 INFO odoo_test_1 odoo.addons.base.models.assetsbundle: Failed to find attachment for assets /web/assets/%-bd02d63/web.assets_frontend_lazy.js.map 
2025-08-06 05:41:48,475 81880 INFO odoo_test_1 odoo.addons.base.models.assetsbundle: Deleting ir.attachment [555] (from bundle web.assets_frontend_lazy) 
2025-08-06 05:41:49,307 81880 INFO odoo_test_1 odoo.addons.base.models.assetsbundle: Deleting ir.attachment [556] (from bundle web.assets_frontend_lazy) 
2025-08-06 05:41:49,625 81880 WARNING odoo_test_1 odoo.addons.base.models.ir_qweb: Found deprecated directive @t-esc="user_id.name[:23] + '...' if user_id.name and len(user_id.name) > 25 else user_id.name" in template 450. Replace by @t-out 
2025-08-06 05:41:49,656 81880 WARNING odoo_test_1 odoo.addons.base.models.ir_qweb: Found deprecated directive @t-esc="active_lang[2].split('/').pop()" in template 449. Replace by @t-out 
2025-08-06 05:41:49,662 81880 WARNING odoo_test_1 odoo.addons.base.models.ir_qweb: Found deprecated directive @t-esc="lg[2].split('/').pop()" in template 449. Replace by @t-out 
2025-08-06 05:41:49,721 81880 INFO odoo_test_1 werkzeug: 10.2.0.2 - - [06/Aug/2025 05:41:49] "GET /null/static/description/icon.png HTTP/1.1" 404 - 173 0.286 11.748
2025-08-06 05:42:09,754 81880 DEBUG ? odoo.service.server: cron0 polling for jobs 
2025-08-06 05:42:10,847 81880 DEBUG ? odoo.service.server: cron1 polling for jobs 
2025-08-06 05:42:32,085 81880 DEBUG odoo_test_1 odoo.modules.registry: Multiprocess signaling check: [Registry - 4 -> 4] [Cache - 143 -> 143] 
2025-08-06 05:43:07,489 81880 INFO ? odoo.service.server: Initiating shutdown 
2025-08-06 05:43:07,489 81880 INFO ? odoo.service.server: Hit CTRL-C again or send a second signal to force the shutdown. 
2025-08-06 05:43:07,810 81880 DEBUG ? odoo.service.server: on_close call <bound method Event.set of <threading.Event at 0x20e23366150: unset>> 
2025-08-06 05:43:07,811 81880 DEBUG ? odoo.service.server: on_close call <function _kick_all at 0x0000020E23392520> 
2025-08-06 05:43:07,811 81880 DEBUG ? odoo.service.server: current thread: <_MainThread(MainThread, started 80268)> 
2025-08-06 05:43:07,812 81880 DEBUG ? odoo.service.server: process <_MainThread(MainThread, started 80268)> (False) 
2025-08-06 05:43:07,812 81880 DEBUG ? odoo.service.server: process <Thread(odoo.service.cron.cron0, started daemon 82168)> (True) 
2025-08-06 05:43:07,812 81880 DEBUG ? odoo.service.server: process <Thread(odoo.service.cron.cron1, started daemon 52828)> (True) 
2025-08-06 05:43:07,813 81880 DEBUG ? odoo.service.server: process <ImDispatch(odoo.addons.bus.models.bus.Bus, started daemon 77204)> (True) 
2025-08-06 05:43:07,813 81880 DEBUG ? odoo.service.server: process <Thread(odoo.service.http.request.82504, stopped 82504)> (False) 
2025-08-06 05:43:07,820 81880 INFO ? odoo.sql_db: ConnectionPool(used=0/count=0/max=64): Closed 7 connections  
2025-08-06 05:43:07,820 81880 DEBUG ? odoo.service.server: -- 
2025-08-06 05:43:14,750 40816 DEBUG ? odoo.netsvc: logger level set: "odoo.http.rpc.request:INFO" 
2025-08-06 05:43:14,751 40816 DEBUG ? odoo.netsvc: logger level set: "odoo.http.rpc.response:INFO" 
2025-08-06 05:43:14,751 40816 DEBUG ? odoo.netsvc: logger level set: ":INFO" 
2025-08-06 05:43:14,751 40816 DEBUG ? odoo.netsvc: logger level set: "odoo:DEBUG" 
2025-08-06 05:43:14,751 40816 DEBUG ? odoo.netsvc: logger level set: "odoo.sql_db:INFO" 
2025-08-06 05:43:14,751 40816 DEBUG ? odoo.netsvc: logger level set: ":INFO" 
2025-08-06 05:43:14,752 40816 INFO ? odoo: Odoo version 16.0 
2025-08-06 05:43:14,752 40816 INFO ? odoo: Using configuration file at C:\working\python\django\odoo\odoo.conf 
2025-08-06 05:43:14,752 40816 INFO ? odoo: addons paths: ['C:\\working\\python\\django\\odoo\\odoo\\addons', 'c:\\users\\rupesh\\appdata\\local\\openerp s.a\\odoo\\addons\\16.0', 'c:\\working\\python\\django\\odoo\\odoo\\addons', 'c:\\working\\python\\django\\odoo\\addons', 'c:\\working\\python\\django\\odoo\\custom-addons'] 
2025-08-06 05:43:14,752 40816 INFO ? odoo: database: odoo_user@localhost:5432 
2025-08-06 05:43:15,121 40816 INFO ? odoo.addons.base.models.ir_actions_report: You need Wkhtmltopdf to print a pdf version of the reports. 
2025-08-06 05:43:15,555 40816 WARNING ? odoo.service.server: 'watchdog' module not installed. Code autoreload feature is disabled 
2025-08-06 05:43:15,555 40816 DEBUG ? odoo.service.server: Setting signal handlers 
2025-08-06 05:43:15,558 40816 DEBUG ? odoo.service.server: cron0 started! 
2025-08-06 05:43:15,560 40816 DEBUG ? odoo.service.server: cron1 started! 
2025-08-06 05:43:15,567 40816 INFO ? odoo.service.server: HTTP service (werkzeug) running on DESKTOP-84A4AEN:8069 
2025-08-06 05:43:20,265 40816 DEBUG ? odoo.http: HTTP sessions stored in: c:\users\rupesh\appdata\local\openerp s.a\odoo\sessions 
2025-08-06 05:43:20,371 40816 DEBUG ? odoo.modules.registry: Multiprocess load registry signaling: [Registry: 4] [Cache: 143] 
2025-08-06 05:43:20,388 40816 INFO ? odoo.modules.loading: loading 1 modules... 
2025-08-06 05:43:20,389 40816 DEBUG ? odoo.modules.loading: Loading module base (1/1) 
2025-08-06 05:43:20,420 40816 DEBUG ? odoo.modules.loading: Module base loaded in 0.03s, 0 queries 
2025-08-06 05:43:20,421 40816 INFO ? odoo.modules.loading: 1 modules loaded in 0.03s, 0 queries (+0 extra) 
2025-08-06 05:43:20,433 40816 WARNING ? odoo.modules.module: Missing `license` key in manifest for 'commercium_connector', defaulting to LGPL-3 
2025-08-06 05:43:20,591 40816 DEBUG ? odoo.modules.loading: Updating graph with 48 more modules 
2025-08-06 05:43:20,591 40816 INFO ? odoo.modules.loading: loading 49 modules... 
2025-08-06 05:43:20,592 40816 DEBUG ? odoo.modules.loading: Loading module uom (2/49) 
2025-08-06 05:43:20,599 40816 DEBUG ? odoo.modules.loading: Module uom loaded in 0.01s, 0 queries 
2025-08-06 05:43:20,599 40816 DEBUG ? odoo.modules.loading: Loading module web (3/49) 
2025-08-06 05:43:20,603 40816 DEBUG ? odoo.modules.loading: Module web loaded in 0.00s, 0 queries 
2025-08-06 05:43:20,603 40816 DEBUG ? odoo.modules.loading: Loading module auth_totp (4/49) 
2025-08-06 05:43:20,635 40816 DEBUG ? odoo.modules.loading: Module auth_totp loaded in 0.03s, 0 queries 
2025-08-06 05:43:20,635 40816 DEBUG ? odoo.modules.loading: Loading module barcodes (5/49) 
2025-08-06 05:43:20,647 40816 DEBUG ? odoo.modules.loading: Module barcodes loaded in 0.01s, 0 queries 
2025-08-06 05:43:20,647 40816 DEBUG ? odoo.modules.loading: Loading module base_import (6/49) 
2025-08-06 05:43:21,633 40816 DEBUG ? odoo.modules.loading: Module base_import loaded in 0.99s, 0 queries 
2025-08-06 05:43:21,634 40816 DEBUG ? odoo.modules.loading: Loading module base_setup (7/49) 
2025-08-06 05:43:21,644 40816 DEBUG ? odoo.modules.loading: Module base_setup loaded in 0.01s, 0 queries 
2025-08-06 05:43:21,644 40816 DEBUG ? odoo.modules.loading: Loading module bus (8/49) 
2025-08-06 05:43:21,675 40816 DEBUG ? odoo.modules.loading: Module bus loaded in 0.03s, 0 queries 
2025-08-06 05:43:21,675 40816 DEBUG ? odoo.modules.loading: Loading module commercium_connector (9/49) 
2025-08-06 05:43:21,684 40816 DEBUG ? odoo.modules.loading: Module commercium_connector loaded in 0.01s, 0 queries 
2025-08-06 05:43:21,684 40816 DEBUG ? odoo.modules.loading: Loading module http_routing (10/49) 
2025-08-06 05:43:21,697 40816 DEBUG ? odoo.modules.loading: Module http_routing loaded in 0.01s, 0 queries 
2025-08-06 05:43:21,697 40816 DEBUG ? odoo.modules.loading: Loading module resource (11/49) 
2025-08-06 05:43:21,714 40816 DEBUG ? odoo.modules.loading: Module resource loaded in 0.02s, 0 queries 
2025-08-06 05:43:21,715 40816 DEBUG ? odoo.modules.loading: Loading module utm (12/49) 
2025-08-06 05:43:21,732 40816 DEBUG ? odoo.modules.loading: Module utm loaded in 0.02s, 0 queries 
2025-08-06 05:43:21,732 40816 DEBUG ? odoo.modules.loading: Loading module web_kanban_gauge (13/49) 
2025-08-06 05:43:21,734 40816 DEBUG ? odoo.modules.loading: Module web_kanban_gauge loaded in 0.00s, 0 queries 
2025-08-06 05:43:21,734 40816 DEBUG ? odoo.modules.loading: Loading module web_tour (14/49) 
2025-08-06 05:43:21,740 40816 DEBUG ? odoo.modules.loading: Module web_tour loaded in 0.01s, 0 queries 
2025-08-06 05:43:21,741 40816 DEBUG ? odoo.modules.loading: Loading module barcodes_gs1_nomenclature (15/49) 
2025-08-06 05:43:21,748 40816 DEBUG ? odoo.modules.loading: Module barcodes_gs1_nomenclature loaded in 0.01s, 0 queries 
2025-08-06 05:43:21,748 40816 DEBUG ? odoo.modules.loading: Loading module iap (16/49) 
2025-08-06 05:43:21,761 40816 DEBUG ? odoo.modules.loading: Module iap loaded in 0.01s, 0 queries 
2025-08-06 05:43:21,761 40816 DEBUG ? odoo.modules.loading: Loading module mail (17/49) 
2025-08-06 05:43:21,927 40816 DEBUG ? odoo.modules.loading: Module mail loaded in 0.17s, 0 queries 
2025-08-06 05:43:21,927 40816 DEBUG ? odoo.modules.loading: Loading module spreadsheet (18/49) 
2025-08-06 05:43:21,934 40816 DEBUG ? odoo.modules.loading: Module spreadsheet loaded in 0.01s, 0 queries 
2025-08-06 05:43:21,935 40816 DEBUG ? odoo.modules.loading: Loading module web_editor (19/49) 
2025-08-06 05:43:21,977 40816 DEBUG ? odoo.modules.loading: Module web_editor loaded in 0.04s, 0 queries 
2025-08-06 05:43:21,977 40816 DEBUG ? odoo.modules.loading: Loading module analytic (20/49) 
2025-08-06 05:43:21,994 40816 DEBUG ? odoo.modules.loading: Module analytic loaded in 0.02s, 0 queries 
2025-08-06 05:43:21,994 40816 DEBUG ? odoo.modules.loading: Loading module auth_signup (21/49) 
2025-08-06 05:43:22,011 40816 DEBUG ? odoo.modules.loading: Module auth_signup loaded in 0.02s, 0 queries 
2025-08-06 05:43:22,011 40816 DEBUG ? odoo.modules.loading: Loading module auth_totp_mail (22/49) 
2025-08-06 05:43:22,016 40816 DEBUG ? odoo.modules.loading: Module auth_totp_mail loaded in 0.01s, 0 queries 
2025-08-06 05:43:22,016 40816 DEBUG ? odoo.modules.loading: Loading module base_install_request (23/49) 
2025-08-06 05:43:22,027 40816 DEBUG ? odoo.modules.loading: Module base_install_request loaded in 0.01s, 0 queries 
2025-08-06 05:43:22,027 40816 DEBUG ? odoo.modules.loading: Loading module google_gmail (24/49) 
2025-08-06 05:43:22,042 40816 DEBUG ? odoo.modules.loading: Module google_gmail loaded in 0.01s, 0 queries 
2025-08-06 05:43:22,043 40816 DEBUG ? odoo.modules.loading: Loading module iap_mail (25/49) 
2025-08-06 05:43:22,048 40816 DEBUG ? odoo.modules.loading: Module iap_mail loaded in 0.01s, 0 queries 
2025-08-06 05:43:22,048 40816 DEBUG ? odoo.modules.loading: Loading module mail_bot (26/49) 
2025-08-06 05:43:22,076 40816 DEBUG ? odoo.modules.loading: Module mail_bot loaded in 0.03s, 0 queries 
2025-08-06 05:43:22,076 40816 DEBUG ? odoo.modules.loading: Loading module phone_validation (27/49) 
2025-08-06 05:43:22,206 40816 DEBUG ? odoo.modules.loading: Module phone_validation loaded in 0.13s, 0 queries 
2025-08-06 05:43:22,206 40816 DEBUG ? odoo.modules.loading: Loading module privacy_lookup (28/49) 
2025-08-06 05:43:22,217 40816 DEBUG ? odoo.modules.loading: Module privacy_lookup loaded in 0.01s, 0 queries 
2025-08-06 05:43:22,217 40816 DEBUG ? odoo.modules.loading: Loading module product (29/49) 
2025-08-06 05:43:22,395 40816 DEBUG ? odoo.modules.loading: Module product loaded in 0.18s, 0 queries 
2025-08-06 05:43:22,395 40816 DEBUG ? odoo.modules.loading: Loading module sales_team (30/49) 
2025-08-06 05:43:22,414 40816 DEBUG ? odoo.modules.loading: Module sales_team loaded in 0.02s, 0 queries 
2025-08-06 05:43:22,415 40816 DEBUG ? odoo.modules.loading: Loading module spreadsheet_dashboard (31/49) 
2025-08-06 05:43:22,423 40816 DEBUG ? odoo.modules.loading: Module spreadsheet_dashboard loaded in 0.01s, 0 queries 
2025-08-06 05:43:22,423 40816 DEBUG ? odoo.modules.loading: Loading module web_unsplash (32/49) 
2025-08-06 05:43:22,435 40816 DEBUG ? odoo.modules.loading: Module web_unsplash loaded in 0.01s, 0 queries 
2025-08-06 05:43:22,436 40816 DEBUG ? odoo.modules.loading: Loading module partner_autocomplete (33/49) 
2025-08-06 05:43:22,455 40816 DEBUG ? odoo.modules.loading: Module partner_autocomplete loaded in 0.02s, 0 queries 
2025-08-06 05:43:22,455 40816 DEBUG ? odoo.modules.loading: Loading module portal (34/49) 
2025-08-06 05:43:22,488 40816 DEBUG ? odoo.modules.loading: Module portal loaded in 0.03s, 0 queries 
2025-08-06 05:43:22,488 40816 DEBUG ? odoo.modules.loading: Loading module sms (35/49) 
2025-08-06 05:43:22,547 40816 DEBUG ? odoo.modules.loading: Module sms loaded in 0.06s, 0 queries 
2025-08-06 05:43:22,547 40816 DEBUG ? odoo.modules.loading: Loading module snailmail (36/49) 
2025-08-06 05:43:22,610 40816 DEBUG ? odoo.modules.loading: Module snailmail loaded in 0.06s, 0 queries 
2025-08-06 05:43:22,610 40816 DEBUG ? odoo.modules.loading: Loading module auth_totp_portal (37/49) 
2025-08-06 05:43:22,617 40816 DEBUG ? odoo.modules.loading: Module auth_totp_portal loaded in 0.01s, 0 queries 
2025-08-06 05:43:22,617 40816 DEBUG ? odoo.modules.loading: Loading module digest (38/49) 
2025-08-06 05:43:22,632 40816 DEBUG ? odoo.modules.loading: Module digest loaded in 0.01s, 0 queries 
2025-08-06 05:43:22,632 40816 DEBUG ? odoo.modules.loading: Loading module payment (39/49) 
2025-08-06 05:43:22,664 40816 DEBUG ? odoo.modules.loading: Module payment loaded in 0.03s, 0 queries 
2025-08-06 05:43:22,665 40816 DEBUG ? odoo.modules.loading: Loading module account (40/49) 
2025-08-06 05:43:22,903 40816 DEBUG ? odoo.modules.loading: Module account loaded in 0.24s, 0 queries 
2025-08-06 05:43:22,903 40816 DEBUG ? odoo.modules.loading: Loading module stock (41/49) 
2025-08-06 05:43:22,910 40816 DEBUG ? odoo.modules.loading: Module stock loaded in 0.01s, 0 queries 
2025-08-06 05:43:22,911 40816 DEBUG ? odoo.modules.loading: Loading module account_edi (42/49) 
2025-08-06 05:43:22,941 40816 DEBUG ? odoo.modules.loading: Module account_edi loaded in 0.03s, 0 queries 
2025-08-06 05:43:22,941 40816 DEBUG ? odoo.modules.loading: Loading module account_payment (43/49) 
2025-08-06 05:43:22,968 40816 DEBUG ? odoo.modules.loading: Module account_payment loaded in 0.03s, 0 queries 
2025-08-06 05:43:22,968 40816 DEBUG ? odoo.modules.loading: Loading module account_sequence (44/49) 
2025-08-06 05:43:22,979 40816 DEBUG ? odoo.modules.loading: Module account_sequence loaded in 0.01s, 0 queries 
2025-08-06 05:43:22,979 40816 DEBUG ? odoo.modules.loading: Loading module snailmail_account (45/49) 
2025-08-06 05:43:22,992 40816 DEBUG ? odoo.modules.loading: Module snailmail_account loaded in 0.01s, 0 queries 
2025-08-06 05:43:22,992 40816 DEBUG ? odoo.modules.loading: Loading module spreadsheet_account (46/49) 
2025-08-06 05:43:22,999 40816 DEBUG ? odoo.modules.loading: Module spreadsheet_account loaded in 0.01s, 0 queries 
2025-08-06 05:43:22,999 40816 DEBUG ? odoo.modules.loading: Loading module spreadsheet_dashboard_account (47/49) 
2025-08-06 05:43:23,002 40816 DEBUG ? odoo.modules.loading: Module spreadsheet_dashboard_account loaded in 0.00s, 0 queries 
2025-08-06 05:43:23,002 40816 DEBUG ? odoo.modules.loading: Loading module stock_account (48/49) 
2025-08-06 05:43:23,040 40816 DEBUG ? odoo.modules.loading: Module stock_account loaded in 0.04s, 0 queries 
2025-08-06 05:43:23,040 40816 DEBUG ? odoo.modules.loading: Loading module stock_sms (49/49) 
2025-08-06 05:43:23,052 40816 DEBUG ? odoo.modules.loading: Module stock_sms loaded in 0.01s, 0 queries 
2025-08-06 05:43:23,052 40816 INFO ? odoo.modules.loading: 49 modules loaded in 2.46s, 0 queries (+0 extra) 
2025-08-06 05:43:23,300 40816 INFO ? odoo.modules.loading: Modules loaded. 
2025-08-06 05:43:23,310 40816 INFO ? odoo.modules.registry: Registry loaded in 3.044s 
2025-08-06 05:43:23,311 40816 DEBUG ? odoo.modules.registry: Multiprocess signaling check: [Registry - 4 -> 4] [Cache - 143 -> 143] 
2025-08-06 05:43:23,312 40816 INFO odoo_test_1 odoo.addons.base.models.ir_http: Generating routing map for key None 
2025-08-06 05:43:23,887 40816 INFO odoo_test_1 werkzeug: 10.2.0.2 - - [06/Aug/2025 05:43:23] "GET /websocket HTTP/1.1" 101 - 27 0.092 3.532
2025-08-06 05:43:23,893 40816 DEBUG odoo_test_1 odoo.modules.registry: Multiprocess signaling check: [Registry - 4 -> 4] [Cache - 143 -> 143] 
2025-08-06 05:43:23,910 40816 INFO ? odoo.addons.bus.models.bus: Bus.loop listen imbus on db postgres 
2025-08-06 05:43:33,134 40816 DEBUG odoo_test_1 odoo.modules.registry: Multiprocess signaling check: [Registry - 4 -> 4] [Cache - 143 -> 143] 
2025-08-06 05:43:36,530 40816 DEBUG ? odoo.modules.registry: Multiprocess signaling check: [Registry - 4 -> 4] [Cache - 143 -> 143] 
2025-08-06 05:43:36,775 40816 WARNING odoo_test_1 odoo.modules.module: Missing `license` key in manifest for 'commercium_connector', defaulting to LGPL-3 
2025-08-06 05:43:37,853 40816 DEBUG odoo_test_1 odoo.modules.module: module https:: no manifest file found ('__manifest__.py', '__openerp__.py') 
2025-08-06 05:43:38,995 40816 WARNING odoo_test_1 odoo.addons.base.models.ir_qweb: Found deprecated directive @t-esc="title or 'Odoo'" in template 180. Replace by @t-out 
2025-08-06 05:43:38,996 40816 WARNING odoo_test_1 odoo.addons.base.models.ir_qweb: Found deprecated directive @t-esc='request.csrf_token(None)' in template 180. Replace by @t-out 
2025-08-06 05:43:38,997 40816 WARNING odoo_test_1 odoo.addons.base.models.ir_qweb: Found deprecated directive @t-esc='debug' in template 180. Replace by @t-out 
2025-08-06 05:43:39,007 40816 INFO odoo_test_1 werkzeug: 10.2.0.2 - - [06/Aug/2025 05:43:39] "GET /web HTTP/1.1" 200 - 101 0.107 2.373
2025-08-06 05:43:39,137 40816 DEBUG ? odoo.modules.module: module __init__.py: no manifest file found ('__manifest__.py', '__openerp__.py') 
2025-08-06 05:43:39,138 40816 DEBUG ? odoo.modules.module: module __init__.py: no manifest file found ('__manifest__.py', '__openerp__.py') 
2025-08-06 05:43:39,139 40816 DEBUG ? odoo.modules.module: module __pycache__: no manifest file found ('__manifest__.py', '__openerp__.py') 
2025-08-06 05:43:39,139 40816 DEBUG ? odoo.modules.module: module __pycache__: no manifest file found ('__manifest__.py', '__openerp__.py') 
2025-08-06 05:43:42,452 40816 WARNING ? odoo.modules.module: Missing `license` key in manifest for 'my_custom_module', defaulting to LGPL-3 
2025-08-06 05:43:42,454 40816 DEBUG ? odoo.modules.registry: Multiprocess signaling check: [Registry - 4 -> 4] [Cache - 143 -> 143] 
2025-08-06 05:43:42,454 40816 WARNING ? odoo.modules.module: Missing `license` key in manifest for 'my_custom_module', defaulting to LGPL-3 
2025-08-06 05:43:42,469 40816 WARNING ? odoo.modules.module: Missing `license` key in manifest for 'my_custom_module', defaulting to LGPL-3 
2025-08-06 05:43:42,470 40816 WARNING ? odoo.modules.module: Missing `license` key in manifest for 'my_custom_module', defaulting to LGPL-3 
2025-08-06 05:43:42,471 40816 WARNING ? odoo.modules.module: Missing `license` key in manifest for 'my_custom_module', defaulting to LGPL-3 
2025-08-06 05:43:42,577 40816 INFO odoo_test_1 werkzeug: 10.2.0.2 - - [06/Aug/2025 05:43:42] "GET /web/assets/debug/web.assets_backend.css HTTP/1.1" 304 - 5 0.007 3.507
2025-08-06 05:43:42,579 40816 DEBUG ? odoo.modules.registry: Multiprocess signaling check: [Registry - 4 -> 4] [Cache - 143 -> 143] 
2025-08-06 05:43:42,581 40816 DEBUG ? odoo.modules.registry: Multiprocess signaling check: [Registry - 4 -> 4] [Cache - 143 -> 143] 
2025-08-06 05:43:42,668 40816 DEBUG ? odoo.modules.registry: Multiprocess signaling check: [Registry - 4 -> 4] [Cache - 143 -> 143] 
2025-08-06 05:43:42,749 40816 DEBUG ? odoo.modules.registry: Multiprocess signaling check: [Registry - 4 -> 4] [Cache - 143 -> 143] 
2025-08-06 05:43:42,758 40816 INFO odoo_test_1 werkzeug: 10.2.0.2 - - [06/Aug/2025 05:43:42] "GET /web/assets/debug/web.assets_common.js HTTP/1.1" 304 - 5 0.008 3.363
2025-08-06 05:43:42,769 40816 INFO odoo_test_1 werkzeug: 10.2.0.2 - - [06/Aug/2025 05:43:42] "GET /web/assets/debug/web.assets_backend.js HTTP/1.1" 304 - 5 0.017 3.362
2025-08-06 05:43:42,774 40816 INFO odoo_test_1 werkzeug: 10.2.0.2 - - [06/Aug/2025 05:43:42] "GET /web/assets/debug/web.assets_backend_prod_only.js HTTP/1.1" 304 - 5 0.020 3.353
2025-08-06 05:43:42,778 40816 INFO odoo_test_1 werkzeug: 10.2.0.2 - - [06/Aug/2025 05:43:42] "GET /web/assets/debug/web.assets_common.css HTTP/1.1" 304 - 5 0.026 3.692
2025-08-06 05:43:43,092 40816 DEBUG ? odoo.modules.registry: Multiprocess signaling check: [Registry - 4 -> 4] [Cache - 143 -> 143] 
2025-08-06 05:43:43,101 40816 INFO odoo_test_1 werkzeug: 10.2.0.2 - - [06/Aug/2025 05:43:43] "GET /web/assets/debug/web.assets_tests.js HTTP/1.1" 304 - 5 0.005 0.007
2025-08-06 05:43:44,177 40816 DEBUG ? odoo.modules.registry: Multiprocess signaling check: [Registry - 4 -> 4] [Cache - 143 -> 143] 
2025-08-06 05:43:44,257 40816 INFO odoo_test_1 werkzeug: 10.2.0.2 - - [06/Aug/2025 05:43:44] "POST /web/action/load HTTP/1.1" 200 - 11 0.066 0.017
2025-08-06 05:43:44,567 40816 INFO ? werkzeug: 10.2.0.2 - - [06/Aug/2025 05:43:44] "GET /web/static/lib/odoo_ui_icons/fonts/odoo_ui_icons.woff2 HTTP/1.1" 304 - 0 0.000 0.004
2025-08-06 05:43:44,633 40816 DEBUG ? odoo.modules.registry: Multiprocess signaling check: [Registry - 4 -> 4] [Cache - 143 -> 143] 
2025-08-06 05:43:44,634 40816 DEBUG ? odoo.modules.registry: Multiprocess signaling check: [Registry - 4 -> 4] [Cache - 143 -> 143] 
2025-08-06 05:43:44,637 40816 DEBUG odoo_test_1 odoo.api: call res.users().systray_get_activities() 
2025-08-06 05:43:44,656 40816 DEBUG ? odoo.modules.registry: Multiprocess signaling check: [Registry - 4 -> 4] [Cache - 143 -> 143] 
2025-08-06 05:43:44,660 40816 DEBUG odoo_test_1 odoo.api: call res.config.settings().get_views(options={'action_id': 88, 'load_filters': False, 'toolbar': False}, views=[[False, 'form']]) 
2025-08-06 05:43:44,665 40816 INFO ? werkzeug: 10.2.0.2 - - [06/Aug/2025 05:43:44] "GET /web/static/img/favicon.ico HTTP/1.1" 304 - 0 0.000 0.014
2025-08-06 05:43:44,669 40816 DEBUG ? odoo.modules.registry: Multiprocess signaling check: [Registry - 4 -> 4] [Cache - 143 -> 143] 
2025-08-06 05:43:44,670 40816 INFO odoo_test_1 werkzeug: 10.2.0.2 - - [06/Aug/2025 05:43:44] "POST /web/dataset/call_kw/res.users/systray_get_activities HTTP/1.1" 200 - 4 0.030 0.008
2025-08-06 05:43:44,714 40816 INFO odoo_test_1 werkzeug: 10.2.0.2 - - [06/Aug/2025 05:43:44] "GET /web/image/res.company/1/favicon HTTP/1.1" 304 - 12 0.029 0.032
2025-08-06 05:43:44,880 40816 INFO odoo_test_1 werkzeug: 10.2.0.2 - - [06/Aug/2025 05:43:44] "POST /mail/init_messaging HTTP/1.1" 200 - 69 0.194 0.055
2025-08-06 05:43:44,892 40816 DEBUG ? odoo.modules.registry: Multiprocess signaling check: [Registry - 4 -> 4] [Cache - 143 -> 143] 
2025-08-06 05:43:44,920 40816 INFO odoo_test_1 werkzeug: 10.2.0.2 - - [06/Aug/2025 05:43:44] "GET /web/image/res.company/1/favicon HTTP/1.1" 304 - 12 0.018 0.018
2025-08-06 05:43:44,976 40816 DEBUG ? odoo.modules.registry: Multiprocess signaling check: [Registry - 4 -> 4] [Cache - 143 -> 143] 
2025-08-06 05:43:45,001 40816 INFO odoo_test_1 werkzeug: 10.2.0.2 - - [06/Aug/2025 05:43:45] "POST /mail/load_message_failures HTTP/1.1" 200 - 3 0.022 0.005
2025-08-06 05:43:45,039 40816 DEBUG ? odoo.modules.registry: Multiprocess signaling check: [Registry - 4 -> 4] [Cache - 143 -> 143] 
2025-08-06 05:43:45,063 40816 INFO odoo_test_1 werkzeug: 10.2.0.2 - - [06/Aug/2025 05:43:45] "GET /web/image/res.company/1/favicon HTTP/1.1" 304 - 12 0.011 0.016
2025-08-06 05:43:45,142 40816 INFO odoo_test_1 werkzeug: 10.2.0.2 - - [06/Aug/2025 05:43:45] "POST /web/dataset/call_kw/res.config.settings/get_views HTTP/1.1" 200 - 60 0.082 0.408
2025-08-06 05:43:45,230 40816 DEBUG ? odoo.modules.registry: Multiprocess signaling check: [Registry - 4 -> 4] [Cache - 143 -> 143] 
2025-08-06 05:43:45,231 40816 DEBUG ? odoo.modules.registry: Multiprocess signaling check: [Registry - 4 -> 4] [Cache - 143 -> 143] 
2025-08-06 05:43:45,233 40816 DEBUG odoo_test_1 odoo.api: call res.config.settings().onchange({}, [], {'active_user_count': '', 'language_count': '', 'company_id': '1', 'company_name': '', 'company_informations': '', 'external_report_layout_id': '', 'company_count': '', 'primary_color': '', 'secondary_color': '', 'product_weight_in_lbs': '', 'product_volume_volume_in_cubic_feet': '', 'external_email_server_default': '', 'alias_domain': '', 'module_google_gmail': '1', 'google_gmail_client_identifier': '', 'google_gmail_client_secret': '', 'module_microsoft_outlook': '1', 'use_twilio_rtc_servers': '', 'twilio_account_sid': '', 'twilio_account_token': '', 'restrict_template_rendering': '', 'digest_emails': '', 'digest_id': '', 'module_partner_autocomplete': '1', 'auth_signup_uninvited': '', 'auth_signup_reset_password': '', 'user_default_rights': '', 'portal_allow_api_keys': '', 'module_base_import': '1', 'show_effect': '', 'module_mail_plugin': '1', 'module_microsoft_calendar': '1', 'module_google_calendar': '1', 'module_product_images': '1', 'module_auth_oauth': '1', 'module_auth_ldap': '1', 'module_web_unsplash': '1', 'unsplash_access_key': '', 'unsplash_app_id': '', 'module_base_geolocalize': '1', 'module_google_recaptcha': '1', 'profiling_enabled_until': '', 'commercium_domain': '', 'commercium_db': '', 'commercium_username': '', 'commercium_password': '', 'platform_connected': '', 'group_stock_tracking_lot': '', 'module_stock_picking_batch': '1', 'group_stock_picking_wave': '', 'group_warning_stock': '', 'module_quality_control': '1', 'module_quality_control_worksheet': '1', 'annual_inventory_day': '', 'annual_inventory_month': '', 'group_stock_reception_report': '', 'module_stock_barcode': '1', 'stock_move_email_validation': '', 'stock_move_sms_validation': '', 'stock_sms_confirmation_template_id': '', 'group_stock_sign_delivery': '', 'module_delivery': '1', 'module_delivery_bpost': '1', 'module_delivery_easypost': '1', 'module_delivery_sendcloud': '1', 'group_product_variant': '1', 'group_uom': '', 'group_stock_packaging': '', 'group_stock_production_lot': '1', 'group_stock_lot_print_gs1': '', 'module_product_expiry': '1', 'group_lot_on_delivery_slip': '', 'group_stock_tracking_owner': '', 'module_stock_landed_costs': '1', 'group_lot_on_invoice': '', 'group_stock_multi_locations': '1', 'group_stock_adv_location': '1', 'group_stock_storage_categories': '', 'country_code': '', 'has_chart_of_accounts': '', 'has_accounting_entries': '', 'chart_template_id': '', 'sale_tax_id': '', 'purchase_tax_id': '', 'tax_calculation_rounding_method': '', 'early_pay_discount_computation': '', 'module_account_taxcloud': '1', 'module_l10n_eu_oss': '1', 'tax_exigibility': '1', 'account_fiscal_country_id': '', 'currency_id': '', 'group_multi_currency': '', 'module_currency_rate_live': '1', 'invoice_is_print': '', 'invoice_is_email': '', 'invoice_is_snailmail': '', 'module_snailmail_account': '1', 'snailmail_color': '', 'snailmail_duplex': '', 'snailmail_cover': '', 'group_sale_delivery_address': '', 'show_line_subtotals_tax_selection': '1', 'group_show_line_subtotals_tax_excluded': '', 'group_show_line_subtotals_tax_included': '', 'group_warning_account': '', 'group_cash_rounding': '', 'module_account_intrastat': '1', 'incoterm_id': '', 'group_show_sale_receipts': '', 'use_invoice_terms': '', 'terms_type': '1', 'invoice_terms': '', 'preview_ready': '', 'account_use_credit_limit': '', 'account_default_credit_limit': '', 'module_account_payment': '1', 'module_account_batch_payment': '1', 'module_account_sepa_direct_debit': '1', 'qr_code': '', 'group_show_purchase_receipts': '', 'module_account_sepa': '1', 'module_account_invoice_extract': '1', 'module_product_margin': '1', 'account_storno': '', 'quick_edit_mode': ''}) 
2025-08-06 05:43:45,323 40816 INFO odoo_test_1 werkzeug: 10.2.0.2 - - [06/Aug/2025 05:43:45] "GET /web/image?model=res.users&field=avatar_128&id=2 HTTP/1.1" 304 - 19 0.066 0.032
2025-08-06 05:43:45,386 40816 INFO ? werkzeug: 10.2.0.2 - - [06/Aug/2025 05:43:45] "GET /mail/static/src/audio/ting.ogg HTTP/1.1" 206 - 0 0.000 0.005
2025-08-06 05:43:45,458 40816 INFO odoo_test_1 werkzeug: 10.2.0.2 - - [06/Aug/2025 05:43:45] "POST /web/dataset/call_kw/res.config.settings/onchange HTTP/1.1" 200 - 133 0.176 0.057
2025-08-06 05:43:45,529 40816 DEBUG ? odoo.modules.registry: Multiprocess signaling check: [Registry - 4 -> 4] [Cache - 143 -> 143] 
2025-08-06 05:43:45,552 40816 INFO odoo_test_1 werkzeug: 10.2.0.2 - - [06/Aug/2025 05:43:45] "GET /bus/websocket_worker_bundle?v=1.0.5 HTTP/1.1" 304 - 7 0.015 0.012
2025-08-06 05:43:46,051 40816 DEBUG ? odoo.modules.registry: Multiprocess signaling check: [Registry - 4 -> 4] [Cache - 143 -> 143] 
2025-08-06 05:43:46,069 40816 INFO odoo_test_1 werkzeug: 10.2.0.2 - - [06/Aug/2025 05:43:46] "POST /base_setup/demo_active HTTP/1.1" 200 - 4 0.014 0.009
2025-08-06 05:43:46,074 40816 DEBUG ? odoo.modules.registry: Multiprocess signaling check: [Registry - 4 -> 4] [Cache - 143 -> 143] 
2025-08-06 05:43:46,093 40816 INFO odoo_test_1 werkzeug: 10.2.0.2 - - [06/Aug/2025 05:43:46] "POST /base_setup/data HTTP/1.1" 200 - 6 0.015 0.012
2025-08-06 05:43:46,137 40816 DEBUG ? odoo.modules.registry: Multiprocess signaling check: [Registry - 4 -> 4] [Cache - 143 -> 143] 
2025-08-06 05:43:46,143 40816 INFO odoo_test_1 werkzeug: 10.2.0.2 - - [06/Aug/2025 05:43:46] "GET /websocket HTTP/1.1" 101 - 1 0.001 0.008
2025-08-06 05:43:46,157 40816 DEBUG odoo_test_1 odoo.modules.registry: Multiprocess signaling check: [Registry - 4 -> 4] [Cache - 143 -> 143] 
2025-08-06 05:43:46,402 40816 DEBUG ? odoo.modules.registry: Multiprocess signaling check: [Registry - 4 -> 4] [Cache - 143 -> 143] 
2025-08-06 05:43:46,440 40816 DEBUG odoo_test_1 odoo.addons.http_routing.models.ir_http: '/null/static/description/icon.png' (lang: 'en') no lang in url and default website, continue 
2025-08-06 05:43:46,500 40816 DEBUG odoo_test_1 odoo.modules.registry: Multiprocess signaling check: [Registry - 4 -> 4] [Cache - 143 -> 143] 
2025-08-06 05:43:46,548 40816 WARNING odoo_test_1 odoo.addons.base.models.ir_qweb: Found deprecated directive @t-esc="title or 'Odoo'" in template 181. Replace by @t-out 
2025-08-06 05:43:46,551 40816 WARNING odoo_test_1 odoo.addons.base.models.ir_qweb: Found deprecated directive @t-esc='request.csrf_token(None)' in template 181. Replace by @t-out 
2025-08-06 05:43:46,552 40816 WARNING odoo_test_1 odoo.addons.base.models.ir_qweb: Found deprecated directive @t-esc='debug' in template 181. Replace by @t-out 
2025-08-06 05:43:47,213 40816 INFO odoo_test_1 odoo.addons.base.models.assetsbundle: Failed to find attachment for assets /web/assets/%-ddb6cce/web.assets_frontend.css 
2025-08-06 05:43:54,724 40816 INFO odoo_test_1 odoo.addons.base.models.assetsbundle: Failed to find attachment for assets /web/assets/%-ddb6cce/web.assets_frontend.css.map 
2025-08-06 05:43:54,734 40816 INFO odoo_test_1 odoo.addons.base.models.assetsbundle: Deleting ir.attachment [551] (from bundle web.assets_frontend) 
2025-08-06 05:43:54,885 40816 INFO odoo_test_1 odoo.addons.base.models.assetsbundle: Deleting ir.attachment [552] (from bundle web.assets_frontend) 
2025-08-06 05:43:55,493 40816 INFO odoo_test_1 odoo.addons.base.models.assetsbundle: Failed to find attachment for assets /web/assets/%-bd02d63/web.assets_frontend_lazy.js 
2025-08-06 05:43:55,559 40816 INFO odoo_test_1 odoo.addons.base.models.assetsbundle: Failed to find attachment for assets /web/assets/%-bd02d63/web.assets_frontend_lazy.js.map 
2025-08-06 05:43:55,565 40816 INFO odoo_test_1 odoo.addons.base.models.assetsbundle: Deleting ir.attachment [555] (from bundle web.assets_frontend_lazy) 
2025-08-06 05:43:56,297 40816 INFO odoo_test_1 odoo.addons.base.models.assetsbundle: Deleting ir.attachment [556] (from bundle web.assets_frontend_lazy) 
2025-08-06 05:43:56,639 40816 WARNING odoo_test_1 odoo.addons.base.models.ir_qweb: Found deprecated directive @t-esc="user_id.name[:23] + '...' if user_id.name and len(user_id.name) > 25 else user_id.name" in template 450. Replace by @t-out 
2025-08-06 05:43:56,669 40816 WARNING odoo_test_1 odoo.addons.base.models.ir_qweb: Found deprecated directive @t-esc="active_lang[2].split('/').pop()" in template 449. Replace by @t-out 
2025-08-06 05:43:56,674 40816 WARNING odoo_test_1 odoo.addons.base.models.ir_qweb: Found deprecated directive @t-esc="lg[2].split('/').pop()" in template 449. Replace by @t-out 
2025-08-06 05:43:56,725 40816 INFO odoo_test_1 werkzeug: 10.2.0.2 - - [06/Aug/2025 05:43:56] "GET /null/static/description/icon.png HTTP/1.1" 404 - 173 0.240 10.176
2025-08-06 05:44:15,636 40816 DEBUG ? odoo.service.server: cron0 polling for jobs 
2025-08-06 05:44:16,715 40816 DEBUG ? odoo.service.server: cron1 polling for jobs 
2025-08-06 05:44:47,098 40816 DEBUG odoo_test_1 odoo.modules.registry: Multiprocess signaling check: [Registry - 4 -> 4] [Cache - 143 -> 143] 
2025-08-06 05:45:15,653 40816 DEBUG ? odoo.service.server: cron0 polling for jobs 
2025-08-06 05:45:17,744 40816 DEBUG ? odoo.service.server: cron1 polling for jobs 
2025-08-06 05:45:17,750 40816 DEBUG odoo_test_1 odoo.addons.base.models.ir_cron: job 13 acquired 
2025-08-06 05:45:17,756 40816 DEBUG odoo_test_1 odoo.modules.registry: Multiprocess signaling check: [Registry - 4 -> 4] [Cache - 143 -> 143] 
2025-08-06 05:45:17,757 40816 DEBUG odoo_test_1 odoo.addons.base.models.ir_cron: cron.object.execute('odoo_test_1', 1, '*', 'payment: post-process transactions', 285) 
2025-08-06 05:45:17,757 40816 INFO odoo_test_1 odoo.addons.base.models.ir_cron: Starting job `payment: post-process transactions`. 
2025-08-06 05:45:17,767 40816 INFO odoo_test_1 odoo.addons.base.models.ir_cron: Job `payment: post-process transactions` done. 
2025-08-06 05:45:17,768 40816 DEBUG odoo_test_1 odoo.addons.base.models.ir_cron: 0.011s (cron payment: post-process transactions, server action 285 with uid 1) 
2025-08-06 05:45:17,777 40816 DEBUG odoo_test_1 odoo.addons.base.models.ir_cron: job 13 updated and released 
2025-08-06 05:45:48,092 40816 DEBUG odoo_test_1 odoo.modules.registry: Multiprocess signaling check: [Registry - 4 -> 4] [Cache - 143 -> 143] 
2025-08-06 05:46:15,658 40816 DEBUG ? odoo.service.server: cron0 polling for jobs 
2025-08-06 05:46:18,799 40816 DEBUG ? odoo.service.server: cron1 polling for jobs 
2025-08-06 05:46:49,095 40816 DEBUG odoo_test_1 odoo.modules.registry: Multiprocess signaling check: [Registry - 4 -> 4] [Cache - 143 -> 143] 
2025-08-06 05:47:15,661 40816 DEBUG ? odoo.service.server: cron0 polling for jobs 
2025-08-06 05:47:19,817 40816 DEBUG ? odoo.service.server: cron1 polling for jobs 
2025-08-06 05:47:50,090 40816 DEBUG odoo_test_1 odoo.modules.registry: Multiprocess signaling check: [Registry - 4 -> 4] [Cache - 143 -> 143] 
2025-08-06 05:48:15,673 40816 DEBUG ? odoo.service.server: cron0 polling for jobs 
2025-08-06 05:48:20,844 40816 DEBUG ? odoo.service.server: cron1 polling for jobs 
2025-08-06 05:48:46,361 40816 INFO ? odoo.service.server: Initiating shutdown 
2025-08-06 05:48:46,361 40816 INFO ? odoo.service.server: Hit CTRL-C again or send a second signal to force the shutdown. 
2025-08-06 05:48:46,724 40816 DEBUG ? odoo.service.server: on_close call <bound method Event.set of <threading.Event at 0x1b619a8c9b0: unset>> 
2025-08-06 05:48:46,725 40816 DEBUG ? odoo.service.server: on_close call <function _kick_all at 0x000001B621152520> 
2025-08-06 05:48:46,725 40816 DEBUG ? odoo.service.server: current thread: <_MainThread(MainThread, started 53452)> 
2025-08-06 05:48:46,726 40816 DEBUG ? odoo.service.server: process <_MainThread(MainThread, started 53452)> (False) 
2025-08-06 05:48:46,726 40816 DEBUG ? odoo.service.server: process <Thread(odoo.service.cron.cron0, started daemon 48856)> (True) 
2025-08-06 05:48:46,727 40816 DEBUG ? odoo.service.server: process <Thread(odoo.service.cron.cron1, started daemon 82464)> (True) 
2025-08-06 05:48:46,727 40816 DEBUG ? odoo.service.server: process <ImDispatch(odoo.addons.bus.models.bus.Bus, started daemon 80672)> (True) 
2025-08-06 05:48:46,727 40816 DEBUG ? odoo.service.server: process <Thread(odoo.service.http.request.81896, stopped 81896)> (False) 
2025-08-06 05:48:46,736 40816 INFO ? odoo.sql_db: ConnectionPool(used=0/count=0/max=64): Closed 7 connections  
2025-08-06 05:48:46,736 40816 DEBUG ? odoo.service.server: -- 
2025-08-06 05:48:56,161 82464 DEBUG ? odoo.netsvc: logger level set: "odoo.http.rpc.request:INFO" 
2025-08-06 05:48:56,162 82464 DEBUG ? odoo.netsvc: logger level set: "odoo.http.rpc.response:INFO" 
2025-08-06 05:48:56,162 82464 DEBUG ? odoo.netsvc: logger level set: ":INFO" 
2025-08-06 05:48:56,162 82464 DEBUG ? odoo.netsvc: logger level set: "odoo:DEBUG" 
2025-08-06 05:48:56,162 82464 DEBUG ? odoo.netsvc: logger level set: "odoo.sql_db:INFO" 
2025-08-06 05:48:56,162 82464 DEBUG ? odoo.netsvc: logger level set: ":INFO" 
2025-08-06 05:48:56,162 82464 INFO ? odoo: Odoo version 16.0 
2025-08-06 05:48:56,163 82464 INFO ? odoo: Using configuration file at C:\working\python\django\odoo\odoo.conf 
2025-08-06 05:48:56,163 82464 INFO ? odoo: addons paths: ['C:\\working\\python\\django\\odoo\\odoo\\addons', 'c:\\users\\rupesh\\appdata\\local\\openerp s.a\\odoo\\addons\\16.0', 'c:\\working\\python\\django\\odoo\\odoo\\addons', 'c:\\working\\python\\django\\odoo\\addons', 'c:\\working\\python\\django\\odoo\\custom-addons'] 
2025-08-06 05:48:56,163 82464 INFO ? odoo: database: odoo_user@localhost:5432 
2025-08-06 05:48:56,488 82464 INFO ? odoo.addons.base.models.ir_actions_report: You need Wkhtmltopdf to print a pdf version of the reports. 
2025-08-06 05:48:57,014 82464 WARNING ? odoo.service.server: 'watchdog' module not installed. Code autoreload feature is disabled 
2025-08-06 05:48:57,015 82464 DEBUG ? odoo.service.server: Setting signal handlers 
2025-08-06 05:48:57,017 82464 DEBUG ? odoo.service.server: cron0 started! 
2025-08-06 05:48:57,019 82464 DEBUG ? odoo.service.server: cron1 started! 
2025-08-06 05:48:57,026 82464 INFO ? odoo.service.server: HTTP service (werkzeug) running on DESKTOP-84A4AEN:8069 
2025-08-06 05:48:57,767 82464 DEBUG ? odoo.http: HTTP sessions stored in: c:\users\rupesh\appdata\local\openerp s.a\odoo\sessions 
2025-08-06 05:48:57,889 82464 DEBUG ? odoo.modules.registry: Multiprocess load registry signaling: [Registry: 4] [Cache: 143] 
2025-08-06 05:48:57,897 82464 INFO ? odoo.modules.loading: loading 1 modules... 
2025-08-06 05:48:57,897 82464 DEBUG ? odoo.modules.loading: Loading module base (1/1) 
2025-08-06 05:48:57,910 82464 DEBUG ? odoo.modules.loading: Module base loaded in 0.01s, 0 queries 
2025-08-06 05:48:57,910 82464 INFO ? odoo.modules.loading: 1 modules loaded in 0.01s, 0 queries (+0 extra) 
2025-08-06 05:48:57,917 82464 WARNING ? odoo.modules.module: Missing `license` key in manifest for 'commercium_connector', defaulting to LGPL-3 
2025-08-06 05:48:58,023 82464 DEBUG ? odoo.modules.loading: Updating graph with 48 more modules 
2025-08-06 05:48:58,023 82464 INFO ? odoo.modules.loading: loading 49 modules... 
2025-08-06 05:48:58,024 82464 DEBUG ? odoo.modules.loading: Loading module uom (2/49) 
2025-08-06 05:48:58,030 82464 DEBUG ? odoo.modules.loading: Module uom loaded in 0.01s, 0 queries 
2025-08-06 05:48:58,030 82464 DEBUG ? odoo.modules.loading: Loading module web (3/49) 
2025-08-06 05:48:58,034 82464 DEBUG ? odoo.modules.loading: Module web loaded in 0.00s, 0 queries 
2025-08-06 05:48:58,034 82464 DEBUG ? odoo.modules.loading: Loading module auth_totp (4/49) 
2025-08-06 05:48:58,065 82464 DEBUG ? odoo.modules.loading: Module auth_totp loaded in 0.03s, 0 queries 
2025-08-06 05:48:58,066 82464 DEBUG ? odoo.modules.loading: Loading module barcodes (5/49) 
2025-08-06 05:48:58,077 82464 DEBUG ? odoo.modules.loading: Module barcodes loaded in 0.01s, 0 queries 
2025-08-06 05:48:58,077 82464 DEBUG ? odoo.modules.loading: Loading module base_import (6/49) 
2025-08-06 05:48:58,627 82464 DEBUG ? odoo.modules.loading: Module base_import loaded in 0.55s, 0 queries 
2025-08-06 05:48:58,627 82464 DEBUG ? odoo.modules.loading: Loading module base_setup (7/49) 
2025-08-06 05:48:58,640 82464 DEBUG ? odoo.modules.loading: Module base_setup loaded in 0.01s, 0 queries 
2025-08-06 05:48:58,641 82464 DEBUG ? odoo.modules.loading: Loading module bus (8/49) 
2025-08-06 05:48:58,675 82464 DEBUG ? odoo.modules.loading: Module bus loaded in 0.03s, 0 queries 
2025-08-06 05:48:58,675 82464 DEBUG ? odoo.modules.loading: Loading module commercium_connector (9/49) 
2025-08-06 05:48:58,686 82464 DEBUG ? odoo.modules.loading: Module commercium_connector loaded in 0.01s, 0 queries 
2025-08-06 05:48:58,686 82464 DEBUG ? odoo.modules.loading: Loading module http_routing (10/49) 
2025-08-06 05:48:58,700 82464 DEBUG ? odoo.modules.loading: Module http_routing loaded in 0.01s, 0 queries 
2025-08-06 05:48:58,700 82464 DEBUG ? odoo.modules.loading: Loading module resource (11/49) 
2025-08-06 05:48:58,719 82464 DEBUG ? odoo.modules.loading: Module resource loaded in 0.02s, 0 queries 
2025-08-06 05:48:58,719 82464 DEBUG ? odoo.modules.loading: Loading module utm (12/49) 
2025-08-06 05:48:58,738 82464 DEBUG ? odoo.modules.loading: Module utm loaded in 0.02s, 0 queries 
2025-08-06 05:48:58,738 82464 DEBUG ? odoo.modules.loading: Loading module web_kanban_gauge (13/49) 
2025-08-06 05:48:58,741 82464 DEBUG ? odoo.modules.loading: Module web_kanban_gauge loaded in 0.00s, 0 queries 
2025-08-06 05:48:58,741 82464 DEBUG ? odoo.modules.loading: Loading module web_tour (14/49) 
2025-08-06 05:48:58,747 82464 DEBUG ? odoo.modules.loading: Module web_tour loaded in 0.01s, 0 queries 
2025-08-06 05:48:58,748 82464 DEBUG ? odoo.modules.loading: Loading module barcodes_gs1_nomenclature (15/49) 
2025-08-06 05:48:58,756 82464 DEBUG ? odoo.modules.loading: Module barcodes_gs1_nomenclature loaded in 0.01s, 0 queries 
2025-08-06 05:48:58,756 82464 DEBUG ? odoo.modules.loading: Loading module iap (16/49) 
2025-08-06 05:48:58,772 82464 DEBUG ? odoo.modules.loading: Module iap loaded in 0.02s, 0 queries 
2025-08-06 05:48:58,772 82464 DEBUG ? odoo.modules.loading: Loading module mail (17/49) 
2025-08-06 05:48:58,970 82464 DEBUG ? odoo.modules.loading: Module mail loaded in 0.20s, 0 queries 
2025-08-06 05:48:58,970 82464 DEBUG ? odoo.modules.loading: Loading module spreadsheet (18/49) 
2025-08-06 05:48:58,977 82464 DEBUG ? odoo.modules.loading: Module spreadsheet loaded in 0.01s, 0 queries 
2025-08-06 05:48:58,977 82464 DEBUG ? odoo.modules.loading: Loading module web_editor (19/49) 
2025-08-06 05:48:59,016 82464 DEBUG ? odoo.modules.loading: Module web_editor loaded in 0.04s, 0 queries 
2025-08-06 05:48:59,016 82464 DEBUG ? odoo.modules.loading: Loading module analytic (20/49) 
2025-08-06 05:48:59,031 82464 DEBUG ? odoo.modules.loading: Module analytic loaded in 0.01s, 0 queries 
2025-08-06 05:48:59,031 82464 DEBUG ? odoo.modules.loading: Loading module auth_signup (21/49) 
2025-08-06 05:48:59,046 82464 DEBUG ? odoo.modules.loading: Module auth_signup loaded in 0.01s, 0 queries 
2025-08-06 05:48:59,046 82464 DEBUG ? odoo.modules.loading: Loading module auth_totp_mail (22/49) 
2025-08-06 05:48:59,051 82464 DEBUG ? odoo.modules.loading: Module auth_totp_mail loaded in 0.00s, 0 queries 
2025-08-06 05:48:59,051 82464 DEBUG ? odoo.modules.loading: Loading module base_install_request (23/49) 
2025-08-06 05:48:59,061 82464 DEBUG ? odoo.modules.loading: Module base_install_request loaded in 0.01s, 0 queries 
2025-08-06 05:48:59,061 82464 DEBUG ? odoo.modules.loading: Loading module google_gmail (24/49) 
2025-08-06 05:48:59,076 82464 DEBUG ? odoo.modules.loading: Module google_gmail loaded in 0.01s, 0 queries 
2025-08-06 05:48:59,076 82464 DEBUG ? odoo.modules.loading: Loading module iap_mail (25/49) 
2025-08-06 05:48:59,081 82464 DEBUG ? odoo.modules.loading: Module iap_mail loaded in 0.00s, 0 queries 
2025-08-06 05:48:59,082 82464 DEBUG ? odoo.modules.loading: Loading module mail_bot (26/49) 
2025-08-06 05:48:59,092 82464 DEBUG ? odoo.modules.loading: Module mail_bot loaded in 0.01s, 0 queries 
2025-08-06 05:48:59,093 82464 DEBUG ? odoo.modules.loading: Loading module phone_validation (27/49) 
2025-08-06 05:48:59,217 82464 DEBUG ? odoo.modules.loading: Module phone_validation loaded in 0.12s, 0 queries 
2025-08-06 05:48:59,218 82464 DEBUG ? odoo.modules.loading: Loading module privacy_lookup (28/49) 
2025-08-06 05:48:59,229 82464 DEBUG ? odoo.modules.loading: Module privacy_lookup loaded in 0.01s, 0 queries 
2025-08-06 05:48:59,229 82464 DEBUG ? odoo.modules.loading: Loading module product (29/49) 
2025-08-06 05:48:59,396 82464 DEBUG ? odoo.modules.loading: Module product loaded in 0.17s, 0 queries 
2025-08-06 05:48:59,396 82464 DEBUG ? odoo.modules.loading: Loading module sales_team (30/49) 
2025-08-06 05:48:59,411 82464 DEBUG ? odoo.modules.loading: Module sales_team loaded in 0.02s, 0 queries 
2025-08-06 05:48:59,411 82464 DEBUG ? odoo.modules.loading: Loading module spreadsheet_dashboard (31/49) 
2025-08-06 05:48:59,420 82464 DEBUG ? odoo.modules.loading: Module spreadsheet_dashboard loaded in 0.01s, 0 queries 
2025-08-06 05:48:59,420 82464 DEBUG ? odoo.modules.loading: Loading module web_unsplash (32/49) 
2025-08-06 05:48:59,440 82464 DEBUG ? odoo.modules.loading: Module web_unsplash loaded in 0.02s, 0 queries 
2025-08-06 05:48:59,441 82464 DEBUG ? odoo.modules.loading: Loading module partner_autocomplete (33/49) 
2025-08-06 05:48:59,459 82464 DEBUG ? odoo.modules.loading: Module partner_autocomplete loaded in 0.02s, 0 queries 
2025-08-06 05:48:59,459 82464 DEBUG ? odoo.modules.loading: Loading module portal (34/49) 
2025-08-06 05:48:59,486 82464 DEBUG ? odoo.modules.loading: Module portal loaded in 0.03s, 0 queries 
2025-08-06 05:48:59,487 82464 DEBUG ? odoo.modules.loading: Loading module sms (35/49) 
2025-08-06 05:48:59,525 82464 DEBUG ? odoo.modules.loading: Module sms loaded in 0.04s, 0 queries 
2025-08-06 05:48:59,525 82464 DEBUG ? odoo.modules.loading: Loading module snailmail (36/49) 
2025-08-06 05:48:59,551 82464 DEBUG ? odoo.modules.loading: Module snailmail loaded in 0.03s, 0 queries 
2025-08-06 05:48:59,551 82464 DEBUG ? odoo.modules.loading: Loading module auth_totp_portal (37/49) 
2025-08-06 05:48:59,556 82464 DEBUG ? odoo.modules.loading: Module auth_totp_portal loaded in 0.01s, 0 queries 
2025-08-06 05:48:59,556 82464 DEBUG ? odoo.modules.loading: Loading module digest (38/49) 
2025-08-06 05:48:59,571 82464 DEBUG ? odoo.modules.loading: Module digest loaded in 0.02s, 0 queries 
2025-08-06 05:48:59,571 82464 DEBUG ? odoo.modules.loading: Loading module payment (39/49) 
2025-08-06 05:48:59,606 82464 DEBUG ? odoo.modules.loading: Module payment loaded in 0.03s, 0 queries 
2025-08-06 05:48:59,606 82464 DEBUG ? odoo.modules.loading: Loading module account (40/49) 
2025-08-06 05:48:59,840 82464 DEBUG ? odoo.modules.loading: Module account loaded in 0.23s, 0 queries 
2025-08-06 05:48:59,840 82464 DEBUG ? odoo.modules.loading: Loading module stock (41/49) 
2025-08-06 05:48:59,846 82464 DEBUG ? odoo.modules.loading: Module stock loaded in 0.01s, 0 queries 
2025-08-06 05:48:59,846 82464 DEBUG ? odoo.modules.loading: Loading module account_edi (42/49) 
2025-08-06 05:48:59,871 82464 DEBUG ? odoo.modules.loading: Module account_edi loaded in 0.02s, 0 queries 
2025-08-06 05:48:59,871 82464 DEBUG ? odoo.modules.loading: Loading module account_payment (43/49) 
2025-08-06 05:48:59,903 82464 DEBUG ? odoo.modules.loading: Module account_payment loaded in 0.03s, 0 queries 
2025-08-06 05:48:59,903 82464 DEBUG ? odoo.modules.loading: Loading module account_sequence (44/49) 
2025-08-06 05:48:59,911 82464 DEBUG ? odoo.modules.loading: Module account_sequence loaded in 0.01s, 0 queries 
2025-08-06 05:48:59,911 82464 DEBUG ? odoo.modules.loading: Loading module snailmail_account (45/49) 
2025-08-06 05:48:59,928 82464 DEBUG ? odoo.modules.loading: Module snailmail_account loaded in 0.02s, 0 queries 
2025-08-06 05:48:59,929 82464 DEBUG ? odoo.modules.loading: Loading module spreadsheet_account (46/49) 
2025-08-06 05:48:59,935 82464 DEBUG ? odoo.modules.loading: Module spreadsheet_account loaded in 0.01s, 0 queries 
2025-08-06 05:48:59,936 82464 DEBUG ? odoo.modules.loading: Loading module spreadsheet_dashboard_account (47/49) 
2025-08-06 05:48:59,938 82464 DEBUG ? odoo.modules.loading: Module spreadsheet_dashboard_account loaded in 0.00s, 0 queries 
2025-08-06 05:48:59,939 82464 DEBUG ? odoo.modules.loading: Loading module stock_account (48/49) 
2025-08-06 05:48:59,973 82464 DEBUG ? odoo.modules.loading: Module stock_account loaded in 0.03s, 0 queries 
2025-08-06 05:48:59,973 82464 DEBUG ? odoo.modules.loading: Loading module stock_sms (49/49) 
2025-08-06 05:48:59,986 82464 DEBUG ? odoo.modules.loading: Module stock_sms loaded in 0.01s, 0 queries 
2025-08-06 05:48:59,986 82464 INFO ? odoo.modules.loading: 49 modules loaded in 1.96s, 0 queries (+0 extra) 
2025-08-06 05:49:00,267 82464 INFO ? odoo.modules.loading: Modules loaded. 
2025-08-06 05:49:00,276 82464 INFO ? odoo.modules.registry: Registry loaded in 2.506s 
2025-08-06 05:49:00,277 82464 DEBUG ? odoo.modules.registry: Multiprocess signaling check: [Registry - 4 -> 4] [Cache - 143 -> 143] 
2025-08-06 05:49:00,278 82464 INFO odoo_test_1 odoo.addons.base.models.ir_http: Generating routing map for key None 
2025-08-06 05:49:00,985 82464 INFO odoo_test_1 werkzeug: 10.2.0.2 - - [06/Aug/2025 05:49:00] "GET /websocket HTTP/1.1" 101 - 27 0.088 3.133
2025-08-06 05:49:00,994 82464 DEBUG odoo_test_1 odoo.modules.registry: Multiprocess signaling check: [Registry - 4 -> 4] [Cache - 143 -> 143] 
2025-08-06 05:49:01,013 82464 INFO ? odoo.addons.bus.models.bus: Bus.loop listen imbus on db postgres 
2025-08-06 05:49:01,122 82464 DEBUG odoo_test_1 odoo.modules.registry: Multiprocess signaling check: [Registry - 4 -> 4] [Cache - 143 -> 143] 
2025-08-06 05:49:02,399 82464 DEBUG ? odoo.modules.registry: Multiprocess signaling check: [Registry - 4 -> 4] [Cache - 143 -> 143] 
2025-08-06 05:49:02,727 82464 WARNING odoo_test_1 odoo.modules.module: Missing `license` key in manifest for 'commercium_connector', defaulting to LGPL-3 
2025-08-06 05:49:04,020 82464 DEBUG odoo_test_1 odoo.modules.module: module https:: no manifest file found ('__manifest__.py', '__openerp__.py') 
2025-08-06 05:49:05,165 82464 WARNING odoo_test_1 odoo.addons.base.models.ir_qweb: Found deprecated directive @t-esc="title or 'Odoo'" in template 180. Replace by @t-out 
2025-08-06 05:49:05,166 82464 WARNING odoo_test_1 odoo.addons.base.models.ir_qweb: Found deprecated directive @t-esc='request.csrf_token(None)' in template 180. Replace by @t-out 
2025-08-06 05:49:05,167 82464 WARNING odoo_test_1 odoo.addons.base.models.ir_qweb: Found deprecated directive @t-esc='debug' in template 180. Replace by @t-out 
2025-08-06 05:49:05,178 82464 INFO odoo_test_1 werkzeug: 10.2.0.2 - - [06/Aug/2025 05:49:05] "GET /web HTTP/1.1" 200 - 101 0.131 2.651
2025-08-06 05:49:05,287 82464 DEBUG ? odoo.modules.module: module __init__.py: no manifest file found ('__manifest__.py', '__openerp__.py') 
2025-08-06 05:49:05,287 82464 DEBUG ? odoo.modules.module: module __init__.py: no manifest file found ('__manifest__.py', '__openerp__.py') 
2025-08-06 05:49:05,288 82464 DEBUG ? odoo.modules.module: module __pycache__: no manifest file found ('__manifest__.py', '__openerp__.py') 
2025-08-06 05:49:05,288 82464 DEBUG ? odoo.modules.module: module __pycache__: no manifest file found ('__manifest__.py', '__openerp__.py') 
2025-08-06 05:49:07,330 82464 WARNING ? odoo.modules.module: Missing `license` key in manifest for 'my_custom_module', defaulting to LGPL-3 
2025-08-06 05:49:07,331 82464 WARNING ? odoo.modules.module: Missing `license` key in manifest for 'my_custom_module', defaulting to LGPL-3 
2025-08-06 05:49:07,331 82464 WARNING ? odoo.modules.module: Missing `license` key in manifest for 'my_custom_module', defaulting to LGPL-3 
2025-08-06 05:49:07,332 82464 DEBUG ? odoo.modules.registry: Multiprocess signaling check: [Registry - 4 -> 4] [Cache - 143 -> 143] 
2025-08-06 05:49:07,405 82464 DEBUG ? odoo.modules.registry: Multiprocess signaling check: [Registry - 4 -> 4] [Cache - 143 -> 143] 
2025-08-06 05:49:07,484 82464 DEBUG ? odoo.modules.registry: Multiprocess signaling check: [Registry - 4 -> 4] [Cache - 143 -> 143] 
2025-08-06 05:49:07,496 82464 INFO odoo_test_1 werkzeug: 10.2.0.2 - - [06/Aug/2025 05:49:07] "GET /web/assets/debug/web.assets_backend.css HTTP/1.1" 304 - 5 0.009 2.280
2025-08-06 05:49:07,510 82464 INFO odoo_test_1 werkzeug: 10.2.0.2 - - [06/Aug/2025 05:49:07] "GET /web/assets/debug/web.assets_common.js HTTP/1.1" 304 - 5 0.018 1.977
2025-08-06 05:49:07,514 82464 INFO odoo_test_1 werkzeug: 10.2.0.2 - - [06/Aug/2025 05:49:07] "GET /web/assets/debug/web.assets_common.css HTTP/1.1" 304 - 5 0.023 2.285
2025-08-06 05:49:07,835 82464 DEBUG ? odoo.modules.registry: Multiprocess signaling check: [Registry - 4 -> 4] [Cache - 143 -> 143] 
2025-08-06 05:49:07,843 82464 INFO odoo_test_1 werkzeug: 10.2.0.2 - - [06/Aug/2025 05:49:07] "GET /web/assets/debug/web.assets_backend.js HTTP/1.1" 304 - 5 0.004 0.006
2025-08-06 05:49:07,885 82464 DEBUG ? odoo.modules.registry: Multiprocess signaling check: [Registry - 4 -> 4] [Cache - 143 -> 143] 
2025-08-06 05:49:07,897 82464 INFO odoo_test_1 werkzeug: 10.2.0.2 - - [06/Aug/2025 05:49:07] "GET /web/assets/debug/web.assets_backend_prod_only.js HTTP/1.1" 304 - 5 0.006 0.009
2025-08-06 05:49:08,092 82464 DEBUG ? odoo.modules.registry: Multiprocess signaling check: [Registry - 4 -> 4] [Cache - 143 -> 143] 
2025-08-06 05:49:08,101 82464 INFO odoo_test_1 werkzeug: 10.2.0.2 - - [06/Aug/2025 05:49:08] "GET /web/assets/debug/web.assets_tests.js HTTP/1.1" 304 - 5 0.003 0.010
2025-08-06 05:49:09,711 82464 DEBUG ? odoo.modules.registry: Multiprocess signaling check: [Registry - 4 -> 4] [Cache - 143 -> 143] 
2025-08-06 05:49:09,780 82464 INFO odoo_test_1 werkzeug: 10.2.0.2 - - [06/Aug/2025 05:49:09] "POST /web/action/load HTTP/1.1" 200 - 11 0.054 0.017
2025-08-06 05:49:10,046 82464 DEBUG ? odoo.modules.registry: Multiprocess signaling check: [Registry - 4 -> 4] [Cache - 143 -> 143] 
2025-08-06 05:49:10,061 82464 INFO odoo_test_1 werkzeug: 10.2.0.2 - - [06/Aug/2025 05:49:10] "GET /bus/websocket_worker_bundle?v=1.0.5 HTTP/1.1" 304 - 7 0.004 0.013
2025-08-06 05:49:10,428 82464 DEBUG ? odoo.modules.registry: Multiprocess signaling check: [Registry - 4 -> 4] [Cache - 143 -> 143] 
2025-08-06 05:49:10,428 82464 DEBUG ? odoo.modules.registry: Multiprocess signaling check: [Registry - 4 -> 4] [Cache - 143 -> 143] 
2025-08-06 05:49:10,435 82464 DEBUG odoo_test_1 odoo.api: call res.users().systray_get_activities() 
2025-08-06 05:49:10,473 82464 INFO odoo_test_1 werkzeug: 10.2.0.2 - - [06/Aug/2025 05:49:10] "POST /web/dataset/call_kw/res.users/systray_get_activities HTTP/1.1" 200 - 4 0.037 0.014
2025-08-06 05:49:10,479 82464 INFO ? werkzeug: 10.2.0.2 - - [06/Aug/2025 05:49:10] "GET /web/static/img/favicon.ico HTTP/1.1" 304 - 0 0.000 0.010
2025-08-06 05:49:10,515 82464 DEBUG ? odoo.modules.registry: Multiprocess signaling check: [Registry - 4 -> 4] [Cache - 143 -> 143] 
2025-08-06 05:49:10,520 82464 INFO odoo_test_1 werkzeug: 10.2.0.2 - - [06/Aug/2025 05:49:10] "GET /websocket HTTP/1.1" 101 - 1 0.000 0.008
2025-08-06 05:49:10,531 82464 DEBUG odoo_test_1 odoo.modules.registry: Multiprocess signaling check: [Registry - 4 -> 4] [Cache - 143 -> 143] 
2025-08-06 05:49:10,597 82464 INFO odoo_test_1 werkzeug: 10.2.0.2 - - [06/Aug/2025 05:49:10] "POST /mail/init_messaging HTTP/1.1" 200 - 69 0.120 0.056
2025-08-06 05:49:10,694 82464 DEBUG ? odoo.modules.registry: Multiprocess signaling check: [Registry - 4 -> 4] [Cache - 143 -> 143] 
2025-08-06 05:49:10,748 82464 INFO odoo_test_1 werkzeug: 10.2.0.2 - - [06/Aug/2025 05:49:10] "POST /mail/load_message_failures HTTP/1.1" 200 - 3 0.046 0.013
2025-08-06 05:49:11,095 82464 DEBUG odoo_test_1 odoo.modules.registry: Multiprocess signaling check: [Registry - 4 -> 4] [Cache - 143 -> 143] 
2025-08-06 05:49:13,691 82464 INFO ? werkzeug: 10.2.0.2 - - [06/Aug/2025 05:49:13] "GET /mail/static/src/audio/ting.ogg HTTP/1.1" 206 - 0 0.000 0.004
2025-08-06 05:49:13,999 82464 INFO ? werkzeug: 10.2.0.2 - - [06/Aug/2025 05:49:13] "GET /web/static/lib/odoo_ui_icons/fonts/odoo_ui_icons.woff2 HTTP/1.1" 304 - 0 0.000 0.003
2025-08-06 05:49:14,033 82464 DEBUG ? odoo.modules.registry: Multiprocess signaling check: [Registry - 4 -> 4] [Cache - 143 -> 143] 
2025-08-06 05:49:14,033 82464 DEBUG ? odoo.modules.registry: Multiprocess signaling check: [Registry - 4 -> 4] [Cache - 143 -> 143] 
2025-08-06 05:49:14,034 82464 DEBUG ? odoo.modules.registry: Multiprocess signaling check: [Registry - 4 -> 4] [Cache - 143 -> 143] 
2025-08-06 05:49:14,037 82464 DEBUG odoo_test_1 odoo.api: call res.config.settings().get_views(options={'action_id': 88, 'load_filters': False, 'toolbar': False}, views=[[False, 'form']]) 
2025-08-06 05:49:14,068 82464 INFO odoo_test_1 werkzeug: 10.2.0.2 - - [06/Aug/2025 05:49:14] "GET /web/image/res.company/1/favicon HTTP/1.1" 304 - 12 0.024 0.015
2025-08-06 05:49:14,130 82464 INFO odoo_test_1 werkzeug: 10.2.0.2 - - [06/Aug/2025 05:49:14] "GET /web/image?model=res.users&field=avatar_128&id=2 HTTP/1.1" 304 - 19 0.068 0.032
2025-08-06 05:49:14,389 82464 DEBUG ? odoo.modules.registry: Multiprocess signaling check: [Registry - 4 -> 4] [Cache - 143 -> 143] 
2025-08-06 05:49:14,433 82464 INFO odoo_test_1 werkzeug: 10.2.0.2 - - [06/Aug/2025 05:49:14] "GET /web/image/res.company/1/favicon HTTP/1.1" 304 - 12 0.014 0.032
2025-08-06 05:49:14,469 82464 INFO odoo_test_1 werkzeug: 10.2.0.2 - - [06/Aug/2025 05:49:14] "POST /web/dataset/call_kw/res.config.settings/get_views HTTP/1.1" 200 - 60 0.080 0.363
2025-08-06 05:49:14,751 82464 DEBUG ? odoo.modules.registry: Multiprocess signaling check: [Registry - 4 -> 4] [Cache - 143 -> 143] 
2025-08-06 05:49:14,778 82464 INFO odoo_test_1 werkzeug: 10.2.0.2 - - [06/Aug/2025 05:49:14] "GET /web/image/res.company/1/favicon HTTP/1.1" 304 - 12 0.011 0.018
2025-08-06 05:49:14,882 82464 DEBUG ? odoo.modules.registry: Multiprocess signaling check: [Registry - 4 -> 4] [Cache - 143 -> 143] 
2025-08-06 05:49:14,887 82464 DEBUG odoo_test_1 odoo.api: call res.config.settings().onchange({}, [], {'active_user_count': '', 'language_count': '', 'company_id': '1', 'company_name': '', 'company_informations': '', 'external_report_layout_id': '', 'company_count': '', 'primary_color': '', 'secondary_color': '', 'product_weight_in_lbs': '', 'product_volume_volume_in_cubic_feet': '', 'external_email_server_default': '', 'alias_domain': '', 'module_google_gmail': '1', 'google_gmail_client_identifier': '', 'google_gmail_client_secret': '', 'module_microsoft_outlook': '1', 'use_twilio_rtc_servers': '', 'twilio_account_sid': '', 'twilio_account_token': '', 'restrict_template_rendering': '', 'digest_emails': '', 'digest_id': '', 'module_partner_autocomplete': '1', 'auth_signup_uninvited': '', 'auth_signup_reset_password': '', 'user_default_rights': '', 'portal_allow_api_keys': '', 'module_base_import': '1', 'show_effect': '', 'module_mail_plugin': '1', 'module_microsoft_calendar': '1', 'module_google_calendar': '1', 'module_product_images': '1', 'module_auth_oauth': '1', 'module_auth_ldap': '1', 'module_web_unsplash': '1', 'unsplash_access_key': '', 'unsplash_app_id': '', 'module_base_geolocalize': '1', 'module_google_recaptcha': '1', 'profiling_enabled_until': '', 'commercium_domain': '', 'commercium_db': '', 'commercium_username': '', 'commercium_password': '', 'platform_connected': '', 'group_stock_tracking_lot': '', 'module_stock_picking_batch': '1', 'group_stock_picking_wave': '', 'group_warning_stock': '', 'module_quality_control': '1', 'module_quality_control_worksheet': '1', 'annual_inventory_day': '', 'annual_inventory_month': '', 'group_stock_reception_report': '', 'module_stock_barcode': '1', 'stock_move_email_validation': '', 'stock_move_sms_validation': '', 'stock_sms_confirmation_template_id': '', 'group_stock_sign_delivery': '', 'module_delivery': '1', 'module_delivery_bpost': '1', 'module_delivery_easypost': '1', 'module_delivery_sendcloud': '1', 'group_product_variant': '1', 'group_uom': '', 'group_stock_packaging': '', 'group_stock_production_lot': '1', 'group_stock_lot_print_gs1': '', 'module_product_expiry': '1', 'group_lot_on_delivery_slip': '', 'group_stock_tracking_owner': '', 'module_stock_landed_costs': '1', 'group_lot_on_invoice': '', 'group_stock_multi_locations': '1', 'group_stock_adv_location': '1', 'group_stock_storage_categories': '', 'country_code': '', 'has_chart_of_accounts': '', 'has_accounting_entries': '', 'chart_template_id': '', 'sale_tax_id': '', 'purchase_tax_id': '', 'tax_calculation_rounding_method': '', 'early_pay_discount_computation': '', 'module_account_taxcloud': '1', 'module_l10n_eu_oss': '1', 'tax_exigibility': '1', 'account_fiscal_country_id': '', 'currency_id': '', 'group_multi_currency': '', 'module_currency_rate_live': '1', 'invoice_is_print': '', 'invoice_is_email': '', 'invoice_is_snailmail': '', 'module_snailmail_account': '1', 'snailmail_color': '', 'snailmail_duplex': '', 'snailmail_cover': '', 'group_sale_delivery_address': '', 'show_line_subtotals_tax_selection': '1', 'group_show_line_subtotals_tax_excluded': '', 'group_show_line_subtotals_tax_included': '', 'group_warning_account': '', 'group_cash_rounding': '', 'module_account_intrastat': '1', 'incoterm_id': '', 'group_show_sale_receipts': '', 'use_invoice_terms': '', 'terms_type': '1', 'invoice_terms': '', 'preview_ready': '', 'account_use_credit_limit': '', 'account_default_credit_limit': '', 'module_account_payment': '1', 'module_account_batch_payment': '1', 'module_account_sepa_direct_debit': '1', 'qr_code': '', 'group_show_purchase_receipts': '', 'module_account_sepa': '1', 'module_account_invoice_extract': '1', 'module_product_margin': '1', 'account_storno': '', 'quick_edit_mode': ''}) 
2025-08-06 05:49:15,055 82464 INFO odoo_test_1 werkzeug: 10.2.0.2 - - [06/Aug/2025 05:49:15] "POST /web/dataset/call_kw/res.config.settings/onchange HTTP/1.1" 200 - 133 0.115 0.064
2025-08-06 05:49:15,622 82464 DEBUG ? odoo.modules.registry: Multiprocess signaling check: [Registry - 4 -> 4] [Cache - 143 -> 143] 
2025-08-06 05:49:15,650 82464 INFO odoo_test_1 werkzeug: 10.2.0.2 - - [06/Aug/2025 05:49:15] "POST /base_setup/demo_active HTTP/1.1" 200 - 4 0.023 0.009
2025-08-06 05:49:15,650 82464 DEBUG ? odoo.modules.registry: Multiprocess signaling check: [Registry - 4 -> 4] [Cache - 143 -> 143] 
2025-08-06 05:49:15,681 82464 INFO odoo_test_1 werkzeug: 10.2.0.2 - - [06/Aug/2025 05:49:15] "POST /base_setup/data HTTP/1.1" 200 - 6 0.024 0.015
2025-08-06 05:49:15,907 82464 DEBUG ? odoo.modules.registry: Multiprocess signaling check: [Registry - 4 -> 4] [Cache - 143 -> 143] 
2025-08-06 05:49:15,946 82464 DEBUG odoo_test_1 odoo.addons.http_routing.models.ir_http: '/null/static/description/icon.png' (lang: 'en') no lang in url and default website, continue 
2025-08-06 05:49:16,019 82464 WARNING odoo_test_1 odoo.addons.base.models.ir_qweb: Found deprecated directive @t-esc="title or 'Odoo'" in template 181. Replace by @t-out 
2025-08-06 05:49:16,021 82464 WARNING odoo_test_1 odoo.addons.base.models.ir_qweb: Found deprecated directive @t-esc='request.csrf_token(None)' in template 181. Replace by @t-out 
2025-08-06 05:49:16,022 82464 WARNING odoo_test_1 odoo.addons.base.models.ir_qweb: Found deprecated directive @t-esc='debug' in template 181. Replace by @t-out 
2025-08-06 05:49:16,608 82464 INFO odoo_test_1 odoo.addons.base.models.assetsbundle: Failed to find attachment for assets /web/assets/%-ddb6cce/web.assets_frontend.css 
2025-08-06 05:49:23,831 82464 INFO odoo_test_1 odoo.addons.base.models.assetsbundle: Failed to find attachment for assets /web/assets/%-ddb6cce/web.assets_frontend.css.map 
2025-08-06 05:49:23,841 82464 INFO odoo_test_1 odoo.addons.base.models.assetsbundle: Deleting ir.attachment [551] (from bundle web.assets_frontend) 
2025-08-06 05:49:24,086 82464 INFO odoo_test_1 odoo.addons.base.models.assetsbundle: Deleting ir.attachment [552] (from bundle web.assets_frontend) 
2025-08-06 05:49:24,692 82464 INFO odoo_test_1 odoo.addons.base.models.assetsbundle: Failed to find attachment for assets /web/assets/%-bd02d63/web.assets_frontend_lazy.js 
2025-08-06 05:49:24,763 82464 INFO odoo_test_1 odoo.addons.base.models.assetsbundle: Failed to find attachment for assets /web/assets/%-bd02d63/web.assets_frontend_lazy.js.map 
2025-08-06 05:49:24,769 82464 INFO odoo_test_1 odoo.addons.base.models.assetsbundle: Deleting ir.attachment [555] (from bundle web.assets_frontend_lazy) 
2025-08-06 05:49:25,476 82464 INFO odoo_test_1 odoo.addons.base.models.assetsbundle: Deleting ir.attachment [556] (from bundle web.assets_frontend_lazy) 
2025-08-06 05:49:25,852 82464 WARNING odoo_test_1 odoo.addons.base.models.ir_qweb: Found deprecated directive @t-esc="user_id.name[:23] + '...' if user_id.name and len(user_id.name) > 25 else user_id.name" in template 450. Replace by @t-out 
2025-08-06 05:49:25,895 82464 WARNING odoo_test_1 odoo.addons.base.models.ir_qweb: Found deprecated directive @t-esc="active_lang[2].split('/').pop()" in template 449. Replace by @t-out 
2025-08-06 05:49:25,903 82464 WARNING odoo_test_1 odoo.addons.base.models.ir_qweb: Found deprecated directive @t-esc="lg[2].split('/').pop()" in template 449. Replace by @t-out 
2025-08-06 05:49:25,963 82464 INFO odoo_test_1 werkzeug: 10.2.0.2 - - [06/Aug/2025 05:49:25] "GET /null/static/description/icon.png HTTP/1.1" 404 - 173 0.256 9.802
2025-08-06 05:49:35,723 82464 DEBUG ? odoo.modules.registry: Multiprocess signaling check: [Registry - 4 -> 4] [Cache - 143 -> 143] 
2025-08-06 05:49:35,764 82464 DEBUG odoo_test_1 odoo.api: call res.config.settings().create({'company_id': 1, 'primary_color': False, 'secondary_color': False, 'product_weight_in_lbs': '0', 'product_volume_volume_in_cubic_feet': '0', 'external_email_server_default': False, 'alias_domain': False, 'module_google_gmail': True, 'google_gmail_client_identifier': False, 'google_gmail_client_secret': False, 'module_microsoft_outlook': False, 'use_twilio_rtc_servers': False, 'twilio_account_sid': False, 'twilio_account_token': False, 'restrict_template_rendering': False, 'digest_emails': True, 'digest_id': 1, 'module_partner_autocomplete': True, 'auth_signup_uninvited': 'b2c', 'auth_signup_reset_password': True, 'user_default_rights': False, 'portal_allow_api_keys': False, 'module_base_import': True, 'show_effect': True, 'module_mail_plugin': False, 'module_microsoft_calendar': False, 'module_google_calendar': False, 'module_product_images': False, 'module_auth_oauth': False, 'module_auth_ldap': False, 'module_web_unsplash': True, 'unsplash_access_key': False, 'unsplash_app_id': False, 'module_base_geolocalize': False, 'module_google_recaptcha': False, 'profiling_enabled_until': False, 'platform_connected': True, 'group_stock_tracking_lot': False, 'module_stock_picking_batch': False, 'group_stock_picking_wave': False, 'group_warning_stock': False, 'module_quality_control': False, 'module_quality_control_worksheet': False, 'annual_inventory_day': 31, 'annual_inventory_month': '12', 'group_stock_reception_report': False, 'module_stock_barcode': False, 'stock_move_email_validation': False, 'stock_move_sms_validation': True, 'stock_sms_confirmation_template_id': 1, 'group_stock_sign_delivery': False, 'module_delivery': False, 'module_delivery_bpost': False, 'module_delivery_easypost': False, 'module_delivery_sendcloud': False, 'group_product_variant': False, 'group_uom': False, 'group_stock_packaging': False, 'group_stock_production_lot': False, 'group_stock_lot_print_gs1': False, 'module_product_expiry': False, 'group_lot_on_delivery_slip': False, 'group_stock_tracking_owner': False, 'module_stock_landed_costs': False, 'group_lot_on_invoice': False, 'group_stock_multi_locations': False, 'group_stock_adv_location': False, 'group_stock_storage_categories': False, 'chart_template_id': False, 'sale_tax_id': False, 'purchase_tax_id': False, 'tax_calculation_rounding_method': 'round_per_line', 'early_pay_discount_computation': 'included', 'module_account_taxcloud': False, 'module_l10n_eu_oss': False, 'tax_exigibility': False, 'account_fiscal_country_id': 104, 'currency_id': 21, 'group_multi_currency': True, 'module_currency_rate_live': False, 'invoice_is_print': True, 'invoice_is_email': True, 'invoice_is_snailmail': False, 'module_snailmail_account': True, 'snailmail_color': True, 'snailmail_duplex': False, 'snailmail_cover': False, 'group_sale_delivery_address': False, 'show_line_subtotals_tax_selection': 'tax_excluded', 'group_show_line_subtotals_tax_excluded': True, 'group_show_line_subtotals_tax_included': False, 'group_warning_account': False, 'group_cash_rounding': False, 'module_account_intrastat': False, 'incoterm_id': False, 'group_show_sale_receipts': False, 'use_invoice_terms': False, 'terms_type': 'plain', 'invoice_terms': False, 'account_use_credit_limit': False, 'account_default_credit_limit': 0, 'module_account_payment': True, 'module_account_batch_payment': False, 'module_account_sepa_direct_debit': False, 'qr_code': False, 'group_show_purchase_receipts': False, 'module_account_sepa': False, 'module_account_invoice_extract': False, 'module_product_margin': False, 'account_storno': False, 'quick_edit_mode': False}) 
2025-08-06 05:49:35,853 82464 INFO odoo_test_1 odoo.modules.registry: At least one model cache has been invalidated, signaling through the database. 
2025-08-06 05:49:35,856 82464 INFO odoo_test_1 werkzeug: 10.2.0.2 - - [06/Aug/2025 05:49:35] "POST /web/dataset/call_kw/res.config.settings/create HTTP/1.1" 200 - 73 0.101 0.034
2025-08-06 05:49:36,172 82464 DEBUG ? odoo.modules.registry: Multiprocess signaling check: [Registry - 4 -> 4] [Cache - 144 -> 144] 
2025-08-06 05:49:36,189 82464 DEBUG odoo_test_1 odoo.api: call res.config.settings(182,).read(['active_user_count', 'language_count', 'company_id', 'company_name', 'company_informations', 'external_report_layout_id', 'company_count', 'primary_color', 'secondary_color', 'product_weight_in_lbs', 'product_volume_volume_in_cubic_feet', 'external_email_server_default', 'alias_domain', 'module_google_gmail', 'google_gmail_client_identifier', 'google_gmail_client_secret', 'module_microsoft_outlook', 'use_twilio_rtc_servers', 'twilio_account_sid', 'twilio_account_token', 'restrict_template_rendering', 'digest_emails', 'digest_id', 'module_partner_autocomplete', 'auth_signup_uninvited', 'auth_signup_reset_password', 'user_default_rights', 'portal_allow_api_keys', 'module_base_import', 'show_effect', 'module_mail_plugin', 'module_microsoft_calendar', 'module_google_calendar', 'module_product_images', 'module_auth_oauth', 'module_auth_ldap', 'module_web_unsplash', 'unsplash_access_key', 'unsplash_app_id', 'module_base_geolocalize', 'module_google_recaptcha', 'profiling_enabled_until', 'commercium_domain', 'commercium_db', 'commercium_username', 'commercium_password', 'platform_connected', 'group_stock_tracking_lot', 'module_stock_picking_batch', 'group_stock_picking_wave', 'group_warning_stock', 'module_quality_control', 'module_quality_control_worksheet', 'annual_inventory_day', 'annual_inventory_month', 'group_stock_reception_report', 'module_stock_barcode', 'stock_move_email_validation', 'stock_move_sms_validation', 'stock_sms_confirmation_template_id', 'group_stock_sign_delivery', 'module_delivery', 'module_delivery_bpost', 'module_delivery_easypost', 'module_delivery_sendcloud', 'group_product_variant', 'group_uom', 'group_stock_packaging', 'group_stock_production_lot', 'group_stock_lot_print_gs1', 'module_product_expiry', 'group_lot_on_delivery_slip', 'group_stock_tracking_owner', 'module_stock_landed_costs', 'group_lot_on_invoice', 'group_stock_multi_locations', 'group_stock_adv_location', 'group_stock_storage_categories', 'country_code', 'has_chart_of_accounts', 'has_accounting_entries', 'chart_template_id', 'sale_tax_id', 'purchase_tax_id', 'tax_calculation_rounding_method', 'early_pay_discount_computation', 'module_account_taxcloud', 'module_l10n_eu_oss', 'tax_exigibility', 'account_fiscal_country_id', 'currency_id', 'group_multi_currency', 'module_currency_rate_live', 'invoice_is_print', 'invoice_is_email', 'invoice_is_snailmail', 'module_snailmail_account', 'snailmail_color', 'snailmail_duplex', 'snailmail_cover', 'group_sale_delivery_address', 'show_line_subtotals_tax_selection', 'group_show_line_subtotals_tax_excluded', 'group_show_line_subtotals_tax_included', 'group_warning_account', 'group_cash_rounding', 'module_account_intrastat', 'incoterm_id', 'group_show_sale_receipts', 'use_invoice_terms', 'terms_type', 'invoice_terms', 'preview_ready', 'account_use_credit_limit', 'account_default_credit_limit', 'module_account_payment', 'module_account_batch_payment', 'module_account_sepa_direct_debit', 'qr_code', 'group_show_purchase_receipts', 'module_account_sepa', 'module_account_invoice_extract', 'module_product_margin', 'account_storno', 'quick_edit_mode', 'display_name']) 
2025-08-06 05:49:36,239 82464 INFO odoo_test_1 werkzeug: 10.2.0.2 - - [06/Aug/2025 05:49:36] "POST /web/dataset/call_kw/res.config.settings/read HTTP/1.1" 200 - 41 0.046 0.024
2025-08-06 05:49:36,441 82464 DEBUG ? odoo.modules.registry: Multiprocess signaling check: [Registry - 4 -> 4] [Cache - 144 -> 144] 
2025-08-06 05:49:36,442 82464 DEBUG odoo_test_1 odoo.api: call res.config.settings(182,).action_disconnect_platform() 
2025-08-06 05:49:38,555 82464 INFO odoo_test_1 werkzeug: 10.2.0.2 - - [06/Aug/2025 05:49:38] "POST /web/dataset/call_button HTTP/1.1" 200 - 4 0.007 2.109
2025-08-06 05:49:55,007 82464 DEBUG ? odoo.modules.registry: Multiprocess signaling check: [Registry - 4 -> 4] [Cache - 144 -> 144] 
2025-08-06 05:49:55,012 82464 DEBUG odoo_test_1 odoo.api: call res.config.settings().create({'company_id': 1, 'primary_color': False, 'secondary_color': False, 'product_weight_in_lbs': '0', 'product_volume_volume_in_cubic_feet': '0', 'external_email_server_default': False, 'alias_domain': False, 'module_google_gmail': True, 'google_gmail_client_identifier': False, 'google_gmail_client_secret': False, 'module_microsoft_outlook': False, 'use_twilio_rtc_servers': False, 'twilio_account_sid': False, 'twilio_account_token': False, 'restrict_template_rendering': False, 'digest_emails': True, 'digest_id': 1, 'module_partner_autocomplete': True, 'auth_signup_uninvited': 'b2c', 'auth_signup_reset_password': True, 'user_default_rights': False, 'portal_allow_api_keys': False, 'module_base_import': True, 'show_effect': True, 'module_mail_plugin': False, 'module_microsoft_calendar': False, 'module_google_calendar': False, 'module_product_images': False, 'module_auth_oauth': False, 'module_auth_ldap': False, 'module_web_unsplash': True, 'unsplash_access_key': False, 'unsplash_app_id': False, 'module_base_geolocalize': False, 'module_google_recaptcha': False, 'profiling_enabled_until': False, 'platform_connected': True, 'group_stock_tracking_lot': False, 'module_stock_picking_batch': False, 'group_stock_picking_wave': False, 'group_warning_stock': False, 'module_quality_control': False, 'module_quality_control_worksheet': False, 'annual_inventory_day': 31, 'annual_inventory_month': '12', 'group_stock_reception_report': False, 'module_stock_barcode': False, 'stock_move_email_validation': False, 'stock_move_sms_validation': True, 'stock_sms_confirmation_template_id': 1, 'group_stock_sign_delivery': False, 'module_delivery': False, 'module_delivery_bpost': False, 'module_delivery_easypost': False, 'module_delivery_sendcloud': False, 'group_product_variant': False, 'group_uom': False, 'group_stock_packaging': False, 'group_stock_production_lot': False, 'group_stock_lot_print_gs1': False, 'module_product_expiry': False, 'group_lot_on_delivery_slip': False, 'group_stock_tracking_owner': False, 'module_stock_landed_costs': False, 'group_lot_on_invoice': False, 'group_stock_multi_locations': False, 'group_stock_adv_location': False, 'group_stock_storage_categories': False, 'chart_template_id': False, 'sale_tax_id': False, 'purchase_tax_id': False, 'tax_calculation_rounding_method': 'round_per_line', 'early_pay_discount_computation': 'included', 'module_account_taxcloud': False, 'module_l10n_eu_oss': False, 'tax_exigibility': False, 'account_fiscal_country_id': 104, 'currency_id': 21, 'group_multi_currency': True, 'module_currency_rate_live': False, 'invoice_is_print': True, 'invoice_is_email': True, 'invoice_is_snailmail': False, 'module_snailmail_account': True, 'snailmail_color': True, 'snailmail_duplex': False, 'snailmail_cover': False, 'group_sale_delivery_address': False, 'show_line_subtotals_tax_selection': 'tax_excluded', 'group_show_line_subtotals_tax_excluded': True, 'group_show_line_subtotals_tax_included': False, 'group_warning_account': False, 'group_cash_rounding': False, 'module_account_intrastat': False, 'incoterm_id': False, 'group_show_sale_receipts': False, 'use_invoice_terms': False, 'terms_type': 'plain', 'invoice_terms': False, 'account_use_credit_limit': False, 'account_default_credit_limit': 0, 'module_account_payment': True, 'module_account_batch_payment': False, 'module_account_sepa_direct_debit': False, 'qr_code': False, 'group_show_purchase_receipts': False, 'module_account_sepa': False, 'module_account_invoice_extract': False, 'module_product_margin': False, 'account_storno': False, 'quick_edit_mode': False, 'display_name': 'Settings'}) 
2025-08-06 05:49:55,078 82464 INFO odoo_test_1 odoo.modules.registry: At least one model cache has been invalidated, signaling through the database. 
2025-08-06 05:49:55,080 82464 INFO odoo_test_1 werkzeug: 10.2.0.2 - - [06/Aug/2025 05:49:55] "POST /web/dataset/call_kw/res.config.settings/create HTTP/1.1" 200 - 58 0.046 0.032
2025-08-06 05:49:55,395 82464 DEBUG ? odoo.modules.registry: Multiprocess signaling check: [Registry - 4 -> 4] [Cache - 145 -> 145] 
2025-08-06 05:49:55,452 82464 DEBUG odoo_test_1 odoo.api: call res.config.settings(183,).read(['active_user_count', 'language_count', 'company_id', 'company_name', 'company_informations', 'external_report_layout_id', 'company_count', 'primary_color', 'secondary_color', 'product_weight_in_lbs', 'product_volume_volume_in_cubic_feet', 'external_email_server_default', 'alias_domain', 'module_google_gmail', 'google_gmail_client_identifier', 'google_gmail_client_secret', 'module_microsoft_outlook', 'use_twilio_rtc_servers', 'twilio_account_sid', 'twilio_account_token', 'restrict_template_rendering', 'digest_emails', 'digest_id', 'module_partner_autocomplete', 'auth_signup_uninvited', 'auth_signup_reset_password', 'user_default_rights', 'portal_allow_api_keys', 'module_base_import', 'show_effect', 'module_mail_plugin', 'module_microsoft_calendar', 'module_google_calendar', 'module_product_images', 'module_auth_oauth', 'module_auth_ldap', 'module_web_unsplash', 'unsplash_access_key', 'unsplash_app_id', 'module_base_geolocalize', 'module_google_recaptcha', 'profiling_enabled_until', 'commercium_domain', 'commercium_db', 'commercium_username', 'commercium_password', 'platform_connected', 'group_stock_tracking_lot', 'module_stock_picking_batch', 'group_stock_picking_wave', 'group_warning_stock', 'module_quality_control', 'module_quality_control_worksheet', 'annual_inventory_day', 'annual_inventory_month', 'group_stock_reception_report', 'module_stock_barcode', 'stock_move_email_validation', 'stock_move_sms_validation', 'stock_sms_confirmation_template_id', 'group_stock_sign_delivery', 'module_delivery', 'module_delivery_bpost', 'module_delivery_easypost', 'module_delivery_sendcloud', 'group_product_variant', 'group_uom', 'group_stock_packaging', 'group_stock_production_lot', 'group_stock_lot_print_gs1', 'module_product_expiry', 'group_lot_on_delivery_slip', 'group_stock_tracking_owner', 'module_stock_landed_costs', 'group_lot_on_invoice', 'group_stock_multi_locations', 'group_stock_adv_location', 'group_stock_storage_categories', 'country_code', 'has_chart_of_accounts', 'has_accounting_entries', 'chart_template_id', 'sale_tax_id', 'purchase_tax_id', 'tax_calculation_rounding_method', 'early_pay_discount_computation', 'module_account_taxcloud', 'module_l10n_eu_oss', 'tax_exigibility', 'account_fiscal_country_id', 'currency_id', 'group_multi_currency', 'module_currency_rate_live', 'invoice_is_print', 'invoice_is_email', 'invoice_is_snailmail', 'module_snailmail_account', 'snailmail_color', 'snailmail_duplex', 'snailmail_cover', 'group_sale_delivery_address', 'show_line_subtotals_tax_selection', 'group_show_line_subtotals_tax_excluded', 'group_show_line_subtotals_tax_included', 'group_warning_account', 'group_cash_rounding', 'module_account_intrastat', 'incoterm_id', 'group_show_sale_receipts', 'use_invoice_terms', 'terms_type', 'invoice_terms', 'preview_ready', 'account_use_credit_limit', 'account_default_credit_limit', 'module_account_payment', 'module_account_batch_payment', 'module_account_sepa_direct_debit', 'qr_code', 'group_show_purchase_receipts', 'module_account_sepa', 'module_account_invoice_extract', 'module_product_margin', 'account_storno', 'quick_edit_mode', 'display_name']) 
2025-08-06 05:49:55,552 82464 INFO odoo_test_1 werkzeug: 10.2.0.2 - - [06/Aug/2025 05:49:55] "POST /web/dataset/call_kw/res.config.settings/read HTTP/1.1" 200 - 41 0.118 0.041
2025-08-06 05:49:55,660 82464 DEBUG ? odoo.modules.registry: Multiprocess signaling check: [Registry - 4 -> 4] [Cache - 145 -> 145] 
2025-08-06 05:49:55,661 82464 DEBUG odoo_test_1 odoo.api: call res.config.settings(183,).action_disconnect_platform() 
2025-08-06 05:49:57,199 82464 DEBUG ? odoo.service.server: cron0 polling for jobs 
2025-08-06 05:49:57,522 82464 INFO odoo_test_1 odoo.models.unlink: User #2 deleted ir.config_parameter records with IDs: [42] 
2025-08-06 05:49:57,545 82464 INFO odoo_test_1 odoo.modules.registry: At least one model cache has been invalidated, signaling through the database. 
2025-08-06 05:49:57,548 82464 INFO odoo_test_1 werkzeug: 10.2.0.2 - - [06/Aug/2025 05:49:57] "POST /web/dataset/call_button HTTP/1.1" 200 - 17 0.023 1.867
2025-08-06 05:49:57,604 82464 DEBUG ? odoo.modules.registry: Multiprocess signaling check: [Registry - 4 -> 4] [Cache - 146 -> 146] 
2025-08-06 05:49:58,277 82464 DEBUG ? odoo.service.server: cron1 polling for jobs 
2025-08-06 05:50:00,130 82464 WARNING odoo_test_1 odoo.addons.base.models.ir_qweb: Found deprecated directive @t-esc="title or 'Odoo'" in template 180. Replace by @t-out 
2025-08-06 05:50:00,133 82464 WARNING odoo_test_1 odoo.addons.base.models.ir_qweb: Found deprecated directive @t-esc='request.csrf_token(None)' in template 180. Replace by @t-out 
2025-08-06 05:50:00,133 82464 WARNING odoo_test_1 odoo.addons.base.models.ir_qweb: Found deprecated directive @t-esc='debug' in template 180. Replace by @t-out 
2025-08-06 05:50:00,145 82464 INFO odoo_test_1 werkzeug: 10.2.0.2 - - [06/Aug/2025 05:50:00] "GET /web HTTP/1.1" 200 - 114 0.131 2.416
2025-08-06 05:50:00,182 82464 DEBUG ? odoo.modules.registry: Multiprocess signaling check: [Registry - 4 -> 4] [Cache - 146 -> 146] 
2025-08-06 05:50:00,197 82464 INFO odoo_test_1 werkzeug: 10.2.0.2 - - [06/Aug/2025 05:50:00] "GET /web/assets/debug/web.assets_common.css HTTP/1.1" 304 - 5 0.003 0.015
2025-08-06 05:50:00,537 82464 DEBUG ? odoo.modules.registry: Multiprocess signaling check: [Registry - 4 -> 4] [Cache - 146 -> 146] 
2025-08-06 05:50:00,538 82464 DEBUG ? odoo.modules.registry: Multiprocess signaling check: [Registry - 4 -> 4] [Cache - 146 -> 146] 
2025-08-06 05:50:00,540 82464 DEBUG ? odoo.modules.registry: Multiprocess signaling check: [Registry - 4 -> 4] [Cache - 146 -> 146] 
2025-08-06 05:50:00,631 82464 DEBUG ? odoo.modules.registry: Multiprocess signaling check: [Registry - 4 -> 4] [Cache - 146 -> 146] 
2025-08-06 05:50:00,645 82464 INFO odoo_test_1 werkzeug: 10.2.0.2 - - [06/Aug/2025 05:50:00] "GET /web/assets/debug/web.assets_common.js HTTP/1.1" 304 - 5 0.008 0.110
2025-08-06 05:50:00,649 82464 INFO odoo_test_1 werkzeug: 10.2.0.2 - - [06/Aug/2025 05:50:00] "GET /web/assets/debug/web.assets_backend.css HTTP/1.1" 304 - 5 0.009 0.119
2025-08-06 05:50:00,650 82464 INFO odoo_test_1 werkzeug: 10.2.0.2 - - [06/Aug/2025 05:50:00] "GET /web/assets/debug/web.assets_backend_prod_only.js HTTP/1.1" 304 - 5 0.010 0.111
2025-08-06 05:50:00,658 82464 INFO odoo_test_1 werkzeug: 10.2.0.2 - - [06/Aug/2025 05:50:00] "GET /web/assets/debug/web.assets_backend.js HTTP/1.1" 304 - 5 0.017 0.117
2025-08-06 05:50:00,787 82464 DEBUG ? odoo.modules.registry: Multiprocess signaling check: [Registry - 4 -> 4] [Cache - 146 -> 146] 
2025-08-06 05:50:00,796 82464 INFO odoo_test_1 werkzeug: 10.2.0.2 - - [06/Aug/2025 05:50:00] "GET /web/assets/debug/web.assets_tests.js HTTP/1.1" 304 - 5 0.004 0.007
2025-08-06 05:50:02,698 82464 DEBUG ? odoo.modules.registry: Multiprocess signaling check: [Registry - 4 -> 4] [Cache - 146 -> 146] 
2025-08-06 05:50:02,807 82464 INFO odoo_test_1 werkzeug: 10.2.0.2 - - [06/Aug/2025 05:50:02] "POST /web/action/load HTTP/1.1" 200 - 11 0.091 0.021
2025-08-06 05:50:03,055 82464 INFO ? werkzeug: 10.2.0.2 - - [06/Aug/2025 05:50:03] "GET /web/static/lib/odoo_ui_icons/fonts/odoo_ui_icons.woff2 HTTP/1.1" 304 - 0 0.000 0.004
2025-08-06 05:50:03,144 82464 DEBUG ? odoo.modules.registry: Multiprocess signaling check: [Registry - 4 -> 4] [Cache - 146 -> 146] 
2025-08-06 05:50:03,268 82464 DEBUG ? odoo.modules.registry: Multiprocess signaling check: [Registry - 4 -> 4] [Cache - 146 -> 146] 
2025-08-06 05:50:03,270 82464 DEBUG odoo_test_1 odoo.api: call res.users().systray_get_activities() 
2025-08-06 05:50:03,292 82464 INFO odoo_test_1 werkzeug: 10.2.0.2 - - [06/Aug/2025 05:50:03] "POST /mail/init_messaging HTTP/1.1" 200 - 71 0.102 0.052
2025-08-06 05:50:03,298 82464 INFO odoo_test_1 werkzeug: 10.2.0.2 - - [06/Aug/2025 05:50:03] "POST /web/dataset/call_kw/res.users/systray_get_activities HTTP/1.1" 200 - 4 0.027 0.005
2025-08-06 05:50:03,302 82464 DEBUG ? odoo.modules.registry: Multiprocess signaling check: [Registry - 4 -> 4] [Cache - 146 -> 146] 
2025-08-06 05:50:03,305 82464 DEBUG odoo_test_1 odoo.api: call res.config.settings().get_views(options={'action_id': 88, 'load_filters': False, 'toolbar': False}, views=[[False, 'form']]) 
2025-08-06 05:50:03,360 82464 INFO ? werkzeug: 10.2.0.2 - - [06/Aug/2025 05:50:03] "GET /web/static/img/favicon.ico HTTP/1.1" 304 - 0 0.000 0.011
2025-08-06 05:50:03,360 82464 DEBUG ? odoo.modules.registry: Multiprocess signaling check: [Registry - 4 -> 4] [Cache - 146 -> 146] 
2025-08-06 05:50:03,403 82464 INFO odoo_test_1 werkzeug: 10.2.0.2 - - [06/Aug/2025 05:50:03] "GET /web/image/res.company/1/favicon HTTP/1.1" 304 - 12 0.029 0.022
2025-08-06 05:50:03,412 82464 DEBUG ? odoo.modules.registry: Multiprocess signaling check: [Registry - 4 -> 4] [Cache - 146 -> 146] 
2025-08-06 05:50:03,422 82464 INFO odoo_test_1 werkzeug: 10.2.0.2 - - [06/Aug/2025 05:50:03] "POST /mail/load_message_failures HTTP/1.1" 200 - 3 0.005 0.016
2025-08-06 05:50:03,727 82464 DEBUG ? odoo.modules.registry: Multiprocess signaling check: [Registry - 4 -> 4] [Cache - 146 -> 146] 
2025-08-06 05:50:03,767 82464 INFO odoo_test_1 werkzeug: 10.2.0.2 - - [06/Aug/2025 05:50:03] "GET /web/image/res.company/1/favicon HTTP/1.1" 304 - 12 0.026 0.020
2025-08-06 05:50:03,814 82464 DEBUG ? odoo.modules.registry: Multiprocess signaling check: [Registry - 4 -> 4] [Cache - 146 -> 146] 
2025-08-06 05:50:03,913 82464 INFO odoo_test_1 werkzeug: 10.2.0.2 - - [06/Aug/2025 05:50:03] "GET /web/image?model=res.users&field=avatar_128&id=2 HTTP/1.1" 304 - 19 0.076 0.029
2025-08-06 05:50:03,917 82464 DEBUG ? odoo.modules.registry: Multiprocess signaling check: [Registry - 4 -> 4] [Cache - 146 -> 146] 
2025-08-06 05:50:03,949 82464 INFO odoo_test_1 werkzeug: 10.2.0.2 - - [06/Aug/2025 05:50:03] "GET /bus/websocket_worker_bundle?v=1.0.5 HTTP/1.1" 304 - 7 0.011 0.025
2025-08-06 05:50:04,078 82464 INFO odoo_test_1 werkzeug: 10.2.0.2 - - [06/Aug/2025 05:50:04] "POST /web/dataset/call_kw/res.config.settings/get_views HTTP/1.1" 200 - 60 0.079 0.699
2025-08-06 05:50:04,220 82464 DEBUG ? odoo.modules.registry: Multiprocess signaling check: [Registry - 4 -> 4] [Cache - 146 -> 146] 
2025-08-06 05:50:04,256 82464 INFO odoo_test_1 werkzeug: 10.2.0.2 - - [06/Aug/2025 05:50:04] "GET /web/image/res.company/1/favicon HTTP/1.1" 304 - 12 0.017 0.021
2025-08-06 05:50:04,284 82464 DEBUG ? odoo.modules.registry: Multiprocess signaling check: [Registry - 4 -> 4] [Cache - 146 -> 146] 
2025-08-06 05:50:04,286 82464 DEBUG odoo_test_1 odoo.api: call res.config.settings().onchange({}, [], {'active_user_count': '', 'language_count': '', 'company_id': '1', 'company_name': '', 'company_informations': '', 'external_report_layout_id': '', 'company_count': '', 'primary_color': '', 'secondary_color': '', 'product_weight_in_lbs': '', 'product_volume_volume_in_cubic_feet': '', 'external_email_server_default': '', 'alias_domain': '', 'module_google_gmail': '1', 'google_gmail_client_identifier': '', 'google_gmail_client_secret': '', 'module_microsoft_outlook': '1', 'use_twilio_rtc_servers': '', 'twilio_account_sid': '', 'twilio_account_token': '', 'restrict_template_rendering': '', 'digest_emails': '', 'digest_id': '', 'module_partner_autocomplete': '1', 'auth_signup_uninvited': '', 'auth_signup_reset_password': '', 'user_default_rights': '', 'portal_allow_api_keys': '', 'module_base_import': '1', 'show_effect': '', 'module_mail_plugin': '1', 'module_microsoft_calendar': '1', 'module_google_calendar': '1', 'module_product_images': '1', 'module_auth_oauth': '1', 'module_auth_ldap': '1', 'module_web_unsplash': '1', 'unsplash_access_key': '', 'unsplash_app_id': '', 'module_base_geolocalize': '1', 'module_google_recaptcha': '1', 'profiling_enabled_until': '', 'commercium_domain': '', 'commercium_db': '', 'commercium_username': '', 'commercium_password': '', 'platform_connected': '', 'group_stock_tracking_lot': '', 'module_stock_picking_batch': '1', 'group_stock_picking_wave': '', 'group_warning_stock': '', 'module_quality_control': '1', 'module_quality_control_worksheet': '1', 'annual_inventory_day': '', 'annual_inventory_month': '', 'group_stock_reception_report': '', 'module_stock_barcode': '1', 'stock_move_email_validation': '', 'stock_move_sms_validation': '', 'stock_sms_confirmation_template_id': '', 'group_stock_sign_delivery': '', 'module_delivery': '1', 'module_delivery_bpost': '1', 'module_delivery_easypost': '1', 'module_delivery_sendcloud': '1', 'group_product_variant': '1', 'group_uom': '', 'group_stock_packaging': '', 'group_stock_production_lot': '1', 'group_stock_lot_print_gs1': '', 'module_product_expiry': '1', 'group_lot_on_delivery_slip': '', 'group_stock_tracking_owner': '', 'module_stock_landed_costs': '1', 'group_lot_on_invoice': '', 'group_stock_multi_locations': '1', 'group_stock_adv_location': '1', 'group_stock_storage_categories': '', 'country_code': '', 'has_chart_of_accounts': '', 'has_accounting_entries': '', 'chart_template_id': '', 'sale_tax_id': '', 'purchase_tax_id': '', 'tax_calculation_rounding_method': '', 'early_pay_discount_computation': '', 'module_account_taxcloud': '1', 'module_l10n_eu_oss': '1', 'tax_exigibility': '1', 'account_fiscal_country_id': '', 'currency_id': '', 'group_multi_currency': '', 'module_currency_rate_live': '1', 'invoice_is_print': '', 'invoice_is_email': '', 'invoice_is_snailmail': '', 'module_snailmail_account': '1', 'snailmail_color': '', 'snailmail_duplex': '', 'snailmail_cover': '', 'group_sale_delivery_address': '', 'show_line_subtotals_tax_selection': '1', 'group_show_line_subtotals_tax_excluded': '', 'group_show_line_subtotals_tax_included': '', 'group_warning_account': '', 'group_cash_rounding': '', 'module_account_intrastat': '1', 'incoterm_id': '', 'group_show_sale_receipts': '', 'use_invoice_terms': '', 'terms_type': '1', 'invoice_terms': '', 'preview_ready': '', 'account_use_credit_limit': '', 'account_default_credit_limit': '', 'module_account_payment': '1', 'module_account_batch_payment': '1', 'module_account_sepa_direct_debit': '1', 'qr_code': '', 'group_show_purchase_receipts': '', 'module_account_sepa': '1', 'module_account_invoice_extract': '1', 'module_product_margin': '1', 'account_storno': '', 'quick_edit_mode': ''}) 
2025-08-06 05:50:04,421 82464 DEBUG ? odoo.modules.registry: Multiprocess signaling check: [Registry - 4 -> 4] [Cache - 146 -> 146] 
2025-08-06 05:50:04,430 82464 INFO odoo_test_1 werkzeug: 10.2.0.2 - - [06/Aug/2025 05:50:04] "GET /websocket HTTP/1.1" 101 - 1 0.001 0.016
2025-08-06 05:50:04,446 82464 DEBUG odoo_test_1 odoo.modules.registry: Multiprocess signaling check: [Registry - 4 -> 4] [Cache - 146 -> 146] 
2025-08-06 05:50:04,497 82464 INFO ? werkzeug: 10.2.0.2 - - [06/Aug/2025 05:50:04] "GET /mail/static/src/audio/ting.ogg HTTP/1.1" 206 - 0 0.000 0.007
2025-08-06 05:50:04,544 82464 INFO odoo_test_1 werkzeug: 10.2.0.2 - - [06/Aug/2025 05:50:04] "POST /web/dataset/call_kw/res.config.settings/onchange HTTP/1.1" 200 - 133 0.171 0.090
2025-08-06 05:50:04,867 82464 DEBUG odoo_test_1 odoo.modules.registry: Multiprocess signaling check: [Registry - 4 -> 4] [Cache - 146 -> 146] 
2025-08-06 05:50:05,113 82464 DEBUG ? odoo.modules.registry: Multiprocess signaling check: [Registry - 4 -> 4] [Cache - 146 -> 146] 
2025-08-06 05:50:05,119 82464 INFO odoo_test_1 werkzeug: 10.2.0.2 - - [06/Aug/2025 05:50:05] "POST /base_setup/demo_active HTTP/1.1" 200 - 4 0.004 0.004
2025-08-06 05:50:05,124 82464 DEBUG ? odoo.modules.registry: Multiprocess signaling check: [Registry - 4 -> 4] [Cache - 146 -> 146] 
2025-08-06 05:50:05,133 82464 INFO odoo_test_1 werkzeug: 10.2.0.2 - - [06/Aug/2025 05:50:05] "POST /base_setup/data HTTP/1.1" 200 - 6 0.006 0.006
2025-08-06 05:50:05,365 82464 DEBUG ? odoo.modules.registry: Multiprocess signaling check: [Registry - 4 -> 4] [Cache - 146 -> 146] 
2025-08-06 05:50:05,408 82464 DEBUG odoo_test_1 odoo.addons.http_routing.models.ir_http: '/null/static/description/icon.png' (lang: 'en') no lang in url and default website, continue 
2025-08-06 05:50:05,493 82464 WARNING odoo_test_1 odoo.addons.base.models.ir_qweb: Found deprecated directive @t-esc="title or 'Odoo'" in template 181. Replace by @t-out 
2025-08-06 05:50:05,496 82464 WARNING odoo_test_1 odoo.addons.base.models.ir_qweb: Found deprecated directive @t-esc='request.csrf_token(None)' in template 181. Replace by @t-out 
2025-08-06 05:50:05,497 82464 WARNING odoo_test_1 odoo.addons.base.models.ir_qweb: Found deprecated directive @t-esc='debug' in template 181. Replace by @t-out 
2025-08-06 05:50:06,119 82464 INFO odoo_test_1 odoo.addons.base.models.assetsbundle: Failed to find attachment for assets /web/assets/%-ddb6cce/web.assets_frontend.css 
2025-08-06 05:50:17,086 82464 INFO odoo_test_1 odoo.addons.base.models.assetsbundle: Failed to find attachment for assets /web/assets/%-ddb6cce/web.assets_frontend.css.map 
2025-08-06 05:50:17,097 82464 INFO odoo_test_1 odoo.addons.base.models.assetsbundle: Deleting ir.attachment [551] (from bundle web.assets_frontend) 
2025-08-06 05:50:17,270 82464 INFO odoo_test_1 odoo.addons.base.models.assetsbundle: Deleting ir.attachment [552] (from bundle web.assets_frontend) 
2025-08-06 05:50:18,608 82464 INFO odoo_test_1 odoo.addons.base.models.assetsbundle: Failed to find attachment for assets /web/assets/%-bd02d63/web.assets_frontend_lazy.js 
2025-08-06 05:50:18,721 82464 INFO odoo_test_1 odoo.addons.base.models.assetsbundle: Failed to find attachment for assets /web/assets/%-bd02d63/web.assets_frontend_lazy.js.map 
2025-08-06 05:50:18,731 82464 INFO odoo_test_1 odoo.addons.base.models.assetsbundle: Deleting ir.attachment [555] (from bundle web.assets_frontend_lazy) 
2025-08-06 05:50:19,935 82464 INFO odoo_test_1 odoo.addons.base.models.assetsbundle: Deleting ir.attachment [556] (from bundle web.assets_frontend_lazy) 
2025-08-06 05:50:20,460 82464 WARNING odoo_test_1 odoo.addons.base.models.ir_qweb: Found deprecated directive @t-esc="user_id.name[:23] + '...' if user_id.name and len(user_id.name) > 25 else user_id.name" in template 450. Replace by @t-out 
2025-08-06 05:50:20,507 82464 WARNING odoo_test_1 odoo.addons.base.models.ir_qweb: Found deprecated directive @t-esc="active_lang[2].split('/').pop()" in template 449. Replace by @t-out 
2025-08-06 05:50:20,515 82464 WARNING odoo_test_1 odoo.addons.base.models.ir_qweb: Found deprecated directive @t-esc="lg[2].split('/').pop()" in template 449. Replace by @t-out 
2025-08-06 05:50:20,589 82464 INFO odoo_test_1 werkzeug: 10.2.0.2 - - [06/Aug/2025 05:50:20] "GET /null/static/description/icon.png HTTP/1.1" 404 - 173 0.317 14.911
2025-08-06 05:50:57,211 82464 DEBUG ? odoo.service.server: cron0 polling for jobs 
2025-08-06 05:50:59,307 82464 DEBUG ? odoo.service.server: cron1 polling for jobs 
2025-08-06 05:51:05,093 82464 DEBUG odoo_test_1 odoo.modules.registry: Multiprocess signaling check: [Registry - 4 -> 4] [Cache - 146 -> 146] 
2025-08-06 05:51:57,231 82464 DEBUG ? odoo.service.server: cron0 polling for jobs 
2025-08-06 05:52:00,335 82464 DEBUG ? odoo.service.server: cron1 polling for jobs 
2025-08-06 05:52:06,096 82464 DEBUG odoo_test_1 odoo.modules.registry: Multiprocess signaling check: [Registry - 4 -> 4] [Cache - 146 -> 146] 
2025-08-06 05:52:57,247 82464 DEBUG ? odoo.service.server: cron0 polling for jobs 
2025-08-06 05:53:01,362 82464 DEBUG ? odoo.service.server: cron1 polling for jobs 
2025-08-06 05:53:07,088 82464 DEBUG odoo_test_1 odoo.modules.registry: Multiprocess signaling check: [Registry - 4 -> 4] [Cache - 146 -> 146] 
2025-08-06 05:53:57,261 82464 DEBUG ? odoo.service.server: cron0 polling for jobs 
2025-08-06 05:54:02,377 82464 DEBUG ? odoo.service.server: cron1 polling for jobs 
2025-08-06 05:54:08,098 82464 DEBUG odoo_test_1 odoo.modules.registry: Multiprocess signaling check: [Registry - 4 -> 4] [Cache - 146 -> 146] 
2025-08-06 05:54:57,265 82464 DEBUG ? odoo.service.server: cron0 polling for jobs 
2025-08-06 05:55:02,999 82464 DEBUG ? odoo.modules.registry: Multiprocess signaling check: [Registry - 4 -> 4] [Cache - 146 -> 146] 
2025-08-06 05:55:03,032 82464 INFO odoo_test_1 odoo.modules.registry: At least one model cache has been invalidated, signaling through the database. 
2025-08-06 05:55:03,033 82464 INFO odoo_test_1 werkzeug: 10.2.0.2 - - [06/Aug/2025 05:55:03] "GET /api/platform_connection?platform_id=13&platform_connected=True HTTP/1.1" 200 - 18 0.022 0.015
2025-08-06 05:55:03,393 82464 DEBUG ? odoo.service.server: cron1 polling for jobs 
2025-08-06 05:55:05,203 82464 DEBUG ? odoo.modules.registry: Multiprocess signaling check: [Registry - 4 -> 4] [Cache - 147 -> 147] 
2025-08-06 05:55:07,803 82464 WARNING odoo_test_1 odoo.addons.base.models.ir_qweb: Found deprecated directive @t-esc="title or 'Odoo'" in template 180. Replace by @t-out 
2025-08-06 05:55:07,805 82464 WARNING odoo_test_1 odoo.addons.base.models.ir_qweb: Found deprecated directive @t-esc='request.csrf_token(None)' in template 180. Replace by @t-out 
2025-08-06 05:55:07,806 82464 WARNING odoo_test_1 odoo.addons.base.models.ir_qweb: Found deprecated directive @t-esc='debug' in template 180. Replace by @t-out 
2025-08-06 05:55:07,818 82464 INFO odoo_test_1 werkzeug: 10.2.0.2 - - [06/Aug/2025 05:55:07] "GET /web HTTP/1.1" 200 - 114 0.121 2.497
2025-08-06 05:55:07,878 82464 DEBUG ? odoo.modules.registry: Multiprocess signaling check: [Registry - 4 -> 4] [Cache - 147 -> 147] 
2025-08-06 05:55:07,890 82464 INFO odoo_test_1 werkzeug: 10.2.0.2 - - [06/Aug/2025 05:55:07] "GET /web/assets/debug/web.assets_common.css HTTP/1.1" 304 - 5 0.004 0.022
2025-08-06 05:55:08,205 82464 DEBUG ? odoo.modules.registry: Multiprocess signaling check: [Registry - 4 -> 4] [Cache - 147 -> 147] 
2025-08-06 05:55:08,205 82464 DEBUG ? odoo.modules.registry: Multiprocess signaling check: [Registry - 4 -> 4] [Cache - 147 -> 147] 
2025-08-06 05:55:08,206 82464 DEBUG ? odoo.modules.registry: Multiprocess signaling check: [Registry - 4 -> 4] [Cache - 147 -> 147] 
2025-08-06 05:55:08,207 82464 DEBUG ? odoo.modules.registry: Multiprocess signaling check: [Registry - 4 -> 4] [Cache - 147 -> 147] 
2025-08-06 05:55:08,230 82464 INFO odoo_test_1 werkzeug: 10.2.0.2 - - [06/Aug/2025 05:55:08] "GET /web/assets/debug/web.assets_backend.css HTTP/1.1" 304 - 5 0.014 0.025
2025-08-06 05:55:08,231 82464 INFO odoo_test_1 werkzeug: 10.2.0.2 - - [06/Aug/2025 05:55:08] "GET /web/assets/debug/web.assets_common.js HTTP/1.1" 304 - 5 0.015 0.024
2025-08-06 05:55:08,232 82464 INFO odoo_test_1 werkzeug: 10.2.0.2 - - [06/Aug/2025 05:55:08] "GET /web/assets/debug/web.assets_backend.js HTTP/1.1" 304 - 5 0.012 0.026
2025-08-06 05:55:08,234 82464 INFO odoo_test_1 werkzeug: 10.2.0.2 - - [06/Aug/2025 05:55:08] "GET /web/assets/debug/web.assets_backend_prod_only.js HTTP/1.1" 304 - 5 0.008 0.029
2025-08-06 05:55:08,702 82464 DEBUG ? odoo.modules.registry: Multiprocess signaling check: [Registry - 4 -> 4] [Cache - 147 -> 147] 
2025-08-06 05:55:08,710 82464 INFO odoo_test_1 werkzeug: 10.2.0.2 - - [06/Aug/2025 05:55:08] "GET /web/assets/debug/web.assets_tests.js HTTP/1.1" 304 - 5 0.003 0.007
2025-08-06 05:55:09,652 82464 DEBUG ? odoo.modules.registry: Multiprocess signaling check: [Registry - 4 -> 4] [Cache - 147 -> 147] 
2025-08-06 05:55:09,675 82464 INFO odoo_test_1 werkzeug: 10.2.0.2 - - [06/Aug/2025 05:55:09] "POST /web/action/load HTTP/1.1" 200 - 11 0.005 0.021
2025-08-06 05:55:09,970 82464 INFO ? werkzeug: 10.2.0.2 - - [06/Aug/2025 05:55:09] "GET /web/static/lib/odoo_ui_icons/fonts/odoo_ui_icons.woff2 HTTP/1.1" 304 - 0 0.000 0.002
2025-08-06 05:55:10,078 82464 DEBUG ? odoo.modules.registry: Multiprocess signaling check: [Registry - 4 -> 4] [Cache - 147 -> 147] 
2025-08-06 05:55:10,079 82464 DEBUG ? odoo.modules.registry: Multiprocess signaling check: [Registry - 4 -> 4] [Cache - 147 -> 147] 
2025-08-06 05:55:10,080 82464 DEBUG odoo_test_1 odoo.api: call res.config.settings().get_views(options={'action_id': 88, 'load_filters': False, 'toolbar': False}, views=[[False, 'form']]) 
2025-08-06 05:55:10,097 82464 DEBUG ? odoo.modules.registry: Multiprocess signaling check: [Registry - 4 -> 4] [Cache - 147 -> 147] 
2025-08-06 05:55:10,138 82464 INFO odoo_test_1 werkzeug: 10.2.0.2 - - [06/Aug/2025 05:55:10] "GET /web/image?model=res.users&field=avatar_128&id=2 HTTP/1.1" 304 - 20 0.032 0.030
2025-08-06 05:55:10,142 82464 INFO odoo_test_1 werkzeug: 10.2.0.2 - - [06/Aug/2025 05:55:10] "GET /bus/websocket_worker_bundle?v=1.0.5 HTTP/1.1" 304 - 7 0.012 0.037
2025-08-06 05:55:10,551 82464 INFO odoo_test_1 werkzeug: 10.2.0.2 - - [06/Aug/2025 05:55:10] "POST /web/dataset/call_kw/res.config.settings/get_views HTTP/1.1" 200 - 61 0.042 0.433
2025-08-06 05:55:10,569 82464 DEBUG ? odoo.modules.registry: Multiprocess signaling check: [Registry - 4 -> 4] [Cache - 147 -> 147] 
2025-08-06 05:55:10,571 82464 DEBUG ? odoo.modules.registry: Multiprocess signaling check: [Registry - 4 -> 4] [Cache - 147 -> 147] 
2025-08-06 05:55:10,572 82464 DEBUG odoo_test_1 odoo.api: call res.users().systray_get_activities() 
2025-08-06 05:55:10,587 82464 INFO odoo_test_1 werkzeug: 10.2.0.2 - - [06/Aug/2025 05:55:10] "POST /web/dataset/call_kw/res.users/systray_get_activities HTTP/1.1" 200 - 4 0.014 0.006
2025-08-06 05:55:10,629 82464 DEBUG ? odoo.modules.registry: Multiprocess signaling check: [Registry - 4 -> 4] [Cache - 147 -> 147] 
2025-08-06 05:55:10,638 82464 INFO odoo_test_1 werkzeug: 10.2.0.2 - - [06/Aug/2025 05:55:10] "GET /websocket HTTP/1.1" 101 - 1 0.000 0.013
2025-08-06 05:55:10,662 82464 DEBUG odoo_test_1 odoo.modules.registry: Multiprocess signaling check: [Registry - 4 -> 4] [Cache - 147 -> 147] 
2025-08-06 05:55:10,666 82464 DEBUG ? odoo.modules.registry: Multiprocess signaling check: [Registry - 4 -> 4] [Cache - 147 -> 147] 
2025-08-06 05:55:10,705 82464 INFO odoo_test_1 werkzeug: 10.2.0.2 - - [06/Aug/2025 05:55:10] "GET /web/image/res.company/1/favicon HTTP/1.1" 304 - 12 0.024 0.024
2025-08-06 05:55:10,718 82464 INFO odoo_test_1 werkzeug: 10.2.0.2 - - [06/Aug/2025 05:55:10] "POST /mail/init_messaging HTTP/1.1" 200 - 70 0.091 0.062
2025-08-06 05:55:10,912 82464 DEBUG ? odoo.modules.registry: Multiprocess signaling check: [Registry - 4 -> 4] [Cache - 147 -> 147] 
2025-08-06 05:55:10,916 82464 DEBUG odoo_test_1 odoo.api: call res.config.settings().onchange({}, [], {'active_user_count': '', 'language_count': '', 'company_id': '1', 'company_name': '', 'company_informations': '', 'external_report_layout_id': '', 'company_count': '', 'primary_color': '', 'secondary_color': '', 'product_weight_in_lbs': '', 'product_volume_volume_in_cubic_feet': '', 'external_email_server_default': '', 'alias_domain': '', 'module_google_gmail': '1', 'google_gmail_client_identifier': '', 'google_gmail_client_secret': '', 'module_microsoft_outlook': '1', 'use_twilio_rtc_servers': '', 'twilio_account_sid': '', 'twilio_account_token': '', 'restrict_template_rendering': '', 'digest_emails': '', 'digest_id': '', 'module_partner_autocomplete': '1', 'auth_signup_uninvited': '', 'auth_signup_reset_password': '', 'user_default_rights': '', 'portal_allow_api_keys': '', 'module_base_import': '1', 'show_effect': '', 'module_mail_plugin': '1', 'module_microsoft_calendar': '1', 'module_google_calendar': '1', 'module_product_images': '1', 'module_auth_oauth': '1', 'module_auth_ldap': '1', 'module_web_unsplash': '1', 'unsplash_access_key': '', 'unsplash_app_id': '', 'module_base_geolocalize': '1', 'module_google_recaptcha': '1', 'profiling_enabled_until': '', 'commercium_domain': '', 'commercium_db': '', 'commercium_username': '', 'commercium_password': '', 'platform_connected': '', 'group_stock_tracking_lot': '', 'module_stock_picking_batch': '1', 'group_stock_picking_wave': '', 'group_warning_stock': '', 'module_quality_control': '1', 'module_quality_control_worksheet': '1', 'annual_inventory_day': '', 'annual_inventory_month': '', 'group_stock_reception_report': '', 'module_stock_barcode': '1', 'stock_move_email_validation': '', 'stock_move_sms_validation': '', 'stock_sms_confirmation_template_id': '', 'group_stock_sign_delivery': '', 'module_delivery': '1', 'module_delivery_bpost': '1', 'module_delivery_easypost': '1', 'module_delivery_sendcloud': '1', 'group_product_variant': '1', 'group_uom': '', 'group_stock_packaging': '', 'group_stock_production_lot': '1', 'group_stock_lot_print_gs1': '', 'module_product_expiry': '1', 'group_lot_on_delivery_slip': '', 'group_stock_tracking_owner': '', 'module_stock_landed_costs': '1', 'group_lot_on_invoice': '', 'group_stock_multi_locations': '1', 'group_stock_adv_location': '1', 'group_stock_storage_categories': '', 'country_code': '', 'has_chart_of_accounts': '', 'has_accounting_entries': '', 'chart_template_id': '', 'sale_tax_id': '', 'purchase_tax_id': '', 'tax_calculation_rounding_method': '', 'early_pay_discount_computation': '', 'module_account_taxcloud': '1', 'module_l10n_eu_oss': '1', 'tax_exigibility': '1', 'account_fiscal_country_id': '', 'currency_id': '', 'group_multi_currency': '', 'module_currency_rate_live': '1', 'invoice_is_print': '', 'invoice_is_email': '', 'invoice_is_snailmail': '', 'module_snailmail_account': '1', 'snailmail_color': '', 'snailmail_duplex': '', 'snailmail_cover': '', 'group_sale_delivery_address': '', 'show_line_subtotals_tax_selection': '1', 'group_show_line_subtotals_tax_excluded': '', 'group_show_line_subtotals_tax_included': '', 'group_warning_account': '', 'group_cash_rounding': '', 'module_account_intrastat': '1', 'incoterm_id': '', 'group_show_sale_receipts': '', 'use_invoice_terms': '', 'terms_type': '1', 'invoice_terms': '', 'preview_ready': '', 'account_use_credit_limit': '', 'account_default_credit_limit': '', 'module_account_payment': '1', 'module_account_batch_payment': '1', 'module_account_sepa_direct_debit': '1', 'qr_code': '', 'group_show_purchase_receipts': '', 'module_account_sepa': '1', 'module_account_invoice_extract': '1', 'module_product_margin': '1', 'account_storno': '', 'quick_edit_mode': ''}) 
2025-08-06 05:55:10,940 82464 DEBUG odoo_test_1 odoo.modules.registry: Multiprocess signaling check: [Registry - 4 -> 4] [Cache - 147 -> 147] 
2025-08-06 05:55:11,086 82464 INFO ? werkzeug: 10.2.0.2 - - [06/Aug/2025 05:55:11] "GET /mail/static/src/audio/ting.ogg HTTP/1.1" 206 - 0 0.000 0.006
2025-08-06 05:55:11,104 82464 DEBUG ? odoo.modules.registry: Multiprocess signaling check: [Registry - 4 -> 4] [Cache - 147 -> 147] 
2025-08-06 05:55:11,123 82464 INFO odoo_test_1 werkzeug: 10.2.0.2 - - [06/Aug/2025 05:55:11] "POST /mail/load_message_failures HTTP/1.1" 200 - 3 0.006 0.130
2025-08-06 05:55:11,132 82464 INFO odoo_test_1 werkzeug: 10.2.0.2 - - [06/Aug/2025 05:55:11] "POST /web/dataset/call_kw/res.config.settings/onchange HTTP/1.1" 200 - 132 0.153 0.071
2025-08-06 05:55:11,744 82464 DEBUG ? odoo.modules.registry: Multiprocess signaling check: [Registry - 4 -> 4] [Cache - 147 -> 147] 
2025-08-06 05:55:11,751 82464 INFO odoo_test_1 werkzeug: 10.2.0.2 - - [06/Aug/2025 05:55:11] "POST /base_setup/demo_active HTTP/1.1" 200 - 4 0.004 0.004
2025-08-06 05:55:11,776 82464 DEBUG ? odoo.modules.registry: Multiprocess signaling check: [Registry - 4 -> 4] [Cache - 147 -> 147] 
2025-08-06 05:55:11,780 82464 INFO odoo_test_1 werkzeug: 10.2.0.2 - - [06/Aug/2025 05:55:11] "POST /base_setup/data HTTP/1.1" 200 - 6 0.004 0.003
2025-08-06 05:55:12,011 82464 DEBUG ? odoo.modules.registry: Multiprocess signaling check: [Registry - 4 -> 4] [Cache - 147 -> 147] 
2025-08-06 05:55:12,037 82464 DEBUG odoo_test_1 odoo.addons.http_routing.models.ir_http: '/null/static/description/icon.png' (lang: 'en') no lang in url and default website, continue 
2025-08-06 05:55:12,093 82464 WARNING odoo_test_1 odoo.addons.base.models.ir_qweb: Found deprecated directive @t-esc="title or 'Odoo'" in template 181. Replace by @t-out 
2025-08-06 05:55:12,095 82464 WARNING odoo_test_1 odoo.addons.base.models.ir_qweb: Found deprecated directive @t-esc='request.csrf_token(None)' in template 181. Replace by @t-out 
2025-08-06 05:55:12,095 82464 WARNING odoo_test_1 odoo.addons.base.models.ir_qweb: Found deprecated directive @t-esc='debug' in template 181. Replace by @t-out 
2025-08-06 05:55:12,664 82464 INFO odoo_test_1 odoo.addons.base.models.assetsbundle: Failed to find attachment for assets /web/assets/%-ddb6cce/web.assets_frontend.css 
2025-08-06 05:55:20,464 82464 INFO odoo_test_1 odoo.addons.base.models.assetsbundle: Failed to find attachment for assets /web/assets/%-ddb6cce/web.assets_frontend.css.map 
2025-08-06 05:55:20,478 82464 INFO odoo_test_1 odoo.addons.base.models.assetsbundle: Deleting ir.attachment [551] (from bundle web.assets_frontend) 
2025-08-06 05:55:20,583 82464 INFO odoo_test_1 odoo.addons.base.models.assetsbundle: Deleting ir.attachment [552] (from bundle web.assets_frontend) 
2025-08-06 05:55:21,290 82464 INFO odoo_test_1 odoo.addons.base.models.assetsbundle: Failed to find attachment for assets /web/assets/%-bd02d63/web.assets_frontend_lazy.js 
2025-08-06 05:55:21,385 82464 INFO odoo_test_1 odoo.addons.base.models.assetsbundle: Failed to find attachment for assets /web/assets/%-bd02d63/web.assets_frontend_lazy.js.map 
2025-08-06 05:55:21,392 82464 INFO odoo_test_1 odoo.addons.base.models.assetsbundle: Deleting ir.attachment [555] (from bundle web.assets_frontend_lazy) 
2025-08-06 05:55:22,091 82464 INFO odoo_test_1 odoo.addons.base.models.assetsbundle: Deleting ir.attachment [556] (from bundle web.assets_frontend_lazy) 
2025-08-06 05:55:22,447 82464 WARNING odoo_test_1 odoo.addons.base.models.ir_qweb: Found deprecated directive @t-esc="user_id.name[:23] + '...' if user_id.name and len(user_id.name) > 25 else user_id.name" in template 450. Replace by @t-out 
2025-08-06 05:55:22,486 82464 WARNING odoo_test_1 odoo.addons.base.models.ir_qweb: Found deprecated directive @t-esc="active_lang[2].split('/').pop()" in template 449. Replace by @t-out 
2025-08-06 05:55:22,494 82464 WARNING odoo_test_1 odoo.addons.base.models.ir_qweb: Found deprecated directive @t-esc="lg[2].split('/').pop()" in template 449. Replace by @t-out 
2025-08-06 05:55:22,555 82464 INFO odoo_test_1 werkzeug: 10.2.0.2 - - [06/Aug/2025 05:55:22] "GET /null/static/description/icon.png HTTP/1.1" 404 - 173 0.175 10.370
2025-08-06 05:55:57,277 82464 DEBUG ? odoo.service.server: cron0 polling for jobs 
2025-08-06 05:55:57,282 82464 DEBUG odoo_test_1 odoo.addons.base.models.ir_cron: job 13 acquired 
2025-08-06 05:55:57,288 82464 DEBUG odoo_test_1 odoo.modules.registry: Multiprocess signaling check: [Registry - 4 -> 4] [Cache - 147 -> 147] 
2025-08-06 05:55:57,290 82464 DEBUG odoo_test_1 odoo.addons.base.models.ir_cron: cron.object.execute('odoo_test_1', 1, '*', 'payment: post-process transactions', 285) 
2025-08-06 05:55:57,290 82464 INFO odoo_test_1 odoo.addons.base.models.ir_cron: Starting job `payment: post-process transactions`. 
2025-08-06 05:55:57,307 82464 INFO odoo_test_1 odoo.addons.base.models.ir_cron: Job `payment: post-process transactions` done. 
2025-08-06 05:55:57,307 82464 DEBUG odoo_test_1 odoo.addons.base.models.ir_cron: 0.017s (cron payment: post-process transactions, server action 285 with uid 1) 
2025-08-06 05:55:57,312 82464 DEBUG odoo_test_1 odoo.addons.base.models.ir_cron: job 13 updated and released 
2025-08-06 05:56:04,422 82464 DEBUG ? odoo.service.server: cron1 polling for jobs 
2025-08-06 05:56:11,085 82464 DEBUG odoo_test_1 odoo.modules.registry: Multiprocess signaling check: [Registry - 4 -> 4] [Cache - 147 -> 147] 
2025-08-06 05:56:57,316 82464 DEBUG ? odoo.service.server: cron0 polling for jobs 
2025-08-06 05:57:05,439 82464 DEBUG ? odoo.service.server: cron1 polling for jobs 
2025-08-06 05:57:11,093 82464 DEBUG odoo_test_1 odoo.modules.registry: Multiprocess signaling check: [Registry - 4 -> 4] [Cache - 147 -> 147] 
2025-08-06 05:57:57,325 82464 DEBUG ? odoo.service.server: cron0 polling for jobs 
2025-08-06 05:58:06,456 82464 DEBUG ? odoo.service.server: cron1 polling for jobs 
2025-08-06 05:58:12,091 82464 DEBUG odoo_test_1 odoo.modules.registry: Multiprocess signaling check: [Registry - 4 -> 4] [Cache - 147 -> 147] 
2025-08-06 05:58:57,329 82464 DEBUG ? odoo.service.server: cron0 polling for jobs 
2025-08-06 05:59:07,479 82464 DEBUG ? odoo.service.server: cron1 polling for jobs 
2025-08-06 05:59:13,093 82464 DEBUG odoo_test_1 odoo.modules.registry: Multiprocess signaling check: [Registry - 4 -> 4] [Cache - 147 -> 147] 
2025-08-06 05:59:57,338 82464 DEBUG ? odoo.service.server: cron0 polling for jobs 
2025-08-06 06:00:08,504 82464 DEBUG ? odoo.service.server: cron1 polling for jobs 
2025-08-06 06:00:14,097 82464 DEBUG odoo_test_1 odoo.modules.registry: Multiprocess signaling check: [Registry - 4 -> 4] [Cache - 147 -> 147] 
2025-08-06 06:00:57,343 82464 DEBUG ? odoo.service.server: cron0 polling for jobs 
2025-08-06 06:01:09,521 82464 DEBUG ? odoo.service.server: cron1 polling for jobs 
2025-08-06 06:01:57,348 82464 DEBUG ? odoo.service.server: cron0 polling for jobs 
2025-08-06 06:02:10,546 82464 DEBUG ? odoo.service.server: cron1 polling for jobs 
2025-08-06 06:02:13,113 82464 DEBUG odoo_test_1 odoo.modules.registry: Multiprocess signaling check: [Registry - 4 -> 4] [Cache - 147 -> 147] 
2025-08-06 06:02:57,364 82464 DEBUG ? odoo.service.server: cron0 polling for jobs 
2025-08-06 06:03:11,574 82464 DEBUG ? odoo.service.server: cron1 polling for jobs 
2025-08-06 06:03:13,126 82464 DEBUG odoo_test_1 odoo.modules.registry: Multiprocess signaling check: [Registry - 4 -> 4] [Cache - 147 -> 147] 
2025-08-06 06:03:57,383 82464 DEBUG ? odoo.service.server: cron0 polling for jobs 
2025-08-06 06:04:12,595 82464 DEBUG ? odoo.service.server: cron1 polling for jobs 
2025-08-06 06:04:13,123 82464 DEBUG odoo_test_1 odoo.modules.registry: Multiprocess signaling check: [Registry - 4 -> 4] [Cache - 147 -> 147] 
2025-08-06 06:04:57,401 82464 DEBUG ? odoo.service.server: cron0 polling for jobs 
2025-08-06 06:05:13,617 82464 DEBUG ? odoo.service.server: cron1 polling for jobs 
2025-08-06 06:05:57,420 82464 DEBUG ? odoo.service.server: cron0 polling for jobs 
2025-08-06 06:05:57,423 82464 DEBUG odoo_test_1 odoo.addons.base.models.ir_cron: job 13 acquired 
2025-08-06 06:05:57,429 82464 DEBUG odoo_test_1 odoo.modules.registry: Multiprocess signaling check: [Registry - 4 -> 4] [Cache - 147 -> 147] 
2025-08-06 06:05:57,430 82464 DEBUG odoo_test_1 odoo.addons.base.models.ir_cron: cron.object.execute('odoo_test_1', 1, '*', 'payment: post-process transactions', 285) 
2025-08-06 06:05:57,430 82464 INFO odoo_test_1 odoo.addons.base.models.ir_cron: Starting job `payment: post-process transactions`. 
2025-08-06 06:05:57,442 82464 INFO odoo_test_1 odoo.addons.base.models.ir_cron: Job `payment: post-process transactions` done. 
2025-08-06 06:05:57,443 82464 DEBUG odoo_test_1 odoo.addons.base.models.ir_cron: 0.013s (cron payment: post-process transactions, server action 285 with uid 1) 
2025-08-06 06:05:57,445 82464 DEBUG odoo_test_1 odoo.addons.base.models.ir_cron: job 13 updated and released 
2025-08-06 06:06:13,115 82464 DEBUG odoo_test_1 odoo.modules.registry: Multiprocess signaling check: [Registry - 4 -> 4] [Cache - 147 -> 147] 
2025-08-06 06:06:14,642 82464 DEBUG ? odoo.service.server: cron1 polling for jobs 
2025-08-06 06:06:57,449 82464 DEBUG ? odoo.service.server: cron0 polling for jobs 
2025-08-06 06:07:13,096 82464 DEBUG odoo_test_1 odoo.modules.registry: Multiprocess signaling check: [Registry - 4 -> 4] [Cache - 147 -> 147] 
2025-08-06 06:07:15,665 82464 DEBUG ? odoo.service.server: cron1 polling for jobs 
2025-08-06 06:07:57,467 82464 DEBUG ? odoo.service.server: cron0 polling for jobs 
2025-08-06 06:08:13,124 82464 DEBUG odoo_test_1 odoo.modules.registry: Multiprocess signaling check: [Registry - 4 -> 4] [Cache - 147 -> 147] 
2025-08-06 06:08:16,688 82464 DEBUG ? odoo.service.server: cron1 polling for jobs 
2025-08-06 06:08:57,476 82464 DEBUG ? odoo.service.server: cron0 polling for jobs 
2025-08-06 06:09:13,100 82464 DEBUG odoo_test_1 odoo.modules.registry: Multiprocess signaling check: [Registry - 4 -> 4] [Cache - 147 -> 147] 
2025-08-06 06:09:17,714 82464 DEBUG ? odoo.service.server: cron1 polling for jobs 
2025-08-06 06:09:57,481 82464 DEBUG ? odoo.service.server: cron0 polling for jobs 
2025-08-06 06:10:13,106 82464 DEBUG odoo_test_1 odoo.modules.registry: Multiprocess signaling check: [Registry - 4 -> 4] [Cache - 147 -> 147] 
2025-08-06 06:10:18,731 82464 DEBUG ? odoo.service.server: cron1 polling for jobs 
2025-08-06 06:10:57,496 82464 DEBUG ? odoo.service.server: cron0 polling for jobs 
2025-08-06 06:11:19,754 82464 DEBUG ? odoo.service.server: cron1 polling for jobs 
2025-08-06 06:11:54,075 82464 DEBUG odoo_test_1 odoo.modules.registry: Multiprocess signaling check: [Registry - 4 -> 4] [Cache - 147 -> 147] 
2025-08-06 06:11:57,511 82464 DEBUG ? odoo.service.server: cron0 polling for jobs 
2025-08-06 06:12:20,782 82464 DEBUG ? odoo.service.server: cron1 polling for jobs 
2025-08-06 06:12:54,075 82464 DEBUG odoo_test_1 odoo.modules.registry: Multiprocess signaling check: [Registry - 4 -> 4] [Cache - 147 -> 147] 
2025-08-06 06:12:57,523 82464 DEBUG ? odoo.service.server: cron0 polling for jobs 
2025-08-06 06:13:21,798 82464 DEBUG ? odoo.service.server: cron1 polling for jobs 
2025-08-06 06:13:54,087 82464 DEBUG odoo_test_1 odoo.modules.registry: Multiprocess signaling check: [Registry - 4 -> 4] [Cache - 147 -> 147] 
2025-08-06 06:13:57,529 82464 DEBUG ? odoo.service.server: cron0 polling for jobs 
2025-08-06 06:14:22,822 82464 DEBUG ? odoo.service.server: cron1 polling for jobs 
2025-08-06 06:14:57,536 82464 DEBUG ? odoo.service.server: cron0 polling for jobs 
2025-08-06 06:15:19,217 82464 DEBUG odoo_test_1 odoo.modules.registry: Multiprocess signaling check: [Registry - 4 -> 4] [Cache - 147 -> 147] 
2025-08-06 06:15:23,857 82464 DEBUG ? odoo.service.server: cron1 polling for jobs 
2025-08-06 06:15:23,874 82464 DEBUG odoo_test_1 odoo.addons.base.models.ir_cron: job 13 acquired 
2025-08-06 06:15:23,881 82464 DEBUG odoo_test_1 odoo.modules.registry: Multiprocess signaling check: [Registry - 4 -> 4] [Cache - 147 -> 147] 
2025-08-06 06:15:23,883 82464 DEBUG odoo_test_1 odoo.addons.base.models.ir_cron: cron.object.execute('odoo_test_1', 1, '*', 'payment: post-process transactions', 285) 
2025-08-06 06:15:23,883 82464 INFO odoo_test_1 odoo.addons.base.models.ir_cron: Starting job `payment: post-process transactions`. 
2025-08-06 06:15:23,931 82464 INFO odoo_test_1 odoo.addons.base.models.ir_cron: Job `payment: post-process transactions` done. 
2025-08-06 06:15:23,931 82464 DEBUG odoo_test_1 odoo.addons.base.models.ir_cron: 0.048s (cron payment: post-process transactions, server action 285 with uid 1) 
2025-08-06 06:15:23,934 82464 DEBUG odoo_test_1 odoo.addons.base.models.ir_cron: job 13 updated and released 
2025-08-06 06:15:57,553 82464 DEBUG ? odoo.service.server: cron0 polling for jobs 
2025-08-06 06:16:24,961 82464 DEBUG ? odoo.service.server: cron1 polling for jobs 
2025-08-06 06:16:57,568 82464 DEBUG ? odoo.service.server: cron0 polling for jobs 
2025-08-06 06:17:13,116 82464 DEBUG odoo_test_1 odoo.modules.registry: Multiprocess signaling check: [Registry - 4 -> 4] [Cache - 147 -> 147] 
2025-08-06 06:17:25,978 82464 DEBUG ? odoo.service.server: cron1 polling for jobs 
2025-08-06 06:17:57,584 82464 DEBUG ? odoo.service.server: cron0 polling for jobs 
2025-08-06 06:18:13,108 82464 DEBUG odoo_test_1 odoo.modules.registry: Multiprocess signaling check: [Registry - 4 -> 4] [Cache - 147 -> 147] 
2025-08-06 06:18:26,993 82464 DEBUG ? odoo.service.server: cron1 polling for jobs 
2025-08-06 06:18:57,604 82464 DEBUG ? odoo.service.server: cron0 polling for jobs 
2025-08-06 06:19:28,013 82464 DEBUG ? odoo.service.server: cron1 polling for jobs 
2025-08-06 06:19:57,616 82464 DEBUG ? odoo.service.server: cron0 polling for jobs 
2025-08-06 06:20:13,124 82464 DEBUG odoo_test_1 odoo.modules.registry: Multiprocess signaling check: [Registry - 4 -> 4] [Cache - 147 -> 147] 
2025-08-06 06:20:29,032 82464 DEBUG ? odoo.service.server: cron1 polling for jobs 
2025-08-06 06:20:57,635 82464 DEBUG ? odoo.service.server: cron0 polling for jobs 
2025-08-06 06:20:57,639 82464 DEBUG odoo_test_1 odoo.addons.base.models.ir_cron: job 2 acquired 
2025-08-06 06:20:57,645 82464 DEBUG odoo_test_1 odoo.modules.registry: Multiprocess signaling check: [Registry - 4 -> 4] [Cache - 147 -> 147] 
2025-08-06 06:20:57,646 82464 DEBUG odoo_test_1 odoo.addons.base.models.ir_cron: cron.object.execute('odoo_test_1', 1, '*', 'Mail: Email Queue Manager', 120) 
2025-08-06 06:20:57,646 82464 INFO odoo_test_1 odoo.addons.base.models.ir_cron: Starting job `Mail: Email Queue Manager`. 
2025-08-06 06:20:57,664 82464 INFO odoo_test_1 odoo.addons.base.models.ir_cron: Job `Mail: Email Queue Manager` done. 
2025-08-06 06:20:57,664 82464 DEBUG odoo_test_1 odoo.addons.base.models.ir_cron: 0.018s (cron Mail: Email Queue Manager, server action 120 with uid 1) 
2025-08-06 06:20:57,666 82464 DEBUG odoo_test_1 odoo.addons.base.models.ir_cron: job 2 updated and released 
2025-08-06 06:20:57,667 82464 DEBUG odoo_test_1 odoo.addons.base.models.ir_cron: job 6 acquired 
2025-08-06 06:20:57,671 82464 DEBUG odoo_test_1 odoo.modules.registry: Multiprocess signaling check: [Registry - 4 -> 4] [Cache - 147 -> 147] 
2025-08-06 06:20:57,672 82464 DEBUG odoo_test_1 odoo.addons.base.models.ir_cron: cron.object.execute('odoo_test_1', 
2025-08-06 06:20:57,672 82464 DEBUG odoo_test_1 odoo.addons.base.models.ir_cron:                     1, 
2025-08-06 06:20:57,673 82464 DEBUG odoo_test_1 odoo.addons.base.models.ir_cron:                     '*', 
2025-08-06 06:20:57,673 82464 DEBUG odoo_test_1 odoo.addons.base.models.ir_cron:                     'Notification: Send scheduled message notifications', 
2025-08-06 06:20:57,673 82464 DEBUG odoo_test_1 odoo.addons.base.models.ir_cron:                     124) 
2025-08-06 06:20:57,673 82464 INFO odoo_test_1 odoo.addons.base.models.ir_cron: Starting job `Notification: Send scheduled message notifications`. 
2025-08-06 06:20:57,680 82464 INFO odoo_test_1 odoo.addons.base.models.ir_cron: Job `Notification: Send scheduled message notifications` done. 
2025-08-06 06:20:57,680 82464 DEBUG odoo_test_1 odoo.addons.base.models.ir_cron: 0.007s (cron Notification: Send scheduled message notifications, server action 124 with uid 1) 
2025-08-06 06:20:57,683 82464 DEBUG odoo_test_1 odoo.addons.base.models.ir_cron: job 6 updated and released 
2025-08-06 06:21:13,136 82464 DEBUG odoo_test_1 odoo.modules.registry: Multiprocess signaling check: [Registry - 4 -> 4] [Cache - 147 -> 147] 
2025-08-06 06:21:30,059 82464 DEBUG ? odoo.service.server: cron1 polling for jobs 
2025-08-06 06:21:30,062 82464 DEBUG odoo_test_1 odoo.addons.base.models.ir_cron: job 10 acquired 
2025-08-06 06:21:30,067 82464 DEBUG odoo_test_1 odoo.modules.registry: Multiprocess signaling check: [Registry - 4 -> 4] [Cache - 147 -> 147] 
2025-08-06 06:21:30,069 82464 DEBUG odoo_test_1 odoo.addons.base.models.ir_cron: cron.object.execute('odoo_test_1', 1, '*', 'Snailmail: process letters queue', 180) 
2025-08-06 06:21:30,069 82464 INFO odoo_test_1 odoo.addons.base.models.ir_cron: Starting job `Snailmail: process letters queue`. 
2025-08-06 06:21:30,078 82464 INFO odoo_test_1 odoo.addons.base.models.ir_cron: Job `Snailmail: process letters queue` done. 
2025-08-06 06:21:30,078 82464 DEBUG odoo_test_1 odoo.addons.base.models.ir_cron: 0.009s (cron Snailmail: process letters queue, server action 180 with uid 1) 
2025-08-06 06:21:30,081 82464 DEBUG odoo_test_1 odoo.addons.base.models.ir_cron: job 10 updated and released 
2025-08-06 06:21:30,083 82464 DEBUG odoo_test_1 odoo.addons.base.models.ir_cron: job 9 acquired 
2025-08-06 06:21:30,090 82464 DEBUG odoo_test_1 odoo.modules.registry: Multiprocess signaling check: [Registry - 4 -> 4] [Cache - 147 -> 147] 
2025-08-06 06:21:30,091 82464 DEBUG odoo_test_1 odoo.addons.base.models.ir_cron: cron.object.execute('odoo_test_1', 1, '*', 'SMS: SMS Queue Manager', 170) 
2025-08-06 06:21:30,091 82464 INFO odoo_test_1 odoo.addons.base.models.ir_cron: Starting job `SMS: SMS Queue Manager`. 
2025-08-06 06:21:30,101 82464 INFO odoo_test_1 odoo.addons.base.models.ir_cron: Job `SMS: SMS Queue Manager` done. 
2025-08-06 06:21:30,102 82464 DEBUG odoo_test_1 odoo.addons.base.models.ir_cron: 0.011s (cron SMS: SMS Queue Manager, server action 170 with uid 1) 
2025-08-06 06:21:30,104 82464 DEBUG odoo_test_1 odoo.addons.base.models.ir_cron: job 9 updated and released 
2025-08-06 06:21:30,106 82464 DEBUG odoo_test_1 odoo.addons.base.models.ir_cron: job 8 acquired 
2025-08-06 06:21:30,112 82464 DEBUG odoo_test_1 odoo.modules.registry: Multiprocess signaling check: [Registry - 4 -> 4] [Cache - 147 -> 147] 
2025-08-06 06:21:30,114 82464 DEBUG odoo_test_1 odoo.addons.base.models.ir_cron: cron.object.execute('odoo_test_1', 1, '*', 'Partner Autocomplete : Sync with remote DB', 166) 
2025-08-06 06:21:30,114 82464 INFO odoo_test_1 odoo.addons.base.models.ir_cron: Starting job `Partner Autocomplete : Sync with remote DB`. 
2025-08-06 06:21:30,122 82464 INFO odoo_test_1 odoo.addons.base.models.ir_cron: Job `Partner Autocomplete : Sync with remote DB` done. 
2025-08-06 06:21:30,123 82464 DEBUG odoo_test_1 odoo.addons.base.models.ir_cron: 0.009s (cron Partner Autocomplete : Sync with remote DB, server action 166 with uid 1) 
2025-08-06 06:21:30,124 82464 DEBUG odoo_test_1 odoo.addons.base.models.ir_cron: job 8 updated and released 
2025-08-06 06:21:57,696 82464 DEBUG ? odoo.service.server: cron0 polling for jobs 
2025-08-06 06:22:13,130 82464 DEBUG odoo_test_1 odoo.modules.registry: Multiprocess signaling check: [Registry - 4 -> 4] [Cache - 147 -> 147] 
2025-08-06 06:22:31,150 82464 DEBUG ? odoo.service.server: cron1 polling for jobs 
2025-08-06 06:22:57,705 82464 DEBUG ? odoo.service.server: cron0 polling for jobs 
2025-08-06 06:23:13,229 82464 DEBUG odoo_test_1 odoo.modules.registry: Multiprocess signaling check: [Registry - 4 -> 4] [Cache - 147 -> 147] 
2025-08-06 06:23:32,167 82464 DEBUG ? odoo.service.server: cron1 polling for jobs 
2025-08-06 06:23:57,711 82464 DEBUG ? odoo.service.server: cron0 polling for jobs 
2025-08-06 06:24:33,183 82464 DEBUG ? odoo.service.server: cron1 polling for jobs 
2025-08-06 06:24:57,725 82464 DEBUG ? odoo.service.server: cron0 polling for jobs 
2025-08-06 06:25:13,121 82464 DEBUG odoo_test_1 odoo.modules.registry: Multiprocess signaling check: [Registry - 4 -> 4] [Cache - 147 -> 147] 
2025-08-06 06:25:34,204 82464 DEBUG ? odoo.service.server: cron1 polling for jobs 
2025-08-06 06:25:34,207 82464 DEBUG odoo_test_1 odoo.addons.base.models.ir_cron: job 13 acquired 
2025-08-06 06:25:34,212 82464 DEBUG odoo_test_1 odoo.modules.registry: Multiprocess signaling check: [Registry - 4 -> 4] [Cache - 147 -> 147] 
2025-08-06 06:25:34,214 82464 DEBUG odoo_test_1 odoo.addons.base.models.ir_cron: cron.object.execute('odoo_test_1', 1, '*', 'payment: post-process transactions', 285) 
2025-08-06 06:25:34,214 82464 INFO odoo_test_1 odoo.addons.base.models.ir_cron: Starting job `payment: post-process transactions`. 
2025-08-06 06:25:34,235 82464 INFO odoo_test_1 odoo.addons.base.models.ir_cron: Job `payment: post-process transactions` done. 
2025-08-06 06:25:34,235 82464 DEBUG odoo_test_1 odoo.addons.base.models.ir_cron: 0.020s (cron payment: post-process transactions, server action 285 with uid 1) 
2025-08-06 06:25:34,238 82464 DEBUG odoo_test_1 odoo.addons.base.models.ir_cron: job 13 updated and released 
2025-08-06 06:25:57,730 82464 DEBUG ? odoo.service.server: cron0 polling for jobs 
2025-08-06 06:26:13,125 82464 DEBUG odoo_test_1 odoo.modules.registry: Multiprocess signaling check: [Registry - 4 -> 4] [Cache - 147 -> 147] 
2025-08-06 06:26:35,258 82464 DEBUG ? odoo.service.server: cron1 polling for jobs 
2025-08-06 06:26:57,740 82464 DEBUG ? odoo.service.server: cron0 polling for jobs 
2025-08-06 06:27:36,280 82464 DEBUG ? odoo.service.server: cron1 polling for jobs 
2025-08-06 06:27:57,753 82464 DEBUG ? odoo.service.server: cron0 polling for jobs 
2025-08-06 06:28:13,117 82464 DEBUG odoo_test_1 odoo.modules.registry: Multiprocess signaling check: [Registry - 4 -> 4] [Cache - 147 -> 147] 
2025-08-06 06:28:37,310 82464 DEBUG ? odoo.service.server: cron1 polling for jobs 
2025-08-06 06:28:57,760 82464 DEBUG ? odoo.service.server: cron0 polling for jobs 
2025-08-06 06:29:38,330 82464 DEBUG ? odoo.service.server: cron1 polling for jobs 
2025-08-06 06:29:57,777 82464 DEBUG ? odoo.service.server: cron0 polling for jobs 
2025-08-06 06:30:13,116 82464 DEBUG odoo_test_1 odoo.modules.registry: Multiprocess signaling check: [Registry - 4 -> 4] [Cache - 147 -> 147] 
2025-08-06 06:30:39,349 82464 DEBUG ? odoo.service.server: cron1 polling for jobs 
2025-08-06 06:30:57,784 82464 DEBUG ? odoo.service.server: cron0 polling for jobs 
2025-08-06 06:31:13,122 82464 DEBUG odoo_test_1 odoo.modules.registry: Multiprocess signaling check: [Registry - 4 -> 4] [Cache - 147 -> 147] 
2025-08-06 06:31:40,377 82464 DEBUG ? odoo.service.server: cron1 polling for jobs 
2025-08-06 06:31:57,801 82464 DEBUG ? odoo.service.server: cron0 polling for jobs 
2025-08-06 06:32:41,396 82464 DEBUG ? odoo.service.server: cron1 polling for jobs 
2025-08-06 06:32:57,821 82464 DEBUG ? odoo.service.server: cron0 polling for jobs 
2025-08-06 06:33:13,203 82464 DEBUG odoo_test_1 odoo.modules.registry: Multiprocess signaling check: [Registry - 4 -> 4] [Cache - 147 -> 147] 
2025-08-06 06:33:42,417 82464 DEBUG ? odoo.service.server: cron1 polling for jobs 
2025-08-06 06:33:57,838 82464 DEBUG ? odoo.service.server: cron0 polling for jobs 
2025-08-06 06:34:43,436 82464 DEBUG ? odoo.service.server: cron1 polling for jobs 
2025-08-06 06:34:57,841 82464 DEBUG ? odoo.service.server: cron0 polling for jobs 
2025-08-06 06:35:13,118 82464 DEBUG odoo_test_1 odoo.modules.registry: Multiprocess signaling check: [Registry - 4 -> 4] [Cache - 147 -> 147] 
2025-08-06 06:35:44,458 82464 DEBUG ? odoo.service.server: cron1 polling for jobs 
2025-08-06 06:35:44,461 82464 DEBUG odoo_test_1 odoo.addons.base.models.ir_cron: job 13 acquired 
2025-08-06 06:35:44,465 82464 DEBUG odoo_test_1 odoo.modules.registry: Multiprocess signaling check: [Registry - 4 -> 4] [Cache - 147 -> 147] 
2025-08-06 06:35:44,467 82464 DEBUG odoo_test_1 odoo.addons.base.models.ir_cron: cron.object.execute('odoo_test_1', 1, '*', 'payment: post-process transactions', 285) 
2025-08-06 06:35:44,467 82464 INFO odoo_test_1 odoo.addons.base.models.ir_cron: Starting job `payment: post-process transactions`. 
2025-08-06 06:35:44,472 82464 INFO odoo_test_1 odoo.addons.base.models.ir_cron: Job `payment: post-process transactions` done. 
2025-08-06 06:35:44,472 82464 DEBUG odoo_test_1 odoo.addons.base.models.ir_cron: 0.005s (cron payment: post-process transactions, server action 285 with uid 1) 
2025-08-06 06:35:44,485 82464 DEBUG odoo_test_1 odoo.addons.base.models.ir_cron: job 13 updated and released 
2025-08-06 06:35:57,845 82464 DEBUG ? odoo.service.server: cron0 polling for jobs 
2025-08-06 06:36:13,509 82464 DEBUG odoo_test_1 odoo.modules.registry: Multiprocess signaling check: [Registry - 4 -> 4] [Cache - 147 -> 147] 
2025-08-06 06:36:45,507 82464 DEBUG ? odoo.service.server: cron1 polling for jobs 
2025-08-06 06:36:57,851 82464 DEBUG ? odoo.service.server: cron0 polling for jobs 
2025-08-06 06:37:46,532 82464 DEBUG ? odoo.service.server: cron1 polling for jobs 
2025-08-06 06:37:57,856 82464 DEBUG ? odoo.service.server: cron0 polling for jobs 
2025-08-06 06:38:13,229 82464 DEBUG odoo_test_1 odoo.modules.registry: Multiprocess signaling check: [Registry - 4 -> 4] [Cache - 147 -> 147] 
2025-08-06 06:38:47,546 82464 DEBUG ? odoo.service.server: cron1 polling for jobs 
2025-08-06 06:38:57,873 82464 DEBUG ? odoo.service.server: cron0 polling for jobs 
2025-08-06 06:39:48,568 82464 DEBUG ? odoo.service.server: cron1 polling for jobs 
2025-08-06 06:39:57,882 82464 DEBUG ? odoo.service.server: cron0 polling for jobs 
2025-08-06 06:40:13,084 82464 DEBUG odoo_test_1 odoo.modules.registry: Multiprocess signaling check: [Registry - 4 -> 4] [Cache - 147 -> 147] 
2025-08-06 06:40:49,590 82464 DEBUG ? odoo.service.server: cron1 polling for jobs 
2025-08-06 06:40:57,892 82464 DEBUG ? odoo.service.server: cron0 polling for jobs 
2025-08-06 06:41:13,111 82464 DEBUG odoo_test_1 odoo.modules.registry: Multiprocess signaling check: [Registry - 4 -> 4] [Cache - 147 -> 147] 
2025-08-06 06:41:50,614 82464 DEBUG ? odoo.service.server: cron1 polling for jobs 
2025-08-06 06:41:57,907 82464 DEBUG ? odoo.service.server: cron0 polling for jobs 
2025-08-06 06:42:13,111 82464 DEBUG odoo_test_1 odoo.modules.registry: Multiprocess signaling check: [Registry - 4 -> 4] [Cache - 147 -> 147] 
2025-08-06 06:42:51,635 82464 DEBUG ? odoo.service.server: cron1 polling for jobs 
2025-08-06 06:42:57,918 82464 DEBUG ? odoo.service.server: cron0 polling for jobs 
2025-08-06 06:43:13,134 82464 DEBUG odoo_test_1 odoo.modules.registry: Multiprocess signaling check: [Registry - 4 -> 4] [Cache - 147 -> 147] 
2025-08-06 06:43:52,664 82464 DEBUG ? odoo.service.server: cron1 polling for jobs 
2025-08-06 06:43:57,930 82464 DEBUG ? odoo.service.server: cron0 polling for jobs 
2025-08-06 06:44:53,691 82464 DEBUG ? odoo.service.server: cron1 polling for jobs 
2025-08-06 06:44:57,935 82464 DEBUG ? odoo.service.server: cron0 polling for jobs 
2025-08-06 06:45:13,143 82464 DEBUG odoo_test_1 odoo.modules.registry: Multiprocess signaling check: [Registry - 4 -> 4] [Cache - 147 -> 147] 
2025-08-06 06:45:54,711 82464 DEBUG ? odoo.service.server: cron1 polling for jobs 
2025-08-06 06:45:54,714 82464 DEBUG odoo_test_1 odoo.addons.base.models.ir_cron: job 13 acquired 
2025-08-06 06:45:54,719 82464 DEBUG odoo_test_1 odoo.modules.registry: Multiprocess signaling check: [Registry - 4 -> 4] [Cache - 147 -> 147] 
2025-08-06 06:45:54,720 82464 DEBUG odoo_test_1 odoo.addons.base.models.ir_cron: cron.object.execute('odoo_test_1', 1, '*', 'payment: post-process transactions', 285) 
2025-08-06 06:45:54,720 82464 INFO odoo_test_1 odoo.addons.base.models.ir_cron: Starting job `payment: post-process transactions`. 
2025-08-06 06:45:54,728 82464 INFO odoo_test_1 odoo.addons.base.models.ir_cron: Job `payment: post-process transactions` done. 
2025-08-06 06:45:54,728 82464 DEBUG odoo_test_1 odoo.addons.base.models.ir_cron: 0.008s (cron payment: post-process transactions, server action 285 with uid 1) 
2025-08-06 06:45:54,736 82464 DEBUG odoo_test_1 odoo.addons.base.models.ir_cron: job 13 updated and released 
2025-08-06 06:45:57,938 82464 DEBUG ? odoo.service.server: cron0 polling for jobs 
2025-08-06 06:46:13,158 82464 DEBUG odoo_test_1 odoo.modules.registry: Multiprocess signaling check: [Registry - 4 -> 4] [Cache - 147 -> 147] 
2025-08-06 06:46:55,758 82464 DEBUG ? odoo.service.server: cron1 polling for jobs 
2025-08-06 06:46:57,944 82464 DEBUG ? odoo.service.server: cron0 polling for jobs 
2025-08-06 06:47:56,776 82464 DEBUG ? odoo.service.server: cron1 polling for jobs 
2025-08-06 06:47:57,960 82464 DEBUG ? odoo.service.server: cron0 polling for jobs 
2025-08-06 06:48:13,343 82464 DEBUG odoo_test_1 odoo.modules.registry: Multiprocess signaling check: [Registry - 4 -> 4] [Cache - 147 -> 147] 
2025-08-06 16:35:45,256 107224 DEBUG ? odoo.netsvc: logger level set: "odoo.http.rpc.request:INFO" 
2025-08-06 16:35:45,264 107224 DEBUG ? odoo.netsvc: logger level set: "odoo.http.rpc.response:INFO" 
2025-08-06 16:35:45,264 107224 DEBUG ? odoo.netsvc: logger level set: ":INFO" 
2025-08-06 16:35:45,264 107224 DEBUG ? odoo.netsvc: logger level set: "odoo:DEBUG" 
2025-08-06 16:35:45,264 107224 DEBUG ? odoo.netsvc: logger level set: "odoo.sql_db:INFO" 
2025-08-06 16:35:45,265 107224 DEBUG ? odoo.netsvc: logger level set: ":INFO" 
2025-08-06 16:35:45,266 107224 INFO ? odoo: Odoo version 16.0 
2025-08-06 16:35:45,266 107224 INFO ? odoo: Using configuration file at C:\working\python\django\odoo\odoo.conf 
2025-08-06 16:35:45,267 107224 INFO ? odoo: addons paths: ['C:\\working\\python\\django\\odoo\\odoo\\addons', 'c:\\users\\rupesh\\appdata\\local\\openerp s.a\\odoo\\addons\\16.0', 'c:\\working\\python\\django\\odoo\\odoo\\addons', 'c:\\working\\python\\django\\odoo\\addons', 'c:\\working\\python\\django\\odoo\\custom-addons'] 
2025-08-06 16:35:45,267 107224 INFO ? odoo: database: odoo_user@localhost:5432 
2025-08-06 16:35:45,997 107224 INFO ? odoo.addons.base.models.ir_actions_report: You need Wkhtmltopdf to print a pdf version of the reports. 
2025-08-06 16:35:46,698 107224 WARNING ? odoo.service.server: 'watchdog' module not installed. Code autoreload feature is disabled 
2025-08-06 16:35:46,699 107224 DEBUG ? odoo.service.server: Setting signal handlers 
2025-08-06 16:35:46,710 107224 DEBUG ? odoo.service.server: cron0 started! 
2025-08-06 16:35:46,713 107224 DEBUG ? odoo.service.server: cron1 started! 
2025-08-06 16:35:46,715 107224 INFO ? odoo.service.server: HTTP service (werkzeug) running on DESKTOP-84A4AEN:8069 
2025-08-06 16:36:46,888 107224 DEBUG ? odoo.service.server: cron0 polling for jobs 
2025-08-06 16:36:47,981 107224 DEBUG ? odoo.service.server: cron1 polling for jobs 
2025-08-06 16:37:46,900 107224 DEBUG ? odoo.service.server: cron0 polling for jobs 
2025-08-06 16:37:49,005 107224 DEBUG ? odoo.service.server: cron1 polling for jobs 
2025-08-06 16:38:46,914 107224 DEBUG ? odoo.service.server: cron0 polling for jobs 
2025-08-06 16:38:50,030 107224 DEBUG ? odoo.service.server: cron1 polling for jobs 
2025-08-06 16:39:21,613 107224 DEBUG ? odoo.http: HTTP sessions stored in: c:\users\rupesh\appdata\local\openerp s.a\odoo\sessions 
2025-08-06 16:39:21,835 107224 DEBUG ? odoo.modules.registry: Multiprocess load registry signaling: [Registry: 4] [Cache: 147] 
2025-08-06 16:39:21,854 107224 INFO ? odoo.modules.loading: loading 1 modules... 
2025-08-06 16:39:21,855 107224 DEBUG ? odoo.modules.loading: Loading module base (1/1) 
2025-08-06 16:39:21,867 107224 DEBUG ? odoo.modules.loading: Module base loaded in 0.01s, 0 queries 
2025-08-06 16:39:21,868 107224 INFO ? odoo.modules.loading: 1 modules loaded in 0.01s, 0 queries (+0 extra) 
2025-08-06 16:39:21,910 107224 WARNING ? odoo.modules.module: Missing `license` key in manifest for 'commercium_connector', defaulting to LGPL-3 
2025-08-06 16:39:22,588 107224 DEBUG ? odoo.modules.loading: Updating graph with 48 more modules 
2025-08-06 16:39:22,588 107224 INFO ? odoo.modules.loading: loading 49 modules... 
2025-08-06 16:39:22,588 107224 DEBUG ? odoo.modules.loading: Loading module uom (2/49) 
2025-08-06 16:39:22,597 107224 DEBUG ? odoo.modules.loading: Module uom loaded in 0.01s, 0 queries 
2025-08-06 16:39:22,597 107224 DEBUG ? odoo.modules.loading: Loading module web (3/49) 
2025-08-06 16:39:22,600 107224 DEBUG ? odoo.modules.loading: Module web loaded in 0.00s, 0 queries 
2025-08-06 16:39:22,600 107224 DEBUG ? odoo.modules.loading: Loading module auth_totp (4/49) 
2025-08-06 16:39:22,650 107224 DEBUG ? odoo.modules.loading: Module auth_totp loaded in 0.05s, 0 queries 
2025-08-06 16:39:22,650 107224 DEBUG ? odoo.modules.loading: Loading module barcodes (5/49) 
2025-08-06 16:39:22,670 107224 DEBUG ? odoo.modules.loading: Module barcodes loaded in 0.02s, 0 queries 
2025-08-06 16:39:22,670 107224 DEBUG ? odoo.modules.loading: Loading module base_import (6/49) 
2025-08-06 16:39:23,255 107224 DEBUG ? odoo.modules.loading: Module base_import loaded in 0.58s, 0 queries 
2025-08-06 16:39:23,256 107224 DEBUG ? odoo.modules.loading: Loading module base_setup (7/49) 
2025-08-06 16:39:23,274 107224 DEBUG ? odoo.modules.loading: Module base_setup loaded in 0.02s, 0 queries 
2025-08-06 16:39:23,275 107224 DEBUG ? odoo.modules.loading: Loading module bus (8/49) 
2025-08-06 16:39:23,314 107224 DEBUG ? odoo.modules.loading: Module bus loaded in 0.04s, 0 queries 
2025-08-06 16:39:23,314 107224 DEBUG ? odoo.modules.loading: Loading module commercium_connector (9/49) 
2025-08-06 16:39:23,328 107224 DEBUG ? odoo.modules.loading: Module commercium_connector loaded in 0.01s, 0 queries 
2025-08-06 16:39:23,328 107224 DEBUG ? odoo.modules.loading: Loading module http_routing (10/49) 
2025-08-06 16:39:23,342 107224 DEBUG ? odoo.modules.loading: Module http_routing loaded in 0.01s, 0 queries 
2025-08-06 16:39:23,343 107224 DEBUG ? odoo.modules.loading: Loading module resource (11/49) 
2025-08-06 16:39:23,367 107224 DEBUG ? odoo.modules.loading: Module resource loaded in 0.02s, 0 queries 
2025-08-06 16:39:23,367 107224 DEBUG ? odoo.modules.loading: Loading module utm (12/49) 
2025-08-06 16:39:23,392 107224 DEBUG ? odoo.modules.loading: Module utm loaded in 0.02s, 0 queries 
2025-08-06 16:39:23,392 107224 DEBUG ? odoo.modules.loading: Loading module web_kanban_gauge (13/49) 
2025-08-06 16:39:23,395 107224 DEBUG ? odoo.modules.loading: Module web_kanban_gauge loaded in 0.00s, 0 queries 
2025-08-06 16:39:23,395 107224 DEBUG ? odoo.modules.loading: Loading module web_tour (14/49) 
2025-08-06 16:39:23,404 107224 DEBUG ? odoo.modules.loading: Module web_tour loaded in 0.01s, 0 queries 
2025-08-06 16:39:23,404 107224 DEBUG ? odoo.modules.loading: Loading module barcodes_gs1_nomenclature (15/49) 
2025-08-06 16:39:23,416 107224 DEBUG ? odoo.modules.loading: Module barcodes_gs1_nomenclature loaded in 0.01s, 0 queries 
2025-08-06 16:39:23,416 107224 DEBUG ? odoo.modules.loading: Loading module iap (16/49) 
2025-08-06 16:39:23,434 107224 DEBUG ? odoo.modules.loading: Module iap loaded in 0.02s, 0 queries 
2025-08-06 16:39:23,434 107224 DEBUG ? odoo.modules.loading: Loading module mail (17/49) 
2025-08-06 16:39:23,696 107224 DEBUG ? odoo.modules.loading: Module mail loaded in 0.26s, 0 queries 
2025-08-06 16:39:23,696 107224 DEBUG ? odoo.modules.loading: Loading module spreadsheet (18/49) 
2025-08-06 16:39:23,706 107224 DEBUG ? odoo.modules.loading: Module spreadsheet loaded in 0.01s, 0 queries 
2025-08-06 16:39:23,706 107224 DEBUG ? odoo.modules.loading: Loading module web_editor (19/49) 
2025-08-06 16:39:23,834 107224 DEBUG ? odoo.modules.loading: Module web_editor loaded in 0.13s, 0 queries 
2025-08-06 16:39:23,834 107224 DEBUG ? odoo.modules.loading: Loading module analytic (20/49) 
2025-08-06 16:39:23,857 107224 DEBUG ? odoo.modules.loading: Module analytic loaded in 0.02s, 0 queries 
2025-08-06 16:39:23,857 107224 DEBUG ? odoo.modules.loading: Loading module auth_signup (21/49) 
2025-08-06 16:39:23,875 107224 DEBUG ? odoo.modules.loading: Module auth_signup loaded in 0.02s, 0 queries 
2025-08-06 16:39:23,876 107224 DEBUG ? odoo.modules.loading: Loading module auth_totp_mail (22/49) 
2025-08-06 16:39:23,881 107224 DEBUG ? odoo.modules.loading: Module auth_totp_mail loaded in 0.00s, 0 queries 
2025-08-06 16:39:23,882 107224 DEBUG ? odoo.modules.loading: Loading module base_install_request (23/49) 
2025-08-06 16:39:23,895 107224 DEBUG ? odoo.modules.loading: Module base_install_request loaded in 0.01s, 0 queries 
2025-08-06 16:39:23,895 107224 DEBUG ? odoo.modules.loading: Loading module google_gmail (24/49) 
2025-08-06 16:39:23,913 107224 DEBUG ? odoo.modules.loading: Module google_gmail loaded in 0.02s, 0 queries 
2025-08-06 16:39:23,913 107224 DEBUG ? odoo.modules.loading: Loading module iap_mail (25/49) 
2025-08-06 16:39:23,919 107224 DEBUG ? odoo.modules.loading: Module iap_mail loaded in 0.01s, 0 queries 
2025-08-06 16:39:23,920 107224 DEBUG ? odoo.modules.loading: Loading module mail_bot (26/49) 
2025-08-06 16:39:23,936 107224 DEBUG ? odoo.modules.loading: Module mail_bot loaded in 0.02s, 0 queries 
2025-08-06 16:39:23,936 107224 DEBUG ? odoo.modules.loading: Loading module phone_validation (27/49) 
2025-08-06 16:39:24,083 107224 DEBUG ? odoo.modules.loading: Module phone_validation loaded in 0.15s, 0 queries 
2025-08-06 16:39:24,083 107224 DEBUG ? odoo.modules.loading: Loading module privacy_lookup (28/49) 
2025-08-06 16:39:24,105 107224 DEBUG ? odoo.modules.loading: Module privacy_lookup loaded in 0.02s, 0 queries 
2025-08-06 16:39:24,105 107224 DEBUG ? odoo.modules.loading: Loading module product (29/49) 
2025-08-06 16:39:24,365 107224 DEBUG ? odoo.modules.loading: Module product loaded in 0.26s, 0 queries 
2025-08-06 16:39:24,365 107224 DEBUG ? odoo.modules.loading: Loading module sales_team (30/49) 
2025-08-06 16:39:24,385 107224 DEBUG ? odoo.modules.loading: Module sales_team loaded in 0.02s, 0 queries 
2025-08-06 16:39:24,385 107224 DEBUG ? odoo.modules.loading: Loading module spreadsheet_dashboard (31/49) 
2025-08-06 16:39:24,400 107224 DEBUG ? odoo.modules.loading: Module spreadsheet_dashboard loaded in 0.01s, 0 queries 
2025-08-06 16:39:24,400 107224 DEBUG ? odoo.modules.loading: Loading module web_unsplash (32/49) 
2025-08-06 16:39:24,425 107224 DEBUG ? odoo.modules.loading: Module web_unsplash loaded in 0.02s, 0 queries 
2025-08-06 16:39:24,425 107224 DEBUG ? odoo.modules.loading: Loading module partner_autocomplete (33/49) 
2025-08-06 16:39:24,449 107224 DEBUG ? odoo.modules.loading: Module partner_autocomplete loaded in 0.02s, 0 queries 
2025-08-06 16:39:24,450 107224 DEBUG ? odoo.modules.loading: Loading module portal (34/49) 
2025-08-06 16:39:24,501 107224 DEBUG ? odoo.modules.loading: Module portal loaded in 0.05s, 0 queries 
2025-08-06 16:39:24,501 107224 DEBUG ? odoo.modules.loading: Loading module sms (35/49) 
2025-08-06 16:39:24,568 107224 DEBUG ? odoo.modules.loading: Module sms loaded in 0.07s, 0 queries 
2025-08-06 16:39:24,569 107224 DEBUG ? odoo.modules.loading: Loading module snailmail (36/49) 
2025-08-06 16:39:24,605 107224 DEBUG ? odoo.modules.loading: Module snailmail loaded in 0.04s, 0 queries 
2025-08-06 16:39:24,605 107224 DEBUG ? odoo.modules.loading: Loading module auth_totp_portal (37/49) 
2025-08-06 16:39:24,611 107224 DEBUG ? odoo.modules.loading: Module auth_totp_portal loaded in 0.01s, 0 queries 
2025-08-06 16:39:24,612 107224 DEBUG ? odoo.modules.loading: Loading module digest (38/49) 
2025-08-06 16:39:24,629 107224 DEBUG ? odoo.modules.loading: Module digest loaded in 0.02s, 0 queries 
2025-08-06 16:39:24,629 107224 DEBUG ? odoo.modules.loading: Loading module payment (39/49) 
2025-08-06 16:39:24,679 107224 DEBUG ? odoo.modules.loading: Module payment loaded in 0.05s, 0 queries 
2025-08-06 16:39:24,679 107224 DEBUG ? odoo.modules.loading: Loading module account (40/49) 
2025-08-06 16:39:25,016 107224 DEBUG ? odoo.modules.loading: Module account loaded in 0.34s, 0 queries 
2025-08-06 16:39:25,017 107224 DEBUG ? odoo.modules.loading: Loading module stock (41/49) 
2025-08-06 16:39:25,031 107224 DEBUG ? odoo.modules.loading: Module stock loaded in 0.01s, 0 queries 
2025-08-06 16:39:25,031 107224 DEBUG ? odoo.modules.loading: Loading module account_edi (42/49) 
2025-08-06 16:39:25,069 107224 DEBUG ? odoo.modules.loading: Module account_edi loaded in 0.04s, 0 queries 
2025-08-06 16:39:25,069 107224 DEBUG ? odoo.modules.loading: Loading module account_payment (43/49) 
2025-08-06 16:39:25,110 107224 DEBUG ? odoo.modules.loading: Module account_payment loaded in 0.04s, 0 queries 
2025-08-06 16:39:25,110 107224 DEBUG ? odoo.modules.loading: Loading module account_sequence (44/49) 
2025-08-06 16:39:25,119 107224 DEBUG ? odoo.modules.loading: Module account_sequence loaded in 0.01s, 0 queries 
2025-08-06 16:39:25,119 107224 DEBUG ? odoo.modules.loading: Loading module snailmail_account (45/49) 
2025-08-06 16:39:25,141 107224 DEBUG ? odoo.modules.loading: Module snailmail_account loaded in 0.02s, 0 queries 
2025-08-06 16:39:25,141 107224 DEBUG ? odoo.modules.loading: Loading module spreadsheet_account (46/49) 
2025-08-06 16:39:25,151 107224 DEBUG ? odoo.modules.loading: Module spreadsheet_account loaded in 0.01s, 0 queries 
2025-08-06 16:39:25,152 107224 DEBUG ? odoo.modules.loading: Loading module spreadsheet_dashboard_account (47/49) 
2025-08-06 16:39:25,155 107224 DEBUG ? odoo.modules.loading: Module spreadsheet_dashboard_account loaded in 0.00s, 0 queries 
2025-08-06 16:39:25,155 107224 DEBUG ? odoo.modules.loading: Loading module stock_account (48/49) 
2025-08-06 16:39:25,207 107224 DEBUG ? odoo.modules.loading: Module stock_account loaded in 0.05s, 0 queries 
2025-08-06 16:39:25,207 107224 DEBUG ? odoo.modules.loading: Loading module stock_sms (49/49) 
2025-08-06 16:39:25,225 107224 DEBUG ? odoo.modules.loading: Module stock_sms loaded in 0.02s, 0 queries 
2025-08-06 16:39:25,225 107224 INFO ? odoo.modules.loading: 49 modules loaded in 2.64s, 0 queries (+0 extra) 
2025-08-06 16:39:25,605 107224 INFO ? odoo.modules.loading: Modules loaded. 
2025-08-06 16:39:25,626 107224 INFO ? odoo.modules.registry: Registry loaded in 3.980s 
2025-08-06 16:39:25,628 107224 DEBUG ? odoo.modules.registry: Multiprocess signaling check: [Registry - 4 -> 4] [Cache - 147 -> 147] 
2025-08-06 16:39:25,629 107224 INFO odoo_test_1 odoo.addons.base.models.ir_http: Generating routing map for key None 
2025-08-06 16:39:26,525 107224 INFO odoo_test_1 werkzeug: 10.2.0.2 - - [06/Aug/2025 16:39:26] "GET / HTTP/1.1" 303 - 28 0.227 4.689
2025-08-06 16:39:26,534 107224 DEBUG ? odoo.modules.registry: Multiprocess signaling check: [Registry - 4 -> 4] [Cache - 147 -> 147] 
2025-08-06 16:39:27,377 107224 WARNING odoo_test_1 odoo.modules.module: Missing `license` key in manifest for 'commercium_connector', defaulting to LGPL-3 
2025-08-06 16:39:29,044 107224 DEBUG odoo_test_1 odoo.modules.module: module https:: no manifest file found ('__manifest__.py', '__openerp__.py') 
2025-08-06 16:39:30,382 107224 WARNING odoo_test_1 odoo.addons.base.models.ir_qweb: Found deprecated directive @t-esc="title or 'Odoo'" in template 180. Replace by @t-out 
2025-08-06 16:39:30,384 107224 WARNING odoo_test_1 odoo.addons.base.models.ir_qweb: Found deprecated directive @t-esc='request.csrf_token(None)' in template 180. Replace by @t-out 
2025-08-06 16:39:30,384 107224 WARNING odoo_test_1 odoo.addons.base.models.ir_qweb: Found deprecated directive @t-esc='debug' in template 180. Replace by @t-out 
2025-08-06 16:39:30,396 107224 INFO odoo_test_1 werkzeug: 10.2.0.2 - - [06/Aug/2025 16:39:30] "GET /web HTTP/1.1" 200 - 104 0.224 3.639
2025-08-06 16:39:31,838 107224 DEBUG ? odoo.modules.module: module __init__.py: no manifest file found ('__manifest__.py', '__openerp__.py') 
2025-08-06 16:39:31,839 107224 DEBUG ? odoo.modules.module: module __init__.py: no manifest file found ('__manifest__.py', '__openerp__.py') 
2025-08-06 16:39:31,841 107224 DEBUG ? odoo.modules.module: module __init__.py: no manifest file found ('__manifest__.py', '__openerp__.py') 
2025-08-06 16:39:31,841 107224 DEBUG ? odoo.modules.module: module __init__.py: no manifest file found ('__manifest__.py', '__openerp__.py') 
2025-08-06 16:39:31,842 107224 DEBUG ? odoo.modules.module: module __init__.py: no manifest file found ('__manifest__.py', '__openerp__.py') 
2025-08-06 16:39:31,845 107224 DEBUG ? odoo.modules.module: module __pycache__: no manifest file found ('__manifest__.py', '__openerp__.py') 
2025-08-06 16:39:31,846 107224 DEBUG ? odoo.modules.module: module __pycache__: no manifest file found ('__manifest__.py', '__openerp__.py') 
2025-08-06 16:39:31,846 107224 DEBUG ? odoo.modules.module: module __pycache__: no manifest file found ('__manifest__.py', '__openerp__.py') 
2025-08-06 16:39:31,847 107224 DEBUG ? odoo.modules.module: module __pycache__: no manifest file found ('__manifest__.py', '__openerp__.py') 
2025-08-06 16:39:31,849 107224 DEBUG ? odoo.modules.module: module __pycache__: no manifest file found ('__manifest__.py', '__openerp__.py') 
2025-08-06 16:39:41,775 107224 WARNING ? odoo.modules.module: Missing `license` key in manifest for 'my_custom_module', defaulting to LGPL-3 
2025-08-06 16:39:41,777 107224 WARNING ? odoo.modules.module: Missing `license` key in manifest for 'my_custom_module', defaulting to LGPL-3 
2025-08-06 16:39:41,777 107224 WARNING ? odoo.modules.module: Missing `license` key in manifest for 'my_custom_module', defaulting to LGPL-3 
2025-08-06 16:39:41,777 107224 WARNING ? odoo.modules.module: Missing `license` key in manifest for 'my_custom_module', defaulting to LGPL-3 
2025-08-06 16:39:41,778 107224 WARNING ? odoo.modules.module: Missing `license` key in manifest for 'my_custom_module', defaulting to LGPL-3 
2025-08-06 16:39:41,780 107224 DEBUG ? odoo.modules.registry: Multiprocess signaling check: [Registry - 4 -> 4] [Cache - 147 -> 147] 
2025-08-06 16:39:41,874 107224 DEBUG ? odoo.modules.registry: Multiprocess signaling check: [Registry - 4 -> 4] [Cache - 147 -> 147] 
2025-08-06 16:39:41,962 107224 DEBUG ? odoo.modules.registry: Multiprocess signaling check: [Registry - 4 -> 4] [Cache - 147 -> 147] 
2025-08-06 16:39:42,057 107224 DEBUG ? odoo.modules.registry: Multiprocess signaling check: [Registry - 4 -> 4] [Cache - 147 -> 147] 
2025-08-06 16:39:42,134 107224 DEBUG ? odoo.modules.registry: Multiprocess signaling check: [Registry - 4 -> 4] [Cache - 147 -> 147] 
2025-08-06 16:39:42,216 107224 INFO odoo_test_1 werkzeug: 10.2.0.2 - - [06/Aug/2025 16:39:42] "GET /web/assets/debug/web.assets_common.css HTTP/1.1" 304 - 5 0.012 11.750
2025-08-06 16:39:42,220 107224 INFO odoo_test_1 werkzeug: 10.2.0.2 - - [06/Aug/2025 16:39:42] "GET /web/assets/debug/web.assets_backend.css HTTP/1.1" 304 - 5 0.022 11.282
2025-08-06 16:39:42,232 107224 INFO odoo_test_1 werkzeug: 10.2.0.2 - - [06/Aug/2025 16:39:42] "GET /web/assets/debug/web.assets_backend_prod_only.js HTTP/1.1" 304 - 5 0.021 11.254
2025-08-06 16:39:42,917 107224 INFO odoo_test_1 werkzeug: 10.2.0.2 - - [06/Aug/2025 16:39:42] "GET /web/assets/debug/web.assets_common.js HTTP/1.1" 304 - 5 0.020 11.948
2025-08-06 16:39:43,398 107224 DEBUG ? odoo.modules.registry: Multiprocess signaling check: [Registry - 4 -> 4] [Cache - 147 -> 147] 
2025-08-06 16:39:43,468 107224 INFO odoo_test_1 werkzeug: 10.2.0.2 - - [06/Aug/2025 16:39:43] "GET /web/assets/debug/web.assets_tests.js HTTP/1.1" 304 - 5 0.002 0.070
2025-08-06 16:39:44,956 107224 INFO odoo_test_1 werkzeug: 10.2.0.2 - - [06/Aug/2025 16:39:44] "GET /web/assets/debug/web.assets_backend.js HTTP/1.1" 304 - 5 0.021 13.982
2025-08-06 16:39:46,923 107224 DEBUG ? odoo.service.server: cron0 polling for jobs 
2025-08-06 16:39:46,944 107224 DEBUG odoo_test_1 odoo.addons.base.models.ir_cron: job 6 acquired 
2025-08-06 16:39:46,974 107224 DEBUG odoo_test_1 odoo.modules.registry: Multiprocess signaling check: [Registry - 4 -> 4] [Cache - 147 -> 147] 
2025-08-06 16:39:46,976 107224 DEBUG odoo_test_1 odoo.addons.base.models.ir_cron: cron.object.execute('odoo_test_1', 
2025-08-06 16:39:46,976 107224 DEBUG odoo_test_1 odoo.addons.base.models.ir_cron:                     1, 
2025-08-06 16:39:46,977 107224 DEBUG odoo_test_1 odoo.addons.base.models.ir_cron:                     '*', 
2025-08-06 16:39:46,977 107224 DEBUG odoo_test_1 odoo.addons.base.models.ir_cron:                     'Notification: Send scheduled message notifications', 
2025-08-06 16:39:46,977 107224 DEBUG odoo_test_1 odoo.addons.base.models.ir_cron:                     124) 
2025-08-06 16:39:46,978 107224 INFO odoo_test_1 odoo.addons.base.models.ir_cron: Starting job `Notification: Send scheduled message notifications`. 
2025-08-06 16:39:46,992 107224 DEBUG ? odoo.modules.registry: Multiprocess signaling check: [Registry - 4 -> 4] [Cache - 147 -> 147] 
2025-08-06 16:39:47,012 107224 INFO odoo_test_1 odoo.addons.base.models.ir_cron: Job `Notification: Send scheduled message notifications` done. 
2025-08-06 16:39:47,013 107224 DEBUG odoo_test_1 odoo.addons.base.models.ir_cron: 0.035s (cron Notification: Send scheduled message notifications, server action 124 with uid 1) 
2025-08-06 16:39:47,029 107224 DEBUG odoo_test_1 odoo.addons.base.models.ir_cron: job 6 updated and released 
2025-08-06 16:39:47,031 107224 DEBUG odoo_test_1 odoo.addons.base.models.ir_cron: job 10 acquired 
2025-08-06 16:39:47,040 107224 DEBUG odoo_test_1 odoo.modules.registry: Multiprocess signaling check: [Registry - 4 -> 4] [Cache - 147 -> 147] 
2025-08-06 16:39:47,041 107224 DEBUG odoo_test_1 odoo.addons.base.models.ir_cron: cron.object.execute('odoo_test_1', 1, '*', 'Snailmail: process letters queue', 180) 
2025-08-06 16:39:47,042 107224 INFO odoo_test_1 odoo.addons.base.models.ir_cron: Starting job `Snailmail: process letters queue`. 
2025-08-06 16:39:47,059 107224 INFO odoo_test_1 odoo.addons.base.models.ir_cron: Job `Snailmail: process letters queue` done. 
2025-08-06 16:39:47,059 107224 DEBUG odoo_test_1 odoo.addons.base.models.ir_cron: 0.017s (cron Snailmail: process letters queue, server action 180 with uid 1) 
2025-08-06 16:39:47,062 107224 DEBUG odoo_test_1 odoo.addons.base.models.ir_cron: job 10 updated and released 
2025-08-06 16:39:47,065 107224 DEBUG odoo_test_1 odoo.addons.base.models.ir_cron: job 9 acquired 
2025-08-06 16:39:47,071 107224 DEBUG odoo_test_1 odoo.modules.registry: Multiprocess signaling check: [Registry - 4 -> 4] [Cache - 147 -> 147] 
2025-08-06 16:39:47,073 107224 DEBUG odoo_test_1 odoo.addons.base.models.ir_cron: cron.object.execute('odoo_test_1', 1, '*', 'SMS: SMS Queue Manager', 170) 
2025-08-06 16:39:47,073 107224 INFO odoo_test_1 odoo.addons.base.models.ir_cron: Starting job `SMS: SMS Queue Manager`. 
2025-08-06 16:39:47,088 107224 INFO odoo_test_1 odoo.addons.base.models.ir_cron: Job `SMS: SMS Queue Manager` done. 
2025-08-06 16:39:47,088 107224 DEBUG odoo_test_1 odoo.addons.base.models.ir_cron: 0.015s (cron SMS: SMS Queue Manager, server action 170 with uid 1) 
2025-08-06 16:39:47,090 107224 DEBUG odoo_test_1 odoo.addons.base.models.ir_cron: job 9 updated and released 
2025-08-06 16:39:47,092 107224 DEBUG odoo_test_1 odoo.addons.base.models.ir_cron: job 8 acquired 
2025-08-06 16:39:47,101 107224 DEBUG odoo_test_1 odoo.modules.registry: Multiprocess signaling check: [Registry - 4 -> 4] [Cache - 147 -> 147] 
2025-08-06 16:39:47,102 107224 DEBUG odoo_test_1 odoo.addons.base.models.ir_cron: cron.object.execute('odoo_test_1', 1, '*', 'Partner Autocomplete : Sync with remote DB', 166) 
2025-08-06 16:39:47,102 107224 INFO odoo_test_1 odoo.addons.base.models.ir_cron: Starting job `Partner Autocomplete : Sync with remote DB`. 
2025-08-06 16:39:47,107 107224 INFO odoo_test_1 werkzeug: 10.2.0.2 - - [06/Aug/2025 16:39:47] "GET /bus/websocket_worker_bundle?v=1.0.5 HTTP/1.1" 304 - 7 0.036 0.082
2025-08-06 16:39:47,109 107224 INFO odoo_test_1 odoo.addons.base.models.ir_cron: Job `Partner Autocomplete : Sync with remote DB` done. 
2025-08-06 16:39:47,109 107224 DEBUG odoo_test_1 odoo.addons.base.models.ir_cron: 0.008s (cron Partner Autocomplete : Sync with remote DB, server action 166 with uid 1) 
2025-08-06 16:39:47,112 107224 DEBUG odoo_test_1 odoo.addons.base.models.ir_cron: job 8 updated and released 
2025-08-06 16:39:47,115 107224 DEBUG odoo_test_1 odoo.addons.base.models.ir_cron: job 13 acquired 
2025-08-06 16:39:47,121 107224 DEBUG odoo_test_1 odoo.modules.registry: Multiprocess signaling check: [Registry - 4 -> 4] [Cache - 147 -> 147] 
2025-08-06 16:39:47,122 107224 DEBUG odoo_test_1 odoo.addons.base.models.ir_cron: cron.object.execute('odoo_test_1', 1, '*', 'payment: post-process transactions', 285) 
2025-08-06 16:39:47,122 107224 INFO odoo_test_1 odoo.addons.base.models.ir_cron: Starting job `payment: post-process transactions`. 
2025-08-06 16:39:47,137 107224 INFO odoo_test_1 odoo.addons.base.models.ir_cron: Job `payment: post-process transactions` done. 
2025-08-06 16:39:47,137 107224 DEBUG odoo_test_1 odoo.addons.base.models.ir_cron: 0.015s (cron payment: post-process transactions, server action 285 with uid 1) 
2025-08-06 16:39:47,140 107224 DEBUG odoo_test_1 odoo.addons.base.models.ir_cron: job 13 updated and released 
2025-08-06 16:39:47,142 107224 DEBUG odoo_test_1 odoo.addons.base.models.ir_cron: job 1 acquired 
2025-08-06 16:39:47,163 107224 DEBUG odoo_test_1 odoo.modules.registry: Multiprocess signaling check: [Registry - 4 -> 4] [Cache - 147 -> 147] 
2025-08-06 16:39:47,164 107224 DEBUG odoo_test_1 odoo.addons.base.models.ir_cron: cron.object.execute('odoo_test_1', 1, '*', 'Base: Auto-vacuum internal data', 33) 
2025-08-06 16:39:47,164 107224 INFO odoo_test_1 odoo.addons.base.models.ir_cron: Starting job `Base: Auto-vacuum internal data`. 
2025-08-06 16:39:47,196 107224 DEBUG odoo_test_1 odoo.addons.base.models.ir_autovacuum: Calling wizard.ir.model.menu.create()._transient_vacuum() 
2025-08-06 16:39:47,211 107224 DEBUG odoo_test_1 odoo.addons.base.models.ir_autovacuum: Calling reset.view.arch.wizard()._transient_vacuum() 
2025-08-06 16:39:47,230 107224 DEBUG odoo_test_1 odoo.addons.base.models.ir_autovacuum: Calling ir.attachment()._gc_file_store() 
2025-08-06 16:39:47,257 107224 DEBUG ? odoo.modules.registry: Multiprocess signaling check: [Registry - 4 -> 4] [Cache - 147 -> 147] 
2025-08-06 16:39:47,449 107224 DEBUG ? odoo.modules.registry: Multiprocess signaling check: [Registry - 4 -> 4] [Cache - 147 -> 147] 
2025-08-06 16:39:47,457 107224 DEBUG odoo_test_1 odoo.api: call res.users().systray_get_activities() 
2025-08-06 16:39:47,464 107224 DEBUG odoo_test_1 odoo.addons.base.models.ir_attachment: _file_gc unlinked c:\users\rupesh\appdata\local\openerp s.a\odoo\filestore\odoo_test_1\00/0048b450f6215d1b7604133fa2c71f5d454117cf 
2025-08-06 16:39:47,466 107224 DEBUG odoo_test_1 odoo.addons.base.models.ir_attachment: _file_gc unlinked c:\users\rupesh\appdata\local\openerp s.a\odoo\filestore\odoo_test_1\00/0066553f49cfb6d4f54ee7ad60bc4a367984f4af 
2025-08-06 16:39:47,467 107224 DEBUG odoo_test_1 odoo.addons.base.models.ir_attachment: _file_gc unlinked c:\users\rupesh\appdata\local\openerp s.a\odoo\filestore\odoo_test_1\00/00c03b5f23a0da7914a4adba1545792b9b6005c8 
2025-08-06 16:39:47,469 107224 DEBUG odoo_test_1 odoo.addons.base.models.ir_attachment: _file_gc unlinked c:\users\rupesh\appdata\local\openerp s.a\odoo\filestore\odoo_test_1\01/010ea19ae0cc210e47cc3a1f7a94801a0d91935f 
2025-08-06 16:39:47,472 107224 DEBUG odoo_test_1 odoo.addons.base.models.ir_attachment: _file_gc unlinked c:\users\rupesh\appdata\local\openerp s.a\odoo\filestore\odoo_test_1\01/0129ac01da5226fcce2c67f4e5282de8bf859153 
2025-08-06 16:39:47,474 107224 DEBUG odoo_test_1 odoo.addons.base.models.ir_attachment: _file_gc unlinked c:\users\rupesh\appdata\local\openerp s.a\odoo\filestore\odoo_test_1\01/014ce3fcdc5f25e7a3b13bd1e736826804c0a4df 
2025-08-06 16:39:47,477 107224 DEBUG odoo_test_1 odoo.addons.base.models.ir_attachment: _file_gc unlinked c:\users\rupesh\appdata\local\openerp s.a\odoo\filestore\odoo_test_1\03/0306258f081f884216f893b51066c542192a2215 
2025-08-06 16:39:47,479 107224 DEBUG odoo_test_1 odoo.addons.base.models.ir_attachment: _file_gc unlinked c:\users\rupesh\appdata\local\openerp s.a\odoo\filestore\odoo_test_1\03/03a098441820125434d72183315ab8bfcd45697a 
2025-08-06 16:39:47,481 107224 DEBUG odoo_test_1 odoo.addons.base.models.ir_attachment: _file_gc unlinked c:\users\rupesh\appdata\local\openerp s.a\odoo\filestore\odoo_test_1\04/0491b492bd7c8d15fc179bd2d5033b42bfc716b8 
2025-08-06 16:39:47,483 107224 DEBUG odoo_test_1 odoo.addons.base.models.ir_attachment: _file_gc unlinked c:\users\rupesh\appdata\local\openerp s.a\odoo\filestore\odoo_test_1\05/0527b78ac09d0603eff321e61a939328b824aa5d 
2025-08-06 16:39:47,485 107224 DEBUG odoo_test_1 odoo.addons.base.models.ir_attachment: _file_gc unlinked c:\users\rupesh\appdata\local\openerp s.a\odoo\filestore\odoo_test_1\05/056dcd839dbd91b4ac991df85c7eff56c0c3015e 
2025-08-06 16:39:47,487 107224 DEBUG odoo_test_1 odoo.addons.base.models.ir_attachment: _file_gc unlinked c:\users\rupesh\appdata\local\openerp s.a\odoo\filestore\odoo_test_1\06/06b7f33ef0e395fc8f4c4406cf82c78e01d491fa 
2025-08-06 16:39:47,490 107224 DEBUG odoo_test_1 odoo.addons.base.models.ir_attachment: _file_gc unlinked c:\users\rupesh\appdata\local\openerp s.a\odoo\filestore\odoo_test_1\08/08ebc03a4ca5a6398b2c6ae492a1744f9ea7d4a6 
2025-08-06 16:39:47,492 107224 INFO odoo_test_1 werkzeug: 10.2.0.2 - - [06/Aug/2025 16:39:47] "POST /web/dataset/call_kw/res.users/systray_get_activities HTTP/1.1" 200 - 5 0.040 0.007
2025-08-06 16:39:47,493 107224 DEBUG odoo_test_1 odoo.addons.base.models.ir_attachment: _file_gc unlinked c:\users\rupesh\appdata\local\openerp s.a\odoo\filestore\odoo_test_1\09/09161b2f57ecc6488520e5af1b049806bcfd380d 
2025-08-06 16:39:47,496 107224 DEBUG odoo_test_1 odoo.addons.base.models.ir_attachment: _file_gc unlinked c:\users\rupesh\appdata\local\openerp s.a\odoo\filestore\odoo_test_1\09/09731e563c060ce08af44082222f912eec419847 
2025-08-06 16:39:47,498 107224 DEBUG odoo_test_1 odoo.addons.base.models.ir_attachment: _file_gc unlinked c:\users\rupesh\appdata\local\openerp s.a\odoo\filestore\odoo_test_1\0a/0a34f17b689c7848da23a5ab5f0df6a1f4eefc6e 
2025-08-06 16:39:47,500 107224 DEBUG odoo_test_1 odoo.addons.base.models.ir_attachment: _file_gc unlinked c:\users\rupesh\appdata\local\openerp s.a\odoo\filestore\odoo_test_1\0a/0a7c4fd8383d22c9fc5debd2f85add86679335a3 
2025-08-06 16:39:47,502 107224 DEBUG odoo_test_1 odoo.addons.base.models.ir_attachment: _file_gc unlinked c:\users\rupesh\appdata\local\openerp s.a\odoo\filestore\odoo_test_1\0a/0a9ceb5474dadda11b30097d4f49ed280e8522f7 
2025-08-06 16:39:47,505 107224 INFO odoo_test_1 werkzeug: 10.2.0.2 - - [06/Aug/2025 16:39:47] "POST /mail/init_messaging HTTP/1.1" 200 - 71 0.201 0.049
2025-08-06 16:39:47,506 107224 DEBUG odoo_test_1 odoo.addons.base.models.ir_attachment: _file_gc unlinked c:\users\rupesh\appdata\local\openerp s.a\odoo\filestore\odoo_test_1\0e/0e092d98c6f74c8f1b55f7888971aaf42b436df7 
2025-08-06 16:39:47,508 107224 DEBUG odoo_test_1 odoo.addons.base.models.ir_attachment: _file_gc unlinked c:\users\rupesh\appdata\local\openerp s.a\odoo\filestore\odoo_test_1\0e/0e744fe4872958fadd40a7389d1464eef1171e45 
2025-08-06 16:39:47,510 107224 DEBUG odoo_test_1 odoo.addons.base.models.ir_attachment: _file_gc unlinked c:\users\rupesh\appdata\local\openerp s.a\odoo\filestore\odoo_test_1\10/100079ca026f1fd5bb1ff422a6ccc7fccfa65ca9 
2025-08-06 16:39:47,511 107224 DEBUG odoo_test_1 odoo.addons.base.models.ir_attachment: _file_gc unlinked c:\users\rupesh\appdata\local\openerp s.a\odoo\filestore\odoo_test_1\10/10792cc53dc3c644daf77db76a50ad66b1db2ea8 
2025-08-06 16:39:47,512 107224 DEBUG odoo_test_1 odoo.addons.base.models.ir_attachment: _file_gc unlinked c:\users\rupesh\appdata\local\openerp s.a\odoo\filestore\odoo_test_1\11/116225c8812c282d66e4aa0d92a6e3451a293601 
2025-08-06 16:39:47,514 107224 DEBUG odoo_test_1 odoo.addons.base.models.ir_attachment: _file_gc unlinked c:\users\rupesh\appdata\local\openerp s.a\odoo\filestore\odoo_test_1\12/123930d48505a6385033fe624a6690660758c1e8 
2025-08-06 16:39:47,516 107224 DEBUG odoo_test_1 odoo.addons.base.models.ir_attachment: _file_gc unlinked c:\users\rupesh\appdata\local\openerp s.a\odoo\filestore\odoo_test_1\12/124d3a19682e893ebc0383cd701ce14f1254e77e 
2025-08-06 16:39:47,519 107224 DEBUG odoo_test_1 odoo.addons.base.models.ir_attachment: _file_gc unlinked c:\users\rupesh\appdata\local\openerp s.a\odoo\filestore\odoo_test_1\12/12ba3981ff5253d3273256f8fa3e6b288b96bee2 
2025-08-06 16:39:47,519 107224 DEBUG ? odoo.modules.registry: Multiprocess signaling check: [Registry - 4 -> 4] [Cache - 147 -> 147] 
2025-08-06 16:39:47,522 107224 DEBUG odoo_test_1 odoo.addons.base.models.ir_attachment: _file_gc unlinked c:\users\rupesh\appdata\local\openerp s.a\odoo\filestore\odoo_test_1\12/12f0da9e091f5bed179e6d167d023e3270c0dacf 
2025-08-06 16:39:47,524 107224 DEBUG odoo_test_1 odoo.addons.base.models.ir_attachment: _file_gc unlinked c:\users\rupesh\appdata\local\openerp s.a\odoo\filestore\odoo_test_1\13/136a33c7bebcb7de8641f9ecfd063ee9b1a936eb 
2025-08-06 16:39:47,526 107224 INFO odoo_test_1 werkzeug: 10.2.0.2 - - [06/Aug/2025 16:39:47] "GET /websocket HTTP/1.1" 101 - 1 0.000 0.009
2025-08-06 16:39:47,529 107224 DEBUG odoo_test_1 odoo.addons.base.models.ir_attachment: _file_gc unlinked c:\users\rupesh\appdata\local\openerp s.a\odoo\filestore\odoo_test_1\15/1563f27f9e4ae61da564edcdaf3d5a6b05158539 
2025-08-06 16:39:47,533 107224 DEBUG odoo_test_1 odoo.addons.base.models.ir_attachment: _file_gc unlinked c:\users\rupesh\appdata\local\openerp s.a\odoo\filestore\odoo_test_1\16/1625b29da02c1c178afbd545f8c2b4876f3ba15a 
2025-08-06 16:39:47,536 107224 DEBUG odoo_test_1 odoo.addons.base.models.ir_attachment: _file_gc unlinked c:\users\rupesh\appdata\local\openerp s.a\odoo\filestore\odoo_test_1\18/180dc7416303924ed5f64ccf4523ec2fd473748b 
2025-08-06 16:39:47,538 107224 DEBUG odoo_test_1 odoo.addons.base.models.ir_attachment: _file_gc unlinked c:\users\rupesh\appdata\local\openerp s.a\odoo\filestore\odoo_test_1\19/1961e2e8827d8dc0da3f829bdac0718f2b66366e 
2025-08-06 16:39:47,540 107224 DEBUG odoo_test_1 odoo.addons.base.models.ir_attachment: _file_gc unlinked c:\users\rupesh\appdata\local\openerp s.a\odoo\filestore\odoo_test_1\1a/1a292dc51242f49f09c0c89f21862ec6e18f148d 
2025-08-06 16:39:47,542 107224 DEBUG odoo_test_1 odoo.addons.base.models.ir_attachment: _file_gc unlinked c:\users\rupesh\appdata\local\openerp s.a\odoo\filestore\odoo_test_1\1b/1bf70cf95cd3109b9ae69646efc0981aa46874e5 
2025-08-06 16:39:47,546 107224 DEBUG odoo_test_1 odoo.addons.base.models.ir_attachment: _file_gc unlinked c:\users\rupesh\appdata\local\openerp s.a\odoo\filestore\odoo_test_1\1c/1c9c1030aabca52ff9ce0943c173d206fa7871e1 
2025-08-06 16:39:47,547 107224 DEBUG odoo_test_1 odoo.addons.base.models.ir_attachment: _file_gc unlinked c:\users\rupesh\appdata\local\openerp s.a\odoo\filestore\odoo_test_1\1c/1c9dbd14dec57086e57169007f56263a72c5b60e 
2025-08-06 16:39:47,549 107224 DEBUG odoo_test_1 odoo.addons.base.models.ir_attachment: _file_gc unlinked c:\users\rupesh\appdata\local\openerp s.a\odoo\filestore\odoo_test_1\1c/1ce1f073e08344299fe167c8c8ad3076a85f101d 
2025-08-06 16:39:47,551 107224 DEBUG odoo_test_1 odoo.addons.base.models.ir_attachment: _file_gc unlinked c:\users\rupesh\appdata\local\openerp s.a\odoo\filestore\odoo_test_1\1d/1d5e7c72076540d3e7465d6a78fcda2849762b33 
2025-08-06 16:39:47,553 107224 DEBUG odoo_test_1 odoo.addons.base.models.ir_attachment: _file_gc unlinked c:\users\rupesh\appdata\local\openerp s.a\odoo\filestore\odoo_test_1\1d/1d7da068636e56de56e78bc22fba4faeaf74daef 
2025-08-06 16:39:47,555 107224 DEBUG odoo_test_1 odoo.addons.base.models.ir_attachment: _file_gc unlinked c:\users\rupesh\appdata\local\openerp s.a\odoo\filestore\odoo_test_1\1e/1e9771c447ee7b71d368149aca2c5dab94542412 
2025-08-06 16:39:47,557 107224 DEBUG odoo_test_1 odoo.addons.base.models.ir_attachment: _file_gc unlinked c:\users\rupesh\appdata\local\openerp s.a\odoo\filestore\odoo_test_1\1e/1ef83b057b23644019061457e69dc28707216056 
2025-08-06 16:39:47,559 107224 DEBUG odoo_test_1 odoo.addons.base.models.ir_attachment: _file_gc unlinked c:\users\rupesh\appdata\local\openerp s.a\odoo\filestore\odoo_test_1\1f/1f0a7c81d046a23fce85ecb62e2c8b5f2c1c9ca1 
2025-08-06 16:39:47,561 107224 DEBUG odoo_test_1 odoo.addons.base.models.ir_attachment: _file_gc unlinked c:\users\rupesh\appdata\local\openerp s.a\odoo\filestore\odoo_test_1\1f/1f4e22f05efe0b6e8e79fe7c48e8d76dc24e1d0c 
2025-08-06 16:39:47,562 107224 DEBUG odoo_test_1 odoo.modules.registry: Multiprocess signaling check: [Registry - 4 -> 4] [Cache - 147 -> 147] 
2025-08-06 16:39:47,562 107224 DEBUG odoo_test_1 odoo.addons.base.models.ir_attachment: _file_gc unlinked c:\users\rupesh\appdata\local\openerp s.a\odoo\filestore\odoo_test_1\1f/1fc7fa165c40eb2e90ec4642dabd988387d5da59 
2025-08-06 16:39:47,565 107224 DEBUG odoo_test_1 odoo.addons.base.models.ir_attachment: _file_gc unlinked c:\users\rupesh\appdata\local\openerp s.a\odoo\filestore\odoo_test_1\20/20a2a5ad97bc7664539a6acb0d163d19ced9b84b 
2025-08-06 16:39:47,567 107224 DEBUG odoo_test_1 odoo.addons.base.models.ir_attachment: _file_gc unlinked c:\users\rupesh\appdata\local\openerp s.a\odoo\filestore\odoo_test_1\21/210aab3be49fea538433077c8e2767ba1ee8c4a5 
2025-08-06 16:39:47,569 107224 DEBUG odoo_test_1 odoo.addons.base.models.ir_attachment: _file_gc unlinked c:\users\rupesh\appdata\local\openerp s.a\odoo\filestore\odoo_test_1\22/227c1ac5179ac0b424314cdbcc8c0ef12f36ffce 
2025-08-06 16:39:47,572 107224 DEBUG odoo_test_1 odoo.addons.base.models.ir_attachment: _file_gc unlinked c:\users\rupesh\appdata\local\openerp s.a\odoo\filestore\odoo_test_1\22/229a1a34ed640988935a1ccecda4a3e843b2e945 
2025-08-06 16:39:47,574 107224 DEBUG odoo_test_1 odoo.addons.base.models.ir_attachment: _file_gc unlinked c:\users\rupesh\appdata\local\openerp s.a\odoo\filestore\odoo_test_1\22/22f9145d58f449984031d421e2e984d57b9915a5 
2025-08-06 16:39:47,576 107224 DEBUG odoo_test_1 odoo.addons.base.models.ir_attachment: _file_gc unlinked c:\users\rupesh\appdata\local\openerp s.a\odoo\filestore\odoo_test_1\24/245f4f7754598ff42eb08968dde7ae877f013dbd 
2025-08-06 16:39:47,578 107224 DEBUG odoo_test_1 odoo.addons.base.models.ir_attachment: _file_gc unlinked c:\users\rupesh\appdata\local\openerp s.a\odoo\filestore\odoo_test_1\24/24779c4a197668f92f28854fb8a4d0fd7be123fd 
2025-08-06 16:39:47,580 107224 DEBUG odoo_test_1 odoo.addons.base.models.ir_attachment: _file_gc unlinked c:\users\rupesh\appdata\local\openerp s.a\odoo\filestore\odoo_test_1\24/248bf55e4aabc246a1dd5a3fd3e9a722ab8b8f85 
2025-08-06 16:39:47,583 107224 DEBUG odoo_test_1 odoo.addons.base.models.ir_attachment: _file_gc unlinked c:\users\rupesh\appdata\local\openerp s.a\odoo\filestore\odoo_test_1\25/251d6b924b80b040d0aee7bff80a3ab4f6ec7625 
2025-08-06 16:39:47,585 107224 INFO ? odoo.addons.bus.models.bus: Bus.loop listen imbus on db postgres 
2025-08-06 16:39:47,585 107224 DEBUG odoo_test_1 odoo.addons.base.models.ir_attachment: _file_gc unlinked c:\users\rupesh\appdata\local\openerp s.a\odoo\filestore\odoo_test_1\25/25d5f3930ad8500aece098efcf91a03bb4c0c30c 
2025-08-06 16:39:47,589 107224 DEBUG odoo_test_1 odoo.addons.base.models.ir_attachment: _file_gc unlinked c:\users\rupesh\appdata\local\openerp s.a\odoo\filestore\odoo_test_1\26/26442c1da9518e35917c296ab798a69a698be2cb 
2025-08-06 16:39:47,591 107224 DEBUG odoo_test_1 odoo.addons.base.models.ir_attachment: _file_gc unlinked c:\users\rupesh\appdata\local\openerp s.a\odoo\filestore\odoo_test_1\27/27275afe17490c96b5328e0dd44d3980d2c17292 
2025-08-06 16:39:47,593 107224 DEBUG odoo_test_1 odoo.addons.base.models.ir_attachment: _file_gc unlinked c:\users\rupesh\appdata\local\openerp s.a\odoo\filestore\odoo_test_1\27/277b97d88fa0ccafa5e6580b4de585b188e69d99 
2025-08-06 16:39:47,595 107224 DEBUG odoo_test_1 odoo.addons.base.models.ir_attachment: _file_gc unlinked c:\users\rupesh\appdata\local\openerp s.a\odoo\filestore\odoo_test_1\27/279dba9c65ec5eb40ac39c5a9c7bf626c60d2d09 
2025-08-06 16:39:47,597 107224 DEBUG odoo_test_1 odoo.addons.base.models.ir_attachment: _file_gc unlinked c:\users\rupesh\appdata\local\openerp s.a\odoo\filestore\odoo_test_1\27/27ab9a02f20d923a3fe2f77ec7dfbe779e063ddd 
2025-08-06 16:39:47,599 107224 DEBUG odoo_test_1 odoo.addons.base.models.ir_attachment: _file_gc unlinked c:\users\rupesh\appdata\local\openerp s.a\odoo\filestore\odoo_test_1\28/28abdfe3b20449fb199f28e88f95c463bc4a3914 
2025-08-06 16:39:47,601 107224 DEBUG odoo_test_1 odoo.addons.base.models.ir_attachment: _file_gc unlinked c:\users\rupesh\appdata\local\openerp s.a\odoo\filestore\odoo_test_1\29/2934d1548a6cac810dd9709d4202620b648c6fb8 
2025-08-06 16:39:47,604 107224 DEBUG odoo_test_1 odoo.addons.base.models.ir_attachment: _file_gc unlinked c:\users\rupesh\appdata\local\openerp s.a\odoo\filestore\odoo_test_1\2b/2b3bf2f7809ef6c7976408b6e84ef573316c9467 
2025-08-06 16:39:47,606 107224 DEBUG odoo_test_1 odoo.addons.base.models.ir_attachment: _file_gc unlinked c:\users\rupesh\appdata\local\openerp s.a\odoo\filestore\odoo_test_1\2b/2bdb8502634b94a782d4648dad29842fb20a7c5c 
2025-08-06 16:39:47,608 107224 DEBUG odoo_test_1 odoo.addons.base.models.ir_attachment: _file_gc unlinked c:\users\rupesh\appdata\local\openerp s.a\odoo\filestore\odoo_test_1\2b/2bf05f6e82a195093c12f34c54b173ee6734c6d8 
2025-08-06 16:39:47,611 107224 DEBUG odoo_test_1 odoo.addons.base.models.ir_attachment: _file_gc unlinked c:\users\rupesh\appdata\local\openerp s.a\odoo\filestore\odoo_test_1\2c/2cbbb0e3241126341736650c30529d0e5c00dc6b 
2025-08-06 16:39:47,613 107224 DEBUG odoo_test_1 odoo.addons.base.models.ir_attachment: _file_gc unlinked c:\users\rupesh\appdata\local\openerp s.a\odoo\filestore\odoo_test_1\2d/2d5e10c1b4a2d3bbf2110b60a2c7900328a5a9c5 
2025-08-06 16:39:47,617 107224 DEBUG odoo_test_1 odoo.addons.base.models.ir_attachment: _file_gc unlinked c:\users\rupesh\appdata\local\openerp s.a\odoo\filestore\odoo_test_1\2d/2dfae003e7cc9504bf16dbad07c0030f20f3bf15 
2025-08-06 16:39:47,619 107224 DEBUG odoo_test_1 odoo.addons.base.models.ir_attachment: _file_gc unlinked c:\users\rupesh\appdata\local\openerp s.a\odoo\filestore\odoo_test_1\2e/2e05fd5e53c09069470670b427e0b3eb605b9bee 
2025-08-06 16:39:47,620 107224 DEBUG odoo_test_1 odoo.addons.base.models.ir_attachment: _file_gc unlinked c:\users\rupesh\appdata\local\openerp s.a\odoo\filestore\odoo_test_1\2e/2e369b05fb6c9c7244eb82fb8c71233e4ad1ad9f 
2025-08-06 16:39:47,622 107224 DEBUG odoo_test_1 odoo.addons.base.models.ir_attachment: _file_gc unlinked c:\users\rupesh\appdata\local\openerp s.a\odoo\filestore\odoo_test_1\2e/2e3bcf844d705c0b4515143b38fb6374f408dd6d 
2025-08-06 16:39:47,624 107224 DEBUG odoo_test_1 odoo.addons.base.models.ir_attachment: _file_gc unlinked c:\users\rupesh\appdata\local\openerp s.a\odoo\filestore\odoo_test_1\2f/2f22039dc8fe03e8d6d02adb7560b82f1804be0d 
2025-08-06 16:39:47,625 107224 DEBUG odoo_test_1 odoo.addons.base.models.ir_attachment: _file_gc unlinked c:\users\rupesh\appdata\local\openerp s.a\odoo\filestore\odoo_test_1\2f/2f3f4c8e18a383919145cffe19cb0b880ccb9db2 
2025-08-06 16:39:47,628 107224 DEBUG odoo_test_1 odoo.addons.base.models.ir_attachment: _file_gc unlinked c:\users\rupesh\appdata\local\openerp s.a\odoo\filestore\odoo_test_1\30/30f43dba6b305bd12ef61b0378f170c2a7768119 
2025-08-06 16:39:47,630 107224 DEBUG odoo_test_1 odoo.addons.base.models.ir_attachment: _file_gc unlinked c:\users\rupesh\appdata\local\openerp s.a\odoo\filestore\odoo_test_1\31/313cacad8f356612fe7428afa65cadc9f730f076 
2025-08-06 16:39:47,632 107224 DEBUG odoo_test_1 odoo.addons.base.models.ir_attachment: _file_gc unlinked c:\users\rupesh\appdata\local\openerp s.a\odoo\filestore\odoo_test_1\31/314c9a5f1ab31f92415d357298a02d73104ca519 
2025-08-06 16:39:47,638 107224 DEBUG odoo_test_1 odoo.addons.base.models.ir_attachment: _file_gc unlinked c:\users\rupesh\appdata\local\openerp s.a\odoo\filestore\odoo_test_1\31/31630cb1b4226909af758430906548d205d89bd0 
2025-08-06 16:39:47,640 107224 DEBUG odoo_test_1 odoo.addons.base.models.ir_attachment: _file_gc unlinked c:\users\rupesh\appdata\local\openerp s.a\odoo\filestore\odoo_test_1\31/31c30f68d3a9619f677fc04a3c59088dc501e0c5 
2025-08-06 16:39:47,642 107224 DEBUG odoo_test_1 odoo.addons.base.models.ir_attachment: _file_gc unlinked c:\users\rupesh\appdata\local\openerp s.a\odoo\filestore\odoo_test_1\31/31e508ae06feedaf804b2a61522eab69372b90a0 
2025-08-06 16:39:47,644 107224 DEBUG odoo_test_1 odoo.addons.base.models.ir_attachment: _file_gc unlinked c:\users\rupesh\appdata\local\openerp s.a\odoo\filestore\odoo_test_1\32/322bac7879ea32c8789973e8841bafb904cab3f9 
2025-08-06 16:39:47,646 107224 DEBUG odoo_test_1 odoo.addons.base.models.ir_attachment: _file_gc unlinked c:\users\rupesh\appdata\local\openerp s.a\odoo\filestore\odoo_test_1\32/32309ed018c9a017d95cd24d8db4bedb0f49d790 
2025-08-06 16:39:47,649 107224 DEBUG odoo_test_1 odoo.addons.base.models.ir_attachment: _file_gc unlinked c:\users\rupesh\appdata\local\openerp s.a\odoo\filestore\odoo_test_1\33/339447ed9fc842b5fa78290ccc16b16b1690ec50 
2025-08-06 16:39:47,651 107224 DEBUG odoo_test_1 odoo.addons.base.models.ir_attachment: _file_gc unlinked c:\users\rupesh\appdata\local\openerp s.a\odoo\filestore\odoo_test_1\35/35668d2180275de5a6f5afad4d0e19ab445cf574 
2025-08-06 16:39:47,652 107224 DEBUG odoo_test_1 odoo.addons.base.models.ir_attachment: _file_gc unlinked c:\users\rupesh\appdata\local\openerp s.a\odoo\filestore\odoo_test_1\35/3571868f04c2aa5549d4376e7b3e945a9406af6d 
2025-08-06 16:39:47,655 107224 DEBUG odoo_test_1 odoo.addons.base.models.ir_attachment: _file_gc unlinked c:\users\rupesh\appdata\local\openerp s.a\odoo\filestore\odoo_test_1\36/363d0e9ad337a1ad46c65ffa09fdab12d4e7895b 
2025-08-06 16:39:47,657 107224 DEBUG odoo_test_1 odoo.addons.base.models.ir_attachment: _file_gc unlinked c:\users\rupesh\appdata\local\openerp s.a\odoo\filestore\odoo_test_1\37/37bec063625ff431f828ef43f824d6aec1e5ceaa 
2025-08-06 16:39:47,659 107224 DEBUG odoo_test_1 odoo.addons.base.models.ir_attachment: _file_gc unlinked c:\users\rupesh\appdata\local\openerp s.a\odoo\filestore\odoo_test_1\39/3901e0a03a8335dfc636645bd667b8517e49a060 
2025-08-06 16:39:47,661 107224 DEBUG odoo_test_1 odoo.addons.base.models.ir_attachment: _file_gc unlinked c:\users\rupesh\appdata\local\openerp s.a\odoo\filestore\odoo_test_1\39/395d08fd40f5ec087711d5d0a9f5b9e3ee3d21d0 
2025-08-06 16:39:47,663 107224 DEBUG odoo_test_1 odoo.addons.base.models.ir_attachment: _file_gc unlinked c:\users\rupesh\appdata\local\openerp s.a\odoo\filestore\odoo_test_1\39/39e14368ee4b059ffba2fbcf27d42bb414905f4a 
2025-08-06 16:39:47,665 107224 DEBUG odoo_test_1 odoo.addons.base.models.ir_attachment: _file_gc unlinked c:\users\rupesh\appdata\local\openerp s.a\odoo\filestore\odoo_test_1\3a/3a814b6c593e8c590ee73d6691c8135f2c704457 
2025-08-06 16:39:47,667 107224 DEBUG odoo_test_1 odoo.addons.base.models.ir_attachment: _file_gc unlinked c:\users\rupesh\appdata\local\openerp s.a\odoo\filestore\odoo_test_1\3a/3a8828de80cf1bb4fafea13883ab40f3f4db994e 
2025-08-06 16:39:47,668 107224 DEBUG odoo_test_1 odoo.addons.base.models.ir_attachment: _file_gc unlinked c:\users\rupesh\appdata\local\openerp s.a\odoo\filestore\odoo_test_1\3b/3bba18e77f2d0de1e9dddc1f29c78d85bee13f41 
2025-08-06 16:39:47,670 107224 DEBUG odoo_test_1 odoo.addons.base.models.ir_attachment: _file_gc unlinked c:\users\rupesh\appdata\local\openerp s.a\odoo\filestore\odoo_test_1\3c/3cbddcbda7eea8042dd3bb43b64b045c65146dc4 
2025-08-06 16:39:47,673 107224 DEBUG odoo_test_1 odoo.addons.base.models.ir_attachment: _file_gc unlinked c:\users\rupesh\appdata\local\openerp s.a\odoo\filestore\odoo_test_1\3e/3e2227ae4cb9a8b9c93ac6a81d9034f59e2e6109 
2025-08-06 16:39:47,674 107224 DEBUG odoo_test_1 odoo.addons.base.models.ir_attachment: _file_gc unlinked c:\users\rupesh\appdata\local\openerp s.a\odoo\filestore\odoo_test_1\3e/3ec16051c658a009cc8be7b0ef22f8de0295e0b3 
2025-08-06 16:39:47,677 107224 DEBUG odoo_test_1 odoo.addons.base.models.ir_attachment: _file_gc unlinked c:\users\rupesh\appdata\local\openerp s.a\odoo\filestore\odoo_test_1\3f/3f50c3c115168333029e53d335bb31a4071c9a80 
2025-08-06 16:39:47,680 107224 DEBUG odoo_test_1 odoo.addons.base.models.ir_attachment: _file_gc unlinked c:\users\rupesh\appdata\local\openerp s.a\odoo\filestore\odoo_test_1\3f/3f9c798e866efd4ca40268c606c05435acb788b5 
2025-08-06 16:39:47,682 107224 DEBUG odoo_test_1 odoo.addons.base.models.ir_attachment: _file_gc unlinked c:\users\rupesh\appdata\local\openerp s.a\odoo\filestore\odoo_test_1\40/40a4a20cf0b3ef078ad46c904f57539a82184540 
2025-08-06 16:39:47,685 107224 DEBUG odoo_test_1 odoo.addons.base.models.ir_attachment: _file_gc unlinked c:\users\rupesh\appdata\local\openerp s.a\odoo\filestore\odoo_test_1\41/41bdd2ad99d4d5673a146b58108e4d23dd9d09dd 
2025-08-06 16:39:47,687 107224 DEBUG odoo_test_1 odoo.addons.base.models.ir_attachment: _file_gc unlinked c:\users\rupesh\appdata\local\openerp s.a\odoo\filestore\odoo_test_1\41/41d519a3821d5b27c50369acd75081f65b27a7b1 
2025-08-06 16:39:47,690 107224 DEBUG odoo_test_1 odoo.addons.base.models.ir_attachment: _file_gc unlinked c:\users\rupesh\appdata\local\openerp s.a\odoo\filestore\odoo_test_1\42/42ce48c13d6dbb1a5d1f910245ce04be77857207 
2025-08-06 16:39:47,691 107224 DEBUG odoo_test_1 odoo.addons.base.models.ir_attachment: _file_gc unlinked c:\users\rupesh\appdata\local\openerp s.a\odoo\filestore\odoo_test_1\42/42e800915185091cb1a7d783940f385c1a747f82 
2025-08-06 16:39:47,694 107224 DEBUG odoo_test_1 odoo.addons.base.models.ir_attachment: _file_gc unlinked c:\users\rupesh\appdata\local\openerp s.a\odoo\filestore\odoo_test_1\44/4411d1df24d39068f6c15ae332d5e3173766b384 
2025-08-06 16:39:47,696 107224 DEBUG odoo_test_1 odoo.addons.base.models.ir_attachment: _file_gc unlinked c:\users\rupesh\appdata\local\openerp s.a\odoo\filestore\odoo_test_1\44/448f6ab4f787bed7bcbc9ecc08e3fceaa0afb146 
2025-08-06 16:39:47,699 107224 DEBUG odoo_test_1 odoo.addons.base.models.ir_attachment: _file_gc unlinked c:\users\rupesh\appdata\local\openerp s.a\odoo\filestore\odoo_test_1\46/46f2ab6b60bb7c8d390be7a2463de3c007bd8949 
2025-08-06 16:39:47,700 107224 DEBUG odoo_test_1 odoo.addons.base.models.ir_attachment: _file_gc unlinked c:\users\rupesh\appdata\local\openerp s.a\odoo\filestore\odoo_test_1\46/46ff67be019076d87d76924d94d3317799757ee7 
2025-08-06 16:39:47,702 107224 DEBUG odoo_test_1 odoo.addons.base.models.ir_attachment: _file_gc unlinked c:\users\rupesh\appdata\local\openerp s.a\odoo\filestore\odoo_test_1\47/477cd6daa1e548a81bc0ff90980098838bc3220b 
2025-08-06 16:39:47,704 107224 DEBUG odoo_test_1 odoo.addons.base.models.ir_attachment: _file_gc unlinked c:\users\rupesh\appdata\local\openerp s.a\odoo\filestore\odoo_test_1\48/4880786c53fa6f83290fcfc8c5655d4d9ed4ea1e 
2025-08-06 16:39:47,706 107224 DEBUG odoo_test_1 odoo.addons.base.models.ir_attachment: _file_gc unlinked c:\users\rupesh\appdata\local\openerp s.a\odoo\filestore\odoo_test_1\49/490ebb9f040c25d35819993660dc90c3772c376f 
2025-08-06 16:39:47,708 107224 DEBUG odoo_test_1 odoo.addons.base.models.ir_attachment: _file_gc unlinked c:\users\rupesh\appdata\local\openerp s.a\odoo\filestore\odoo_test_1\49/495c8e59b88b36b8672664561d271f2cc2c64223 
2025-08-06 16:39:47,711 107224 DEBUG odoo_test_1 odoo.addons.base.models.ir_attachment: _file_gc unlinked c:\users\rupesh\appdata\local\openerp s.a\odoo\filestore\odoo_test_1\4a/4a738141b939fb229a810d575432596d892381d6 
2025-08-06 16:39:47,722 107224 DEBUG odoo_test_1 odoo.addons.base.models.ir_attachment: _file_gc unlinked c:\users\rupesh\appdata\local\openerp s.a\odoo\filestore\odoo_test_1\4a/4a9793a5439154d3bb979beff0eee6850dfe09fe 
2025-08-06 16:39:47,730 107224 DEBUG odoo_test_1 odoo.addons.base.models.ir_attachment: _file_gc unlinked c:\users\rupesh\appdata\local\openerp s.a\odoo\filestore\odoo_test_1\4b/4bcf979e4eb551116908473b9d18b21b2bbc894d 
2025-08-06 16:39:47,732 107224 DEBUG odoo_test_1 odoo.addons.base.models.ir_attachment: _file_gc unlinked c:\users\rupesh\appdata\local\openerp s.a\odoo\filestore\odoo_test_1\4c/4c6cf0ae79abcf67b974678297b7297fb44673db 
2025-08-06 16:39:47,734 107224 DEBUG odoo_test_1 odoo.addons.base.models.ir_attachment: _file_gc unlinked c:\users\rupesh\appdata\local\openerp s.a\odoo\filestore\odoo_test_1\4c/4ca30277b347770c8ddf647c0f4bccacf80ad0b7 
2025-08-06 16:39:47,735 107224 DEBUG odoo_test_1 odoo.addons.base.models.ir_attachment: _file_gc unlinked c:\users\rupesh\appdata\local\openerp s.a\odoo\filestore\odoo_test_1\4c/4cafb4fac10b84cdb1c07b249e4e125f528caa35 
2025-08-06 16:39:47,738 107224 DEBUG odoo_test_1 odoo.addons.base.models.ir_attachment: _file_gc unlinked c:\users\rupesh\appdata\local\openerp s.a\odoo\filestore\odoo_test_1\4d/4d6261361f612e8abaf00eed16bb2f8c200a2273 
2025-08-06 16:39:47,740 107224 DEBUG odoo_test_1 odoo.addons.base.models.ir_attachment: _file_gc unlinked c:\users\rupesh\appdata\local\openerp s.a\odoo\filestore\odoo_test_1\4d/4d7faadf22320c8a4b2a204d83801d61465cd96e 
2025-08-06 16:39:47,742 107224 DEBUG odoo_test_1 odoo.addons.base.models.ir_attachment: _file_gc unlinked c:\users\rupesh\appdata\local\openerp s.a\odoo\filestore\odoo_test_1\4d/4dbd3377917a3030af121fdaaa2b4eb2b36ee9e5 
2025-08-06 16:39:47,745 107224 DEBUG odoo_test_1 odoo.addons.base.models.ir_attachment: _file_gc unlinked c:\users\rupesh\appdata\local\openerp s.a\odoo\filestore\odoo_test_1\4e/4e530e86cb7a8abe3e2dc15e13e0131ad036e231 
2025-08-06 16:39:47,747 107224 DEBUG odoo_test_1 odoo.addons.base.models.ir_attachment: _file_gc unlinked c:\users\rupesh\appdata\local\openerp s.a\odoo\filestore\odoo_test_1\4e/4eff934bdba725323190287c9618bb5389189796 
2025-08-06 16:39:47,750 107224 DEBUG odoo_test_1 odoo.addons.base.models.ir_attachment: _file_gc unlinked c:\users\rupesh\appdata\local\openerp s.a\odoo\filestore\odoo_test_1\4f/4f3a6f6f5c77e4f84a10ee7e3d6429dae20b2b05 
2025-08-06 16:39:47,752 107224 DEBUG odoo_test_1 odoo.addons.base.models.ir_attachment: _file_gc unlinked c:\users\rupesh\appdata\local\openerp s.a\odoo\filestore\odoo_test_1\4f/4f59d1fc56185112e65ddb1d0d520c8431b04702 
2025-08-06 16:39:47,753 107224 DEBUG odoo_test_1 odoo.addons.base.models.ir_attachment: _file_gc unlinked c:\users\rupesh\appdata\local\openerp s.a\odoo\filestore\odoo_test_1\4f/4f96e55b232b40a320c5e207070644a855527cb6 
2025-08-06 16:39:47,755 107224 DEBUG odoo_test_1 odoo.addons.base.models.ir_attachment: _file_gc unlinked c:\users\rupesh\appdata\local\openerp s.a\odoo\filestore\odoo_test_1\50/5026192fab2761378925b91418b0d2995bffa49c 
2025-08-06 16:39:47,757 107224 DEBUG odoo_test_1 odoo.addons.base.models.ir_attachment: _file_gc unlinked c:\users\rupesh\appdata\local\openerp s.a\odoo\filestore\odoo_test_1\50/506be4c5acceddb6ada28fa7e63e093ebab00000 
2025-08-06 16:39:47,759 107224 DEBUG odoo_test_1 odoo.addons.base.models.ir_attachment: _file_gc unlinked c:\users\rupesh\appdata\local\openerp s.a\odoo\filestore\odoo_test_1\52/520d16c5303c60de5c582b10373f1b4974c67f64 
2025-08-06 16:39:47,761 107224 DEBUG odoo_test_1 odoo.addons.base.models.ir_attachment: _file_gc unlinked c:\users\rupesh\appdata\local\openerp s.a\odoo\filestore\odoo_test_1\52/5250cb1fb839a2dd739952d0e62f86579b5fe153 
2025-08-06 16:39:47,763 107224 DEBUG odoo_test_1 odoo.addons.base.models.ir_attachment: _file_gc unlinked c:\users\rupesh\appdata\local\openerp s.a\odoo\filestore\odoo_test_1\52/527f5ae8437206e78c78a0843b9d947e30b74357 
2025-08-06 16:39:47,764 107224 DEBUG odoo_test_1 odoo.addons.base.models.ir_attachment: _file_gc unlinked c:\users\rupesh\appdata\local\openerp s.a\odoo\filestore\odoo_test_1\52/52aa025dddc999be1efac6288cbd1cfa58cd9231 
2025-08-06 16:39:47,765 107224 DEBUG odoo_test_1 odoo.addons.base.models.ir_attachment: _file_gc unlinked c:\users\rupesh\appdata\local\openerp s.a\odoo\filestore\odoo_test_1\52/52d4ccc4e3f448525fbdad4eeba950aad63b6f96 
2025-08-06 16:39:47,768 107224 DEBUG odoo_test_1 odoo.addons.base.models.ir_attachment: _file_gc unlinked c:\users\rupesh\appdata\local\openerp s.a\odoo\filestore\odoo_test_1\53/535ea5c6f560df514bb0ad91809183be58ff1b1f 
2025-08-06 16:39:47,769 107224 DEBUG odoo_test_1 odoo.addons.base.models.ir_attachment: _file_gc unlinked c:\users\rupesh\appdata\local\openerp s.a\odoo\filestore\odoo_test_1\53/53a8b97cce12449e6b4e7cf643de3747b4bb18c2 
2025-08-06 16:39:47,771 107224 DEBUG odoo_test_1 odoo.addons.base.models.ir_attachment: _file_gc unlinked c:\users\rupesh\appdata\local\openerp s.a\odoo\filestore\odoo_test_1\54/540fb8b349343847897852da1e780f61d69176b7 
2025-08-06 16:39:47,772 107224 DEBUG odoo_test_1 odoo.addons.base.models.ir_attachment: _file_gc unlinked c:\users\rupesh\appdata\local\openerp s.a\odoo\filestore\odoo_test_1\54/54f7ee33faaf8fa5dd7165ea344d924d177de1d3 
2025-08-06 16:39:47,774 107224 DEBUG odoo_test_1 odoo.addons.base.models.ir_attachment: _file_gc unlinked c:\users\rupesh\appdata\local\openerp s.a\odoo\filestore\odoo_test_1\56/56467b879040ba63a6618f588f34868d665ee369 
2025-08-06 16:39:47,776 107224 DEBUG odoo_test_1 odoo.addons.base.models.ir_attachment: _file_gc unlinked c:\users\rupesh\appdata\local\openerp s.a\odoo\filestore\odoo_test_1\57/573f9cb7fdb8cd91e0e85b862bcd89ab7fc3aa78 
2025-08-06 16:39:47,778 107224 DEBUG odoo_test_1 odoo.addons.base.models.ir_attachment: _file_gc unlinked c:\users\rupesh\appdata\local\openerp s.a\odoo\filestore\odoo_test_1\57/575bea39d5554765717bf7cd4229d1ed2ac3b8c6 
2025-08-06 16:39:47,780 107224 DEBUG odoo_test_1 odoo.addons.base.models.ir_attachment: _file_gc unlinked c:\users\rupesh\appdata\local\openerp s.a\odoo\filestore\odoo_test_1\57/57cae7271c647b4eb5789ee8a3f76f53ea8937ac 
2025-08-06 16:39:47,781 107224 DEBUG odoo_test_1 odoo.addons.base.models.ir_attachment: _file_gc unlinked c:\users\rupesh\appdata\local\openerp s.a\odoo\filestore\odoo_test_1\57/57e0afb01ff53d63fc8d8ae516ee07ee4f2cc5a9 
2025-08-06 16:39:47,783 107224 DEBUG odoo_test_1 odoo.addons.base.models.ir_attachment: _file_gc unlinked c:\users\rupesh\appdata\local\openerp s.a\odoo\filestore\odoo_test_1\58/58092c03c68591de01297696eee148ca8482a323 
2025-08-06 16:39:47,785 107224 DEBUG odoo_test_1 odoo.addons.base.models.ir_attachment: _file_gc unlinked c:\users\rupesh\appdata\local\openerp s.a\odoo\filestore\odoo_test_1\58/58b14a0696a2f52ce4b6099f2f285c311a09a313 
2025-08-06 16:39:47,786 107224 DEBUG odoo_test_1 odoo.addons.base.models.ir_attachment: _file_gc unlinked c:\users\rupesh\appdata\local\openerp s.a\odoo\filestore\odoo_test_1\58/58ea187a5c0d1aaa77715c126f2fee86da362033 
2025-08-06 16:39:47,787 107224 DEBUG odoo_test_1 odoo.addons.base.models.ir_attachment: _file_gc unlinked c:\users\rupesh\appdata\local\openerp s.a\odoo\filestore\odoo_test_1\58/58f6d5331777e50d0ad01044898f81b8c14d9937 
2025-08-06 16:39:47,789 107224 DEBUG odoo_test_1 odoo.addons.base.models.ir_attachment: _file_gc unlinked c:\users\rupesh\appdata\local\openerp s.a\odoo\filestore\odoo_test_1\59/59d14023bc50d55488afd286f903481c12b9988e 
2025-08-06 16:39:47,790 107224 DEBUG odoo_test_1 odoo.addons.base.models.ir_attachment: _file_gc unlinked c:\users\rupesh\appdata\local\openerp s.a\odoo\filestore\odoo_test_1\5a/5a12af39eb610ff77357a9565190fd11cd925763 
2025-08-06 16:39:47,792 107224 DEBUG odoo_test_1 odoo.addons.base.models.ir_attachment: _file_gc unlinked c:\users\rupesh\appdata\local\openerp s.a\odoo\filestore\odoo_test_1\5b/5b5937eca0efbbf3c90dcba8adbb11b460e6441a 
2025-08-06 16:39:47,793 107224 DEBUG odoo_test_1 odoo.addons.base.models.ir_attachment: _file_gc unlinked c:\users\rupesh\appdata\local\openerp s.a\odoo\filestore\odoo_test_1\5c/5c1e70436942a079e69ede9719c97744a754b5bb 
2025-08-06 16:39:47,794 107224 DEBUG odoo_test_1 odoo.addons.base.models.ir_attachment: _file_gc unlinked c:\users\rupesh\appdata\local\openerp s.a\odoo\filestore\odoo_test_1\5c/5ce57d3fd9b27545ee0734b0bc182b469584ae9d 
2025-08-06 16:39:47,796 107224 DEBUG odoo_test_1 odoo.addons.base.models.ir_attachment: _file_gc unlinked c:\users\rupesh\appdata\local\openerp s.a\odoo\filestore\odoo_test_1\5d/5d7434fc5330dfa2a569ad2d78a1315ce9f4ab11 
2025-08-06 16:39:47,797 107224 DEBUG odoo_test_1 odoo.addons.base.models.ir_attachment: _file_gc unlinked c:\users\rupesh\appdata\local\openerp s.a\odoo\filestore\odoo_test_1\5d/5d8f67628edcfd819601a47cbc3a6f763aca0634 
2025-08-06 16:39:47,800 107224 DEBUG odoo_test_1 odoo.addons.base.models.ir_attachment: _file_gc unlinked c:\users\rupesh\appdata\local\openerp s.a\odoo\filestore\odoo_test_1\60/6084f758116a2b9df1caf1c78d3afd97b6ff33bd 
2025-08-06 16:39:47,801 107224 DEBUG odoo_test_1 odoo.addons.base.models.ir_attachment: _file_gc unlinked c:\users\rupesh\appdata\local\openerp s.a\odoo\filestore\odoo_test_1\60/60b5240c70aca6624b2d7e3de8c3c746cc4821bb 
2025-08-06 16:39:47,803 107224 DEBUG odoo_test_1 odoo.addons.base.models.ir_attachment: _file_gc unlinked c:\users\rupesh\appdata\local\openerp s.a\odoo\filestore\odoo_test_1\61/6155c803863c615136cd2a0c5f2ba89b2349d3e9 
2025-08-06 16:39:47,804 107224 DEBUG odoo_test_1 odoo.addons.base.models.ir_attachment: _file_gc unlinked c:\users\rupesh\appdata\local\openerp s.a\odoo\filestore\odoo_test_1\63/63aba3419aa1f0f22a6bd3dea16c3fa08e736011 
2025-08-06 16:39:47,805 107224 DEBUG odoo_test_1 odoo.addons.base.models.ir_attachment: _file_gc unlinked c:\users\rupesh\appdata\local\openerp s.a\odoo\filestore\odoo_test_1\64/64b6dd1abe8272870e0b6a054bc518701bbf3b14 
2025-08-06 16:39:47,808 107224 DEBUG odoo_test_1 odoo.addons.base.models.ir_attachment: _file_gc unlinked c:\users\rupesh\appdata\local\openerp s.a\odoo\filestore\odoo_test_1\66/6684356bb295b06089d00cb3c5d9eb7acbb8b9a3 
2025-08-06 16:39:47,810 107224 DEBUG odoo_test_1 odoo.addons.base.models.ir_attachment: _file_gc unlinked c:\users\rupesh\appdata\local\openerp s.a\odoo\filestore\odoo_test_1\66/66d8f4d5a67a1de09a7aaae2b0879d76c1a66f90 
2025-08-06 16:39:47,811 107224 DEBUG odoo_test_1 odoo.addons.base.models.ir_attachment: _file_gc unlinked c:\users\rupesh\appdata\local\openerp s.a\odoo\filestore\odoo_test_1\66/66f3a92a3d73f11ab8f6c72e0d3f077c29b78587 
2025-08-06 16:39:47,812 107224 DEBUG odoo_test_1 odoo.addons.base.models.ir_attachment: _file_gc unlinked c:\users\rupesh\appdata\local\openerp s.a\odoo\filestore\odoo_test_1\69/694ba35ecd166cf8e2a57813e52adea8bb9321f3 
2025-08-06 16:39:47,813 107224 DEBUG odoo_test_1 odoo.addons.base.models.ir_attachment: _file_gc unlinked c:\users\rupesh\appdata\local\openerp s.a\odoo\filestore\odoo_test_1\6a/6a128d7be71ebe30b69179e348e8aa5ca8cef913 
2025-08-06 16:39:47,814 107224 DEBUG odoo_test_1 odoo.addons.base.models.ir_attachment: _file_gc unlinked c:\users\rupesh\appdata\local\openerp s.a\odoo\filestore\odoo_test_1\6b/6bb46bed5f3eacf3bfc3ceb7d9f4c9192c5643fa 
2025-08-06 16:39:47,816 107224 DEBUG odoo_test_1 odoo.addons.base.models.ir_attachment: _file_gc unlinked c:\users\rupesh\appdata\local\openerp s.a\odoo\filestore\odoo_test_1\6d/6d0580ee44885466df9bf52541722a3365d14e07 
2025-08-06 16:39:47,818 107224 DEBUG odoo_test_1 odoo.addons.base.models.ir_attachment: _file_gc unlinked c:\users\rupesh\appdata\local\openerp s.a\odoo\filestore\odoo_test_1\6d/6d99608d8b09040534dc87134941467e879796ab 
2025-08-06 16:39:47,819 107224 DEBUG odoo_test_1 odoo.addons.base.models.ir_attachment: _file_gc unlinked c:\users\rupesh\appdata\local\openerp s.a\odoo\filestore\odoo_test_1\6d/6ddb581dacac5266265cba9265726991e54513d9 
2025-08-06 16:39:47,820 107224 DEBUG odoo_test_1 odoo.addons.base.models.ir_attachment: _file_gc unlinked c:\users\rupesh\appdata\local\openerp s.a\odoo\filestore\odoo_test_1\6d/6df65f3bac40a00f780e17aebf4fecac1f871428 
2025-08-06 16:39:47,822 107224 DEBUG odoo_test_1 odoo.addons.base.models.ir_attachment: _file_gc unlinked c:\users\rupesh\appdata\local\openerp s.a\odoo\filestore\odoo_test_1\6e/6e7b0b3e281108fd6aa64d0fafac36f223169315 
2025-08-06 16:39:47,823 107224 DEBUG odoo_test_1 odoo.addons.base.models.ir_attachment: _file_gc unlinked c:\users\rupesh\appdata\local\openerp s.a\odoo\filestore\odoo_test_1\6f/6f04a9706a35e1f33a834c8f2b2fb00be8c51ba2 
2025-08-06 16:39:47,824 107224 DEBUG odoo_test_1 odoo.addons.base.models.ir_attachment: _file_gc unlinked c:\users\rupesh\appdata\local\openerp s.a\odoo\filestore\odoo_test_1\6f/6f139b35df3a20cea941dd6d2148c03b4b5028d7 
2025-08-06 16:39:47,826 107224 DEBUG odoo_test_1 odoo.addons.base.models.ir_attachment: _file_gc unlinked c:\users\rupesh\appdata\local\openerp s.a\odoo\filestore\odoo_test_1\71/716aea8a0b70e9bc628218ea002d7109ff279547 
2025-08-06 16:39:47,827 107224 DEBUG odoo_test_1 odoo.addons.base.models.ir_attachment: _file_gc unlinked c:\users\rupesh\appdata\local\openerp s.a\odoo\filestore\odoo_test_1\71/71abecc2f52b3f91e669d9927bf83f53e1da8a53 
2025-08-06 16:39:47,829 107224 DEBUG odoo_test_1 odoo.addons.base.models.ir_attachment: _file_gc unlinked c:\users\rupesh\appdata\local\openerp s.a\odoo\filestore\odoo_test_1\72/7263b58fa202dc9571859502848860821cd0ff21 
2025-08-06 16:39:47,831 107224 DEBUG odoo_test_1 odoo.addons.base.models.ir_attachment: _file_gc unlinked c:\users\rupesh\appdata\local\openerp s.a\odoo\filestore\odoo_test_1\73/73b4c2024b78eabb1ca4795bad23e09888816492 
2025-08-06 16:39:47,832 107224 DEBUG odoo_test_1 odoo.addons.base.models.ir_attachment: _file_gc unlinked c:\users\rupesh\appdata\local\openerp s.a\odoo\filestore\odoo_test_1\74/7404b070290e64b7dcbbd0caced22e169fc3413f 
2025-08-06 16:39:47,833 107224 DEBUG odoo_test_1 odoo.addons.base.models.ir_attachment: _file_gc unlinked c:\users\rupesh\appdata\local\openerp s.a\odoo\filestore\odoo_test_1\74/747901b11497e3bff7802bbeeb38a98723886479 
2025-08-06 16:39:47,835 107224 DEBUG odoo_test_1 odoo.addons.base.models.ir_attachment: _file_gc unlinked c:\users\rupesh\appdata\local\openerp s.a\odoo\filestore\odoo_test_1\76/762302bd33fe2b1b090e31a810da1e35b9828634 
2025-08-06 16:39:47,838 107224 DEBUG odoo_test_1 odoo.addons.base.models.ir_attachment: _file_gc unlinked c:\users\rupesh\appdata\local\openerp s.a\odoo\filestore\odoo_test_1\77/7794381b9d550bb699c7856d8183751ddd8a3130 
2025-08-06 16:39:47,840 107224 DEBUG odoo_test_1 odoo.addons.base.models.ir_attachment: _file_gc unlinked c:\users\rupesh\appdata\local\openerp s.a\odoo\filestore\odoo_test_1\77/77b1896d5fdd20670262febbd1226d05bb7e5ceb 
2025-08-06 16:39:47,843 107224 DEBUG odoo_test_1 odoo.addons.base.models.ir_attachment: _file_gc unlinked c:\users\rupesh\appdata\local\openerp s.a\odoo\filestore\odoo_test_1\79/796eca3ba8d600fa3256e6f03edb98bad80a9cf0 
2025-08-06 16:39:47,844 107224 DEBUG odoo_test_1 odoo.addons.base.models.ir_attachment: _file_gc unlinked c:\users\rupesh\appdata\local\openerp s.a\odoo\filestore\odoo_test_1\7a/7a16825b9b8a51d0a20326e110b3a971f8a0156e 
2025-08-06 16:39:47,845 107224 DEBUG odoo_test_1 odoo.addons.base.models.ir_attachment: _file_gc unlinked c:\users\rupesh\appdata\local\openerp s.a\odoo\filestore\odoo_test_1\7a/7a1ebdccb2e0a5bfcf5ac5671bd601cb5d39b120 
2025-08-06 16:39:47,846 107224 DEBUG odoo_test_1 odoo.addons.base.models.ir_attachment: _file_gc unlinked c:\users\rupesh\appdata\local\openerp s.a\odoo\filestore\odoo_test_1\7a/7a55e1ac25dc76e9d5fd5e77669937fce6686ff4 
2025-08-06 16:39:47,847 107224 DEBUG odoo_test_1 odoo.addons.base.models.ir_attachment: _file_gc unlinked c:\users\rupesh\appdata\local\openerp s.a\odoo\filestore\odoo_test_1\7a/7ae476fb719be8b2bfec44cab94bc9e7c0fd8c94 
2025-08-06 16:39:47,849 107224 DEBUG odoo_test_1 odoo.addons.base.models.ir_attachment: _file_gc unlinked c:\users\rupesh\appdata\local\openerp s.a\odoo\filestore\odoo_test_1\7b/7b37f79f14af62478f9b5fcf9708057986174ea1 
2025-08-06 16:39:47,850 107224 DEBUG odoo_test_1 odoo.addons.base.models.ir_attachment: _file_gc unlinked c:\users\rupesh\appdata\local\openerp s.a\odoo\filestore\odoo_test_1\7b/7b5773d67c5ada4fe92e1f282fee066b41a64ac3 
2025-08-06 16:39:47,853 107224 DEBUG odoo_test_1 odoo.addons.base.models.ir_attachment: _file_gc unlinked c:\users\rupesh\appdata\local\openerp s.a\odoo\filestore\odoo_test_1\7c/7c8cf5a4c619cdd4bfc16b23f758d8753b603d4c 
2025-08-06 16:39:47,853 107224 DEBUG odoo_test_1 odoo.addons.base.models.ir_attachment: _file_gc unlinked c:\users\rupesh\appdata\local\openerp s.a\odoo\filestore\odoo_test_1\7c/7c8d5352254f1e135f57a734318118b54dec4843 
2025-08-06 16:39:47,855 107224 DEBUG odoo_test_1 odoo.addons.base.models.ir_attachment: _file_gc unlinked c:\users\rupesh\appdata\local\openerp s.a\odoo\filestore\odoo_test_1\7d/7dcd992507c4a15b5aa60f07e2915abac287ac97 
2025-08-06 16:39:47,857 107224 DEBUG odoo_test_1 odoo.addons.base.models.ir_attachment: _file_gc unlinked c:\users\rupesh\appdata\local\openerp s.a\odoo\filestore\odoo_test_1\7f/7fe4e4cf2232713b5f4eddc509bb15129e86de96 
2025-08-06 16:39:47,859 107224 DEBUG odoo_test_1 odoo.addons.base.models.ir_attachment: _file_gc unlinked c:\users\rupesh\appdata\local\openerp s.a\odoo\filestore\odoo_test_1\80/8030b61354820f85905ab5efd3b656a6c06766b2 
2025-08-06 16:39:47,861 107224 DEBUG odoo_test_1 odoo.addons.base.models.ir_attachment: _file_gc unlinked c:\users\rupesh\appdata\local\openerp s.a\odoo\filestore\odoo_test_1\81/81bdee9abe34948d52b288105672a693ca0e3f07 
2025-08-06 16:39:47,863 107224 DEBUG odoo_test_1 odoo.addons.base.models.ir_attachment: _file_gc unlinked c:\users\rupesh\appdata\local\openerp s.a\odoo\filestore\odoo_test_1\82/82ba9dfa64ce771e2c4cd421e68fbe5e97525912 
2025-08-06 16:39:47,864 107224 DEBUG odoo_test_1 odoo.addons.base.models.ir_attachment: _file_gc unlinked c:\users\rupesh\appdata\local\openerp s.a\odoo\filestore\odoo_test_1\83/83d883569af630df2dcfc93988f77dd82db8188c 
2025-08-06 16:39:47,865 107224 DEBUG odoo_test_1 odoo.addons.base.models.ir_attachment: _file_gc unlinked c:\users\rupesh\appdata\local\openerp s.a\odoo\filestore\odoo_test_1\83/83f8a697c3fc52604d1d6815621513e3cc389775 
2025-08-06 16:39:47,866 107224 DEBUG odoo_test_1 odoo.addons.base.models.ir_attachment: _file_gc unlinked c:\users\rupesh\appdata\local\openerp s.a\odoo\filestore\odoo_test_1\84/84755f1e0d7d35da7af5385e648f64cb2205d77e 
2025-08-06 16:39:47,867 107224 DEBUG odoo_test_1 odoo.addons.base.models.ir_attachment: _file_gc unlinked c:\users\rupesh\appdata\local\openerp s.a\odoo\filestore\odoo_test_1\84/84eedf7a9b633f0992c769da4f13c1687a03d4c2 
2025-08-06 16:39:47,869 107224 DEBUG odoo_test_1 odoo.addons.base.models.ir_attachment: _file_gc unlinked c:\users\rupesh\appdata\local\openerp s.a\odoo\filestore\odoo_test_1\85/8582f44ac9edf2fd51d63aaee1b04b0daf74ac03 
2025-08-06 16:39:47,870 107224 DEBUG odoo_test_1 odoo.addons.base.models.ir_attachment: _file_gc unlinked c:\users\rupesh\appdata\local\openerp s.a\odoo\filestore\odoo_test_1\85/85eb154e2ca2390bf98dfeb4ef6cc33ea7dae79f 
2025-08-06 16:39:47,871 107224 DEBUG odoo_test_1 odoo.addons.base.models.ir_attachment: _file_gc unlinked c:\users\rupesh\appdata\local\openerp s.a\odoo\filestore\odoo_test_1\86/861a5125c58c59199d061ce6ab6d46e4bca7fdff 
2025-08-06 16:39:47,873 107224 DEBUG odoo_test_1 odoo.addons.base.models.ir_attachment: _file_gc unlinked c:\users\rupesh\appdata\local\openerp s.a\odoo\filestore\odoo_test_1\86/86a8b866295b33bd4bb15c1929014e164aa4b62d 
2025-08-06 16:39:47,874 107224 DEBUG odoo_test_1 odoo.addons.base.models.ir_attachment: _file_gc unlinked c:\users\rupesh\appdata\local\openerp s.a\odoo\filestore\odoo_test_1\86/86bcfb746a1ce594c4f0a1d748c02c09dd2af89b 
2025-08-06 16:39:47,875 107224 DEBUG odoo_test_1 odoo.addons.base.models.ir_attachment: _file_gc unlinked c:\users\rupesh\appdata\local\openerp s.a\odoo\filestore\odoo_test_1\86/86ec27e060e155a8116b079e1b60ea852caf81e6 
2025-08-06 16:39:47,877 107224 DEBUG odoo_test_1 odoo.addons.base.models.ir_attachment: _file_gc unlinked c:\users\rupesh\appdata\local\openerp s.a\odoo\filestore\odoo_test_1\87/870999bf328e5926adb8a401bb72ac35e4e664f4 
2025-08-06 16:39:47,878 107224 DEBUG odoo_test_1 odoo.addons.base.models.ir_attachment: _file_gc unlinked c:\users\rupesh\appdata\local\openerp s.a\odoo\filestore\odoo_test_1\87/874299fd0e72b821b9cd8917d16a5ebe95e2c596 
2025-08-06 16:39:47,879 107224 DEBUG odoo_test_1 odoo.addons.base.models.ir_attachment: _file_gc unlinked c:\users\rupesh\appdata\local\openerp s.a\odoo\filestore\odoo_test_1\87/87aed679feda91c3ec84cd4b30987b78bcbae95b 
2025-08-06 16:39:47,880 107224 DEBUG odoo_test_1 odoo.addons.base.models.ir_attachment: _file_gc unlinked c:\users\rupesh\appdata\local\openerp s.a\odoo\filestore\odoo_test_1\88/883a4b9ede98cc0aa1b35e6fdf74cfd7be633fb5 
2025-08-06 16:39:47,882 107224 DEBUG odoo_test_1 odoo.addons.base.models.ir_attachment: _file_gc unlinked c:\users\rupesh\appdata\local\openerp s.a\odoo\filestore\odoo_test_1\88/886190f7997918f439270a98e596ad1807957a10 
2025-08-06 16:39:47,883 107224 DEBUG odoo_test_1 odoo.addons.base.models.ir_attachment: _file_gc unlinked c:\users\rupesh\appdata\local\openerp s.a\odoo\filestore\odoo_test_1\88/88702685789f716b763c613fefe2f1784899033a 
2025-08-06 16:39:47,884 107224 DEBUG odoo_test_1 odoo.addons.base.models.ir_attachment: _file_gc unlinked c:\users\rupesh\appdata\local\openerp s.a\odoo\filestore\odoo_test_1\89/893700ce8211def554f3e1a79e353fcf787c090c 
2025-08-06 16:39:47,885 107224 DEBUG odoo_test_1 odoo.addons.base.models.ir_attachment: _file_gc unlinked c:\users\rupesh\appdata\local\openerp s.a\odoo\filestore\odoo_test_1\89/89a209f907cff1143889a37c2854f113b4c17184 
2025-08-06 16:39:47,887 107224 DEBUG odoo_test_1 odoo.addons.base.models.ir_attachment: _file_gc unlinked c:\users\rupesh\appdata\local\openerp s.a\odoo\filestore\odoo_test_1\8a/8ada49d6d17125a4c697cfd2ddcaeb54f5d1089b 
2025-08-06 16:39:47,889 107224 DEBUG odoo_test_1 odoo.addons.base.models.ir_attachment: _file_gc unlinked c:\users\rupesh\appdata\local\openerp s.a\odoo\filestore\odoo_test_1\8b/8b2b26a82eccc2aa4b68af463b036c781914b0e7 
2025-08-06 16:39:47,890 107224 DEBUG odoo_test_1 odoo.addons.base.models.ir_attachment: _file_gc unlinked c:\users\rupesh\appdata\local\openerp s.a\odoo\filestore\odoo_test_1\8b/8b83bffa8b6c20d922e2f40ddaa578884ecc48c5 
2025-08-06 16:39:47,892 107224 DEBUG odoo_test_1 odoo.addons.base.models.ir_attachment: _file_gc unlinked c:\users\rupesh\appdata\local\openerp s.a\odoo\filestore\odoo_test_1\8c/8c572c57366d40eeaa0f469fb35426e06727ceeb 
2025-08-06 16:39:47,895 107224 DEBUG odoo_test_1 odoo.addons.base.models.ir_attachment: _file_gc unlinked c:\users\rupesh\appdata\local\openerp s.a\odoo\filestore\odoo_test_1\8f/8f043a232d10bde57d6ccf3d1038429b2a015f62 
2025-08-06 16:39:47,896 107224 DEBUG odoo_test_1 odoo.addons.base.models.ir_attachment: _file_gc unlinked c:\users\rupesh\appdata\local\openerp s.a\odoo\filestore\odoo_test_1\8f/8f187a4469ea13f489e8e667d632df335ad53af8 
2025-08-06 16:39:47,897 107224 DEBUG odoo_test_1 odoo.addons.base.models.ir_attachment: _file_gc unlinked c:\users\rupesh\appdata\local\openerp s.a\odoo\filestore\odoo_test_1\8f/8fd549c4a698aa557258048de71d08496c3291ac 
2025-08-06 16:39:47,900 107224 DEBUG odoo_test_1 odoo.addons.base.models.ir_attachment: _file_gc unlinked c:\users\rupesh\appdata\local\openerp s.a\odoo\filestore\odoo_test_1\90/9015acced50ce43658fa2d4cc171157f6098f2c9 
2025-08-06 16:39:47,901 107224 DEBUG odoo_test_1 odoo.addons.base.models.ir_attachment: _file_gc unlinked c:\users\rupesh\appdata\local\openerp s.a\odoo\filestore\odoo_test_1\90/90945dcd3dba7173b5343f95db35d871e7159e6a 
2025-08-06 16:39:47,902 107224 DEBUG odoo_test_1 odoo.addons.base.models.ir_attachment: _file_gc unlinked c:\users\rupesh\appdata\local\openerp s.a\odoo\filestore\odoo_test_1\90/90b0bceecfdbfee7d47ad9234973dd0ff6dd3c08 
2025-08-06 16:39:47,903 107224 DEBUG odoo_test_1 odoo.addons.base.models.ir_attachment: _file_gc unlinked c:\users\rupesh\appdata\local\openerp s.a\odoo\filestore\odoo_test_1\90/90bb082744f6d9cae0b2c78a97d8a0bef57c7e83 
2025-08-06 16:39:47,905 107224 DEBUG odoo_test_1 odoo.addons.base.models.ir_attachment: _file_gc unlinked c:\users\rupesh\appdata\local\openerp s.a\odoo\filestore\odoo_test_1\91/911fa3776bf2651a94e66b891c37696a9db51680 
2025-08-06 16:39:47,906 107224 DEBUG odoo_test_1 odoo.addons.base.models.ir_attachment: _file_gc unlinked c:\users\rupesh\appdata\local\openerp s.a\odoo\filestore\odoo_test_1\92/9218b7abe1ffb7a81c43ddfe85384fc2ea3d0d5d 
2025-08-06 16:39:47,906 107224 DEBUG odoo_test_1 odoo.addons.base.models.ir_attachment: _file_gc unlinked c:\users\rupesh\appdata\local\openerp s.a\odoo\filestore\odoo_test_1\93/9330cd414c4f5d06fb2ebe4c613f7f097bdc54c7 
2025-08-06 16:39:47,907 107224 DEBUG odoo_test_1 odoo.addons.base.models.ir_attachment: _file_gc unlinked c:\users\rupesh\appdata\local\openerp s.a\odoo\filestore\odoo_test_1\93/93f18e228213e15573c03aacfca724f560638f1f 
2025-08-06 16:39:47,909 107224 DEBUG odoo_test_1 odoo.addons.base.models.ir_attachment: _file_gc unlinked c:\users\rupesh\appdata\local\openerp s.a\odoo\filestore\odoo_test_1\94/943d417d9cc8a7aae64bc9e1159d7c1446ea7623 
2025-08-06 16:39:47,910 107224 DEBUG odoo_test_1 odoo.addons.base.models.ir_attachment: _file_gc unlinked c:\users\rupesh\appdata\local\openerp s.a\odoo\filestore\odoo_test_1\94/9452ec53f7817a339f35a4f26cc7e3ae1cade79f 
2025-08-06 16:39:47,912 107224 DEBUG odoo_test_1 odoo.addons.base.models.ir_attachment: _file_gc unlinked c:\users\rupesh\appdata\local\openerp s.a\odoo\filestore\odoo_test_1\95/959c75dedcb09763263426bc6bcee08cfc1f11c4 
2025-08-06 16:39:47,913 107224 DEBUG odoo_test_1 odoo.addons.base.models.ir_attachment: _file_gc unlinked c:\users\rupesh\appdata\local\openerp s.a\odoo\filestore\odoo_test_1\95/95b61f353b9d7406fc1dcd2f006588848b2ede09 
2025-08-06 16:39:47,915 107224 DEBUG odoo_test_1 odoo.addons.base.models.ir_attachment: _file_gc unlinked c:\users\rupesh\appdata\local\openerp s.a\odoo\filestore\odoo_test_1\96/96e69c0aeb6bb8f2498fcf424cd722bdd111848a 
2025-08-06 16:39:47,918 107224 DEBUG odoo_test_1 odoo.addons.base.models.ir_attachment: _file_gc unlinked c:\users\rupesh\appdata\local\openerp s.a\odoo\filestore\odoo_test_1\97/9707a7881f451296816cf0cf8fe3feb1437d11c8 
2025-08-06 16:39:47,920 107224 DEBUG odoo_test_1 odoo.addons.base.models.ir_attachment: _file_gc unlinked c:\users\rupesh\appdata\local\openerp s.a\odoo\filestore\odoo_test_1\97/97191dddb92b750e3c21a542c474c1eaf4416b67 
2025-08-06 16:39:47,922 107224 DEBUG odoo_test_1 odoo.addons.base.models.ir_attachment: _file_gc unlinked c:\users\rupesh\appdata\local\openerp s.a\odoo\filestore\odoo_test_1\98/989dca262b8a0cae8f738570a3adba8dbc1b7d11 
2025-08-06 16:39:47,923 107224 DEBUG odoo_test_1 odoo.addons.base.models.ir_attachment: _file_gc unlinked c:\users\rupesh\appdata\local\openerp s.a\odoo\filestore\odoo_test_1\98/98acbe80bd9787af23d0e6fe887db270c3f948cd 
2025-08-06 16:39:47,926 107224 DEBUG odoo_test_1 odoo.addons.base.models.ir_attachment: _file_gc unlinked c:\users\rupesh\appdata\local\openerp s.a\odoo\filestore\odoo_test_1\99/995c2d0699d0df5e074f0f2a1196896b01786f4a 
2025-08-06 16:39:47,927 107224 DEBUG odoo_test_1 odoo.addons.base.models.ir_attachment: _file_gc unlinked c:\users\rupesh\appdata\local\openerp s.a\odoo\filestore\odoo_test_1\99/99cc44d8f24152f678b3ac23932afeed8dc616bd 
2025-08-06 16:39:47,929 107224 DEBUG odoo_test_1 odoo.addons.base.models.ir_attachment: _file_gc unlinked c:\users\rupesh\appdata\local\openerp s.a\odoo\filestore\odoo_test_1\9a/9a640c0b3e4af2fd662f75a0d2b7fd1a31d029e6 
2025-08-06 16:39:47,930 107224 DEBUG odoo_test_1 odoo.addons.base.models.ir_attachment: _file_gc unlinked c:\users\rupesh\appdata\local\openerp s.a\odoo\filestore\odoo_test_1\9a/9ad4d0d6f7f7cc670c3c70b61879580b2532c330 
2025-08-06 16:39:47,931 107224 DEBUG odoo_test_1 odoo.addons.base.models.ir_attachment: _file_gc unlinked c:\users\rupesh\appdata\local\openerp s.a\odoo\filestore\odoo_test_1\9b/9b64254f1246a6cdab8e4933b0ff3930ed12cf76 
2025-08-06 16:39:47,933 107224 DEBUG odoo_test_1 odoo.addons.base.models.ir_attachment: _file_gc unlinked c:\users\rupesh\appdata\local\openerp s.a\odoo\filestore\odoo_test_1\9c/9c34a4c8b3173110cb315469e8da2db70109a7a8 
2025-08-06 16:39:47,934 107224 DEBUG odoo_test_1 odoo.addons.base.models.ir_attachment: _file_gc unlinked c:\users\rupesh\appdata\local\openerp s.a\odoo\filestore\odoo_test_1\9c/9c3c1297e6d90221d5e85f9068222a66d3e60f89 
2025-08-06 16:39:47,934 107224 DEBUG odoo_test_1 odoo.addons.base.models.ir_attachment: _file_gc unlinked c:\users\rupesh\appdata\local\openerp s.a\odoo\filestore\odoo_test_1\9d/9db845507698c56fe5df2aa824318a524bf492b9 
2025-08-06 16:39:47,936 107224 DEBUG odoo_test_1 odoo.addons.base.models.ir_attachment: _file_gc unlinked c:\users\rupesh\appdata\local\openerp s.a\odoo\filestore\odoo_test_1\9e/9e033e998e51aeb1c76358be3df9e5abfe424602 
2025-08-06 16:39:47,937 107224 DEBUG odoo_test_1 odoo.addons.base.models.ir_attachment: _file_gc unlinked c:\users\rupesh\appdata\local\openerp s.a\odoo\filestore\odoo_test_1\9e/9e7ab826afb3a60099961181143ebd616db81951 
2025-08-06 16:39:47,938 107224 DEBUG odoo_test_1 odoo.addons.base.models.ir_attachment: _file_gc unlinked c:\users\rupesh\appdata\local\openerp s.a\odoo\filestore\odoo_test_1\9e/9eaf7569c6be6f6b54d30f83624f6634e4b1e555 
2025-08-06 16:39:47,939 107224 DEBUG odoo_test_1 odoo.addons.base.models.ir_attachment: _file_gc unlinked c:\users\rupesh\appdata\local\openerp s.a\odoo\filestore\odoo_test_1\9f/9f31fb108b12a13330a44544e8ca7b0c1c16bf84 
2025-08-06 16:39:47,940 107224 DEBUG odoo_test_1 odoo.addons.base.models.ir_attachment: _file_gc unlinked c:\users\rupesh\appdata\local\openerp s.a\odoo\filestore\odoo_test_1\9f/9f60c8c72b90e77ea3dd98790bb907f982e71eea 
2025-08-06 16:39:47,941 107224 DEBUG odoo_test_1 odoo.addons.base.models.ir_attachment: _file_gc unlinked c:\users\rupesh\appdata\local\openerp s.a\odoo\filestore\odoo_test_1\a0/a035d16a81eeb1865182c68250226c2e75ba6985 
2025-08-06 16:39:47,943 107224 DEBUG odoo_test_1 odoo.addons.base.models.ir_attachment: _file_gc unlinked c:\users\rupesh\appdata\local\openerp s.a\odoo\filestore\odoo_test_1\a0/a0b95b6faab9e5277f69ce7aa761f0759af8a939 
2025-08-06 16:39:47,945 107224 DEBUG odoo_test_1 odoo.addons.base.models.ir_attachment: _file_gc unlinked c:\users\rupesh\appdata\local\openerp s.a\odoo\filestore\odoo_test_1\a1/a13247cfe7b3f97409497fe9a2b3feeaaff9aaac 
2025-08-06 16:39:47,946 107224 DEBUG odoo_test_1 odoo.addons.base.models.ir_attachment: _file_gc unlinked c:\users\rupesh\appdata\local\openerp s.a\odoo\filestore\odoo_test_1\a2/a28ca027f5a5bff353c8e244a75dba660b127ae1 
2025-08-06 16:39:47,948 107224 DEBUG odoo_test_1 odoo.addons.base.models.ir_attachment: _file_gc unlinked c:\users\rupesh\appdata\local\openerp s.a\odoo\filestore\odoo_test_1\a2/a2d7e983a4e9361716eb124aeb97757468546d72 
2025-08-06 16:39:47,949 107224 DEBUG odoo_test_1 odoo.addons.base.models.ir_attachment: _file_gc unlinked c:\users\rupesh\appdata\local\openerp s.a\odoo\filestore\odoo_test_1\a3/a3288238fa4152c152b786bbfa14013911b25a8f 
2025-08-06 16:39:47,950 107224 DEBUG odoo_test_1 odoo.addons.base.models.ir_attachment: _file_gc unlinked c:\users\rupesh\appdata\local\openerp s.a\odoo\filestore\odoo_test_1\a3/a36aac3b252d11623ed7aeda3742ccdce1bdf804 
2025-08-06 16:39:47,952 107224 DEBUG odoo_test_1 odoo.addons.base.models.ir_attachment: _file_gc unlinked c:\users\rupesh\appdata\local\openerp s.a\odoo\filestore\odoo_test_1\a4/a4068ee72fe23b7cae1bd3df3b03d9ee4b6202aa 
2025-08-06 16:39:47,953 107224 DEBUG odoo_test_1 odoo.addons.base.models.ir_attachment: _file_gc unlinked c:\users\rupesh\appdata\local\openerp s.a\odoo\filestore\odoo_test_1\a4/a45e15254bd59906fe2db5a63d3924b84378995c 
2025-08-06 16:39:47,954 107224 DEBUG odoo_test_1 odoo.addons.base.models.ir_attachment: _file_gc unlinked c:\users\rupesh\appdata\local\openerp s.a\odoo\filestore\odoo_test_1\a4/a4e9d845bacd399bf09fc65daa0985b49ed16d67 
2025-08-06 16:39:47,955 107224 DEBUG odoo_test_1 odoo.addons.base.models.ir_attachment: _file_gc unlinked c:\users\rupesh\appdata\local\openerp s.a\odoo\filestore\odoo_test_1\a7/a77f09f4dfc906a4995c52e6e0d908faac318e7e 
2025-08-06 16:39:47,956 107224 DEBUG odoo_test_1 odoo.addons.base.models.ir_attachment: _file_gc unlinked c:\users\rupesh\appdata\local\openerp s.a\odoo\filestore\odoo_test_1\a7/a7812881a7abdb05c874735c86431a2f93f49251 
2025-08-06 16:39:47,957 107224 DEBUG odoo_test_1 odoo.addons.base.models.ir_attachment: _file_gc unlinked c:\users\rupesh\appdata\local\openerp s.a\odoo\filestore\odoo_test_1\a7/a7925793c37a4c3f52b241ae24c4b3870549b12c 
2025-08-06 16:39:47,959 107224 DEBUG odoo_test_1 odoo.addons.base.models.ir_attachment: _file_gc unlinked c:\users\rupesh\appdata\local\openerp s.a\odoo\filestore\odoo_test_1\a7/a799ab85a0b89156d1bb7e4954c867b6a63a1a86 
2025-08-06 16:39:47,960 107224 DEBUG odoo_test_1 odoo.addons.base.models.ir_attachment: _file_gc unlinked c:\users\rupesh\appdata\local\openerp s.a\odoo\filestore\odoo_test_1\a8/a863d7f4353ce02cfcbd82f0dba91fefb6d7b477 
2025-08-06 16:39:47,962 107224 DEBUG odoo_test_1 odoo.addons.base.models.ir_attachment: _file_gc unlinked c:\users\rupesh\appdata\local\openerp s.a\odoo\filestore\odoo_test_1\a8/a8da4b1fa702910b445ccbdb50aba8322df51649 
2025-08-06 16:39:47,967 107224 DEBUG odoo_test_1 odoo.addons.base.models.ir_attachment: _file_gc unlinked c:\users\rupesh\appdata\local\openerp s.a\odoo\filestore\odoo_test_1\aa/aa12a1719cc884e3c181fb91ce979dfc0891c8df 
2025-08-06 16:39:47,989 107224 DEBUG odoo_test_1 odoo.addons.base.models.ir_attachment: _file_gc unlinked c:\users\rupesh\appdata\local\openerp s.a\odoo\filestore\odoo_test_1\ab/ab1fae0c672d0ca0b9535676a2d7733ba3e0b13e 
2025-08-06 16:39:47,991 107224 DEBUG odoo_test_1 odoo.addons.base.models.ir_attachment: _file_gc unlinked c:\users\rupesh\appdata\local\openerp s.a\odoo\filestore\odoo_test_1\ab/ab3d59c253d2642d57b32cdbbc369f13eb304e90 
2025-08-06 16:39:47,993 107224 DEBUG odoo_test_1 odoo.addons.base.models.ir_attachment: _file_gc unlinked c:\users\rupesh\appdata\local\openerp s.a\odoo\filestore\odoo_test_1\ab/abab4db7c005129faf181cbe99f0faadad1db66e 
2025-08-06 16:39:47,995 107224 DEBUG odoo_test_1 odoo.addons.base.models.ir_attachment: _file_gc unlinked c:\users\rupesh\appdata\local\openerp s.a\odoo\filestore\odoo_test_1\ac/ac2aa58ecfd9de4193ff8cb4bba50e5f905395ac 
2025-08-06 16:39:47,997 107224 DEBUG odoo_test_1 odoo.addons.base.models.ir_attachment: _file_gc unlinked c:\users\rupesh\appdata\local\openerp s.a\odoo\filestore\odoo_test_1\ac/ac90786b0ba544c8f36f9555c729031697f6af97 
2025-08-06 16:39:47,999 107224 DEBUG odoo_test_1 odoo.addons.base.models.ir_attachment: _file_gc unlinked c:\users\rupesh\appdata\local\openerp s.a\odoo\filestore\odoo_test_1\ac/acad5b97cc41c89d663e0d7de73935c9762ab9ef 
2025-08-06 16:39:48,003 107224 DEBUG odoo_test_1 odoo.addons.base.models.ir_attachment: _file_gc unlinked c:\users\rupesh\appdata\local\openerp s.a\odoo\filestore\odoo_test_1\ad/ad91a1c138d90831d648fd2aaa96b846ec9ec772 
2025-08-06 16:39:48,006 107224 DEBUG odoo_test_1 odoo.addons.base.models.ir_attachment: _file_gc unlinked c:\users\rupesh\appdata\local\openerp s.a\odoo\filestore\odoo_test_1\ad/adf70945e799cceba73f86e5c14cc6d670cb7c42 
2025-08-06 16:39:48,008 107224 DEBUG odoo_test_1 odoo.addons.base.models.ir_attachment: _file_gc unlinked c:\users\rupesh\appdata\local\openerp s.a\odoo\filestore\odoo_test_1\ae/aeb0b9247be4ffe4d942d4fe5226a38a2c380e63 
2025-08-06 16:39:48,010 107224 DEBUG odoo_test_1 odoo.addons.base.models.ir_attachment: _file_gc unlinked c:\users\rupesh\appdata\local\openerp s.a\odoo\filestore\odoo_test_1\ae/aec1e2ed80b71bbf2382212da97bfc3b26af2d44 
2025-08-06 16:39:48,012 107224 DEBUG odoo_test_1 odoo.addons.base.models.ir_attachment: _file_gc unlinked c:\users\rupesh\appdata\local\openerp s.a\odoo\filestore\odoo_test_1\af/af462ebb9fb03921db26815a74d95734d9ac175c 
2025-08-06 16:39:48,015 107224 DEBUG odoo_test_1 odoo.addons.base.models.ir_attachment: _file_gc unlinked c:\users\rupesh\appdata\local\openerp s.a\odoo\filestore\odoo_test_1\b0/b033396cdd2a5b21a52d94308aa7ec5833365349 
2025-08-06 16:39:48,017 107224 DEBUG odoo_test_1 odoo.addons.base.models.ir_attachment: _file_gc unlinked c:\users\rupesh\appdata\local\openerp s.a\odoo\filestore\odoo_test_1\b0/b05dbe012d02fb84f291d6f904e2c78cab3c34db 
2025-08-06 16:39:48,019 107224 DEBUG odoo_test_1 odoo.addons.base.models.ir_attachment: _file_gc unlinked c:\users\rupesh\appdata\local\openerp s.a\odoo\filestore\odoo_test_1\b0/b0b288d87e8727b5220e5248af6b3a776dfa1980 
2025-08-06 16:39:48,023 107224 DEBUG odoo_test_1 odoo.addons.base.models.ir_attachment: _file_gc unlinked c:\users\rupesh\appdata\local\openerp s.a\odoo\filestore\odoo_test_1\b1/b11dcd51aa78a18b95295677b6d48eab269b250d 
2025-08-06 16:39:48,025 107224 DEBUG odoo_test_1 odoo.addons.base.models.ir_attachment: _file_gc unlinked c:\users\rupesh\appdata\local\openerp s.a\odoo\filestore\odoo_test_1\b1/b13578c974f926754ea046611989fdb252be4519 
2025-08-06 16:39:48,027 107224 DEBUG odoo_test_1 odoo.addons.base.models.ir_attachment: _file_gc unlinked c:\users\rupesh\appdata\local\openerp s.a\odoo\filestore\odoo_test_1\b1/b164800599fb4fe0d3cb00d3e9ba27db007aa38f 
2025-08-06 16:39:48,029 107224 DEBUG odoo_test_1 odoo.addons.base.models.ir_attachment: _file_gc unlinked c:\users\rupesh\appdata\local\openerp s.a\odoo\filestore\odoo_test_1\b1/b1c96a6eed97217ca47db9f5a3a10c8b25b517e0 
2025-08-06 16:39:48,031 107224 DEBUG odoo_test_1 odoo.addons.base.models.ir_attachment: _file_gc unlinked c:\users\rupesh\appdata\local\openerp s.a\odoo\filestore\odoo_test_1\b2/b2e87d372bc6907415653c24d2bd150940bc8f69 
2025-08-06 16:39:48,034 107224 DEBUG odoo_test_1 odoo.addons.base.models.ir_attachment: _file_gc unlinked c:\users\rupesh\appdata\local\openerp s.a\odoo\filestore\odoo_test_1\b3/b3b9335fa61aa101196b647f433d21f2513da534 
2025-08-06 16:39:48,035 107224 DEBUG odoo_test_1 odoo.addons.base.models.ir_attachment: _file_gc unlinked c:\users\rupesh\appdata\local\openerp s.a\odoo\filestore\odoo_test_1\b3/b3b9d92aa6bbf2076ca1ecd982ef54783ed46e50 
2025-08-06 16:39:48,036 107224 DEBUG odoo_test_1 odoo.addons.base.models.ir_attachment: _file_gc unlinked c:\users\rupesh\appdata\local\openerp s.a\odoo\filestore\odoo_test_1\b3/b3e9b1f3f9938bd52e99d7da1139db621aef1206 
2025-08-06 16:39:48,038 107224 DEBUG odoo_test_1 odoo.addons.base.models.ir_attachment: _file_gc unlinked c:\users\rupesh\appdata\local\openerp s.a\odoo\filestore\odoo_test_1\b4/b4fea217256c1eb5bc439c6775546ec5e8bb57d7 
2025-08-06 16:39:48,043 107224 DEBUG odoo_test_1 odoo.addons.base.models.ir_attachment: _file_gc unlinked c:\users\rupesh\appdata\local\openerp s.a\odoo\filestore\odoo_test_1\b5/b58aeb277a479b1dea7dc057a3c892fa574cd823 
2025-08-06 16:39:48,082 107224 DEBUG odoo_test_1 odoo.addons.base.models.ir_attachment: _file_gc unlinked c:\users\rupesh\appdata\local\openerp s.a\odoo\filestore\odoo_test_1\b6/b60ecb43b13570baf7facb42188a03f62e35da3e 
2025-08-06 16:39:48,083 107224 DEBUG odoo_test_1 odoo.addons.base.models.ir_attachment: _file_gc unlinked c:\users\rupesh\appdata\local\openerp s.a\odoo\filestore\odoo_test_1\b6/b654191941ac9b567c5a9a5e8d2aa3c738955ff9 
2025-08-06 16:39:48,105 107224 DEBUG odoo_test_1 odoo.modules.registry: Multiprocess signaling check: [Registry - 4 -> 4] [Cache - 147 -> 147] 
2025-08-06 16:39:48,106 107224 DEBUG ? odoo.modules.registry: Multiprocess signaling check: [Registry - 4 -> 4] [Cache - 147 -> 147] 
2025-08-06 16:39:48,120 107224 INFO odoo_test_1 werkzeug: 10.2.0.2 - - [06/Aug/2025 16:39:48] "POST /mail/load_message_failures HTTP/1.1" 200 - 3 0.007 0.011
2025-08-06 16:39:48,185 107224 DEBUG odoo_test_1 odoo.addons.base.models.ir_attachment: _file_gc unlinked c:\users\rupesh\appdata\local\openerp s.a\odoo\filestore\odoo_test_1\b7/b72be0cfdf07e1d612570670a78f96c333ac591e 
2025-08-06 16:39:48,213 107224 DEBUG odoo_test_1 odoo.addons.base.models.ir_attachment: _file_gc unlinked c:\users\rupesh\appdata\local\openerp s.a\odoo\filestore\odoo_test_1\b7/b7d884a2d3c8fb1be8721cf4e58e016abd9eaa52 
2025-08-06 16:39:48,230 107224 DEBUG odoo_test_1 odoo.addons.base.models.ir_attachment: _file_gc unlinked c:\users\rupesh\appdata\local\openerp s.a\odoo\filestore\odoo_test_1\b8/b8167ec127905711555f6d5386a564757c1fdbc4 
2025-08-06 16:39:48,234 107224 DEBUG odoo_test_1 odoo.addons.base.models.ir_attachment: _file_gc unlinked c:\users\rupesh\appdata\local\openerp s.a\odoo\filestore\odoo_test_1\b8/b8734a83db75bdc8724501170b81a9475fa61060 
2025-08-06 16:39:48,237 107224 DEBUG odoo_test_1 odoo.addons.base.models.ir_attachment: _file_gc unlinked c:\users\rupesh\appdata\local\openerp s.a\odoo\filestore\odoo_test_1\b8/b8a69d032a6fe5902ad25759e93d19204d7daa69 
2025-08-06 16:39:48,242 107224 DEBUG odoo_test_1 odoo.addons.base.models.ir_attachment: _file_gc unlinked c:\users\rupesh\appdata\local\openerp s.a\odoo\filestore\odoo_test_1\ba/ba869d47ba366a270883cfa4127509ec651fc71d 
2025-08-06 16:39:48,245 107224 DEBUG odoo_test_1 odoo.addons.base.models.ir_attachment: _file_gc unlinked c:\users\rupesh\appdata\local\openerp s.a\odoo\filestore\odoo_test_1\bb/bb64b59d06944e2393fe8024c2d9ecb0cf974104 
2025-08-06 16:39:48,247 107224 DEBUG odoo_test_1 odoo.addons.base.models.ir_attachment: _file_gc unlinked c:\users\rupesh\appdata\local\openerp s.a\odoo\filestore\odoo_test_1\bc/bcc521dd6033e3189d1b382ddebfd1fcc9dd7ad3 
2025-08-06 16:39:48,251 107224 DEBUG odoo_test_1 odoo.addons.base.models.ir_attachment: _file_gc unlinked c:\users\rupesh\appdata\local\openerp s.a\odoo\filestore\odoo_test_1\bd/bd2882eab1ea9e661daa96b442886c352e63d783 
2025-08-06 16:39:48,254 107224 DEBUG odoo_test_1 odoo.addons.base.models.ir_attachment: _file_gc unlinked c:\users\rupesh\appdata\local\openerp s.a\odoo\filestore\odoo_test_1\bd/bdc3ef198f1cb916884bdbda29d68d0610f7ca25 
2025-08-06 16:39:48,257 107224 DEBUG odoo_test_1 odoo.addons.base.models.ir_attachment: _file_gc unlinked c:\users\rupesh\appdata\local\openerp s.a\odoo\filestore\odoo_test_1\be/be0c74e33f794f7b3963856b77a3a5d025027e6a 
2025-08-06 16:39:48,258 107224 DEBUG odoo_test_1 odoo.addons.base.models.ir_attachment: _file_gc unlinked c:\users\rupesh\appdata\local\openerp s.a\odoo\filestore\odoo_test_1\be/be18caca551155976a6c40059908bdc59b02ef35 
2025-08-06 16:39:48,261 107224 DEBUG odoo_test_1 odoo.addons.base.models.ir_attachment: _file_gc unlinked c:\users\rupesh\appdata\local\openerp s.a\odoo\filestore\odoo_test_1\be/bea851dcec5f97c15cec80ea2a075ebd5f452e6b 
2025-08-06 16:39:48,263 107224 DEBUG odoo_test_1 odoo.addons.base.models.ir_attachment: _file_gc unlinked c:\users\rupesh\appdata\local\openerp s.a\odoo\filestore\odoo_test_1\be/bef0e10bcca09a338b71459a35d341fd3e92d986 
2025-08-06 16:39:48,265 107224 DEBUG odoo_test_1 odoo.addons.base.models.ir_attachment: _file_gc unlinked c:\users\rupesh\appdata\local\openerp s.a\odoo\filestore\odoo_test_1\bf/bf4bc2df2f71729c405765ecd7d205f6e8e63591 
2025-08-06 16:39:48,268 107224 DEBUG odoo_test_1 odoo.addons.base.models.ir_attachment: _file_gc unlinked c:\users\rupesh\appdata\local\openerp s.a\odoo\filestore\odoo_test_1\bf/bf9a73b166cb4ba483c26844eda20b826c3ea22a 
2025-08-06 16:39:48,270 107224 DEBUG odoo_test_1 odoo.addons.base.models.ir_attachment: _file_gc unlinked c:\users\rupesh\appdata\local\openerp s.a\odoo\filestore\odoo_test_1\bf/bfba26a4d1ea088555e9b16ccee4c428c079855b 
2025-08-06 16:39:48,273 107224 DEBUG odoo_test_1 odoo.addons.base.models.ir_attachment: _file_gc unlinked c:\users\rupesh\appdata\local\openerp s.a\odoo\filestore\odoo_test_1\c0/c0ee36f012cc4861429e1b36f1f747b22e5901d6 
2025-08-06 16:39:48,275 107224 DEBUG odoo_test_1 odoo.addons.base.models.ir_attachment: _file_gc unlinked c:\users\rupesh\appdata\local\openerp s.a\odoo\filestore\odoo_test_1\c1/c10509873e1c27e7886a4bd9fdb5fb15ca1c0938 
2025-08-06 16:39:48,277 107224 DEBUG odoo_test_1 odoo.addons.base.models.ir_attachment: _file_gc unlinked c:\users\rupesh\appdata\local\openerp s.a\odoo\filestore\odoo_test_1\c1/c16cf9fbf7d81b99d4347f4e2d8ef4b6d8b6afc8 
2025-08-06 16:39:48,279 107224 DEBUG odoo_test_1 odoo.addons.base.models.ir_attachment: _file_gc unlinked c:\users\rupesh\appdata\local\openerp s.a\odoo\filestore\odoo_test_1\c2/c2ae7466f08daa57b882d7dfc5779223ce11b201 
2025-08-06 16:39:48,281 107224 DEBUG odoo_test_1 odoo.addons.base.models.ir_attachment: _file_gc unlinked c:\users\rupesh\appdata\local\openerp s.a\odoo\filestore\odoo_test_1\c2/c2af5a884d4b1f4551ec2b2dd75f8aa2ac395f83 
2025-08-06 16:39:48,283 107224 DEBUG odoo_test_1 odoo.addons.base.models.ir_attachment: _file_gc unlinked c:\users\rupesh\appdata\local\openerp s.a\odoo\filestore\odoo_test_1\c2/c2d432020e5ccbbdd54d0dd4266b32badf62aeb4 
2025-08-06 16:39:48,285 107224 DEBUG odoo_test_1 odoo.addons.base.models.ir_attachment: _file_gc unlinked c:\users\rupesh\appdata\local\openerp s.a\odoo\filestore\odoo_test_1\c3/c3078e26c5a830d74e2483e6f6823efd738b04a6 
2025-08-06 16:39:48,287 107224 DEBUG odoo_test_1 odoo.addons.base.models.ir_attachment: _file_gc unlinked c:\users\rupesh\appdata\local\openerp s.a\odoo\filestore\odoo_test_1\c3/c392e67029df234c3950e4bf33a82eee0063bbab 
2025-08-06 16:39:48,289 107224 DEBUG odoo_test_1 odoo.addons.base.models.ir_attachment: _file_gc unlinked c:\users\rupesh\appdata\local\openerp s.a\odoo\filestore\odoo_test_1\c5/c5d78a8491e1f9b6a883c81a693194281f5971dd 
2025-08-06 16:39:48,291 107224 DEBUG odoo_test_1 odoo.addons.base.models.ir_attachment: _file_gc unlinked c:\users\rupesh\appdata\local\openerp s.a\odoo\filestore\odoo_test_1\c6/c65f92cd7db6ba64a218348483c0c599d1adc66c 
2025-08-06 16:39:48,293 107224 DEBUG odoo_test_1 odoo.addons.base.models.ir_attachment: _file_gc unlinked c:\users\rupesh\appdata\local\openerp s.a\odoo\filestore\odoo_test_1\c6/c6a74791c54536195f9a3cbfb7b16d7a6fa47d6c 
2025-08-06 16:39:48,295 107224 DEBUG odoo_test_1 odoo.addons.base.models.ir_attachment: _file_gc unlinked c:\users\rupesh\appdata\local\openerp s.a\odoo\filestore\odoo_test_1\c7/c753b995b08f5ccb9a95491c82e25fcc2f335075 
2025-08-06 16:39:48,298 107224 DEBUG odoo_test_1 odoo.addons.base.models.ir_attachment: _file_gc unlinked c:\users\rupesh\appdata\local\openerp s.a\odoo\filestore\odoo_test_1\c8/c823bdfd940f4ff5993f5ebd5114e411c2a3dcf9 
2025-08-06 16:39:48,300 107224 DEBUG odoo_test_1 odoo.addons.base.models.ir_attachment: _file_gc unlinked c:\users\rupesh\appdata\local\openerp s.a\odoo\filestore\odoo_test_1\c8/c88e506fb4a8051abf5e318511af095a9aa6a85e 
2025-08-06 16:39:48,302 107224 DEBUG odoo_test_1 odoo.addons.base.models.ir_attachment: _file_gc unlinked c:\users\rupesh\appdata\local\openerp s.a\odoo\filestore\odoo_test_1\c8/c8afea7cb656823df05b2b730309b002106e2f7c 
2025-08-06 16:39:48,304 107224 DEBUG odoo_test_1 odoo.addons.base.models.ir_attachment: _file_gc unlinked c:\users\rupesh\appdata\local\openerp s.a\odoo\filestore\odoo_test_1\c9/c99fb8d111685521f9d33a603f3aa33276e85f8b 
2025-08-06 16:39:48,306 107224 DEBUG odoo_test_1 odoo.addons.base.models.ir_attachment: _file_gc unlinked c:\users\rupesh\appdata\local\openerp s.a\odoo\filestore\odoo_test_1\ca/ca083cc631862e7c5f310af0c48046e0b35f26c3 
2025-08-06 16:39:48,308 107224 DEBUG odoo_test_1 odoo.addons.base.models.ir_attachment: _file_gc unlinked c:\users\rupesh\appdata\local\openerp s.a\odoo\filestore\odoo_test_1\ca/ca21bc40cf70d01f6ea76a86a691e7b93c1598b5 
2025-08-06 16:39:48,310 107224 DEBUG odoo_test_1 odoo.addons.base.models.ir_attachment: _file_gc unlinked c:\users\rupesh\appdata\local\openerp s.a\odoo\filestore\odoo_test_1\cb/cb031cd6ed930b9433d82aac4bb401ddf00c75b1 
2025-08-06 16:39:48,311 107224 DEBUG odoo_test_1 odoo.addons.base.models.ir_attachment: _file_gc unlinked c:\users\rupesh\appdata\local\openerp s.a\odoo\filestore\odoo_test_1\cb/cb386feae49c1afcff75bc23371134009d697dc0 
2025-08-06 16:39:48,312 107224 DEBUG odoo_test_1 odoo.addons.base.models.ir_attachment: _file_gc unlinked c:\users\rupesh\appdata\local\openerp s.a\odoo\filestore\odoo_test_1\cb/cbf523c4abdacbe052ebc4077251a0367b15de37 
2025-08-06 16:39:48,315 107224 DEBUG odoo_test_1 odoo.addons.base.models.ir_attachment: _file_gc unlinked c:\users\rupesh\appdata\local\openerp s.a\odoo\filestore\odoo_test_1\cc/cc759245ded1b3be2c7ba238432941172b34c419 
2025-08-06 16:39:48,316 107224 DEBUG odoo_test_1 odoo.addons.base.models.ir_attachment: _file_gc unlinked c:\users\rupesh\appdata\local\openerp s.a\odoo\filestore\odoo_test_1\cd/cd22b816ddae42318b8397090d7ad7dcdfce6d42 
2025-08-06 16:39:48,318 107224 DEBUG odoo_test_1 odoo.addons.base.models.ir_attachment: _file_gc unlinked c:\users\rupesh\appdata\local\openerp s.a\odoo\filestore\odoo_test_1\ce/ce441f18a2b385bee3d7d3b42004d527b2935e5c 
2025-08-06 16:39:48,320 107224 DEBUG odoo_test_1 odoo.addons.base.models.ir_attachment: _file_gc unlinked c:\users\rupesh\appdata\local\openerp s.a\odoo\filestore\odoo_test_1\ce/ce974daa061a2249c5f3681d9b957d163b0488b4 
2025-08-06 16:39:48,322 107224 DEBUG odoo_test_1 odoo.addons.base.models.ir_attachment: _file_gc unlinked c:\users\rupesh\appdata\local\openerp s.a\odoo\filestore\odoo_test_1\cf/cf6550d154018eabef550707aef03136ef14636d 
2025-08-06 16:39:48,323 107224 DEBUG odoo_test_1 odoo.addons.base.models.ir_attachment: _file_gc unlinked c:\users\rupesh\appdata\local\openerp s.a\odoo\filestore\odoo_test_1\cf/cfdaf33171a0a32ff1edf2756eb6eb43d571d702 
2025-08-06 16:39:48,325 107224 DEBUG odoo_test_1 odoo.addons.base.models.ir_attachment: _file_gc unlinked c:\users\rupesh\appdata\local\openerp s.a\odoo\filestore\odoo_test_1\d0/d0ecd48e6ad0f4ed0ccf125a7244433a2027d153 
2025-08-06 16:39:48,328 107224 DEBUG odoo_test_1 odoo.addons.base.models.ir_attachment: _file_gc unlinked c:\users\rupesh\appdata\local\openerp s.a\odoo\filestore\odoo_test_1\d1/d1015287b2d76f5135d5e9731ef4532d3d55d2b8 
2025-08-06 16:39:48,331 107224 DEBUG odoo_test_1 odoo.addons.base.models.ir_attachment: _file_gc unlinked c:\users\rupesh\appdata\local\openerp s.a\odoo\filestore\odoo_test_1\d2/d295b7c537ea60dbcc7ee9816866dbb314e1b03e 
2025-08-06 16:39:48,332 107224 DEBUG odoo_test_1 odoo.addons.base.models.ir_attachment: _file_gc unlinked c:\users\rupesh\appdata\local\openerp s.a\odoo\filestore\odoo_test_1\d2/d2c5d91225fbc421566c3b71525640c5e8199a24 
2025-08-06 16:39:48,334 107224 DEBUG odoo_test_1 odoo.addons.base.models.ir_attachment: _file_gc unlinked c:\users\rupesh\appdata\local\openerp s.a\odoo\filestore\odoo_test_1\d2/d2df7677906de9788c599d48b74b08f3eddc6507 
2025-08-06 16:39:48,336 107224 DEBUG odoo_test_1 odoo.addons.base.models.ir_attachment: _file_gc unlinked c:\users\rupesh\appdata\local\openerp s.a\odoo\filestore\odoo_test_1\d3/d32f554e4bad07846a7ebe8590ab452d2c1e7023 
2025-08-06 16:39:48,338 107224 DEBUG odoo_test_1 odoo.addons.base.models.ir_attachment: _file_gc unlinked c:\users\rupesh\appdata\local\openerp s.a\odoo\filestore\odoo_test_1\d3/d3af0097f6f2a56491e3526a0881eb1c6630327a 
2025-08-06 16:39:48,340 107224 DEBUG odoo_test_1 odoo.addons.base.models.ir_attachment: _file_gc unlinked c:\users\rupesh\appdata\local\openerp s.a\odoo\filestore\odoo_test_1\d5/d5ac1b7c922ea37e6384fb0e2d2ab66600634d91 
2025-08-06 16:39:48,341 107224 DEBUG odoo_test_1 odoo.addons.base.models.ir_attachment: _file_gc unlinked c:\users\rupesh\appdata\local\openerp s.a\odoo\filestore\odoo_test_1\d6/d6c5e1661ec00fd391aa0af713beecf1e6cbe591 
2025-08-06 16:39:48,344 107224 DEBUG odoo_test_1 odoo.addons.base.models.ir_attachment: _file_gc unlinked c:\users\rupesh\appdata\local\openerp s.a\odoo\filestore\odoo_test_1\d7/d71470ba02462aa43b3ab352285012474b6a39ad 
2025-08-06 16:39:48,345 107224 DEBUG odoo_test_1 odoo.addons.base.models.ir_attachment: _file_gc unlinked c:\users\rupesh\appdata\local\openerp s.a\odoo\filestore\odoo_test_1\d7/d7440478e9144ec71cbb80e4d4cad8a17fcbc9d2 
2025-08-06 16:39:48,346 107224 DEBUG odoo_test_1 odoo.addons.base.models.ir_attachment: _file_gc unlinked c:\users\rupesh\appdata\local\openerp s.a\odoo\filestore\odoo_test_1\d7/d75fafa2e78ff962e2c16ffb12438b735e0995de 
2025-08-06 16:39:48,348 107224 DEBUG odoo_test_1 odoo.addons.base.models.ir_attachment: _file_gc unlinked c:\users\rupesh\appdata\local\openerp s.a\odoo\filestore\odoo_test_1\d7/d7a0f6238ca2019c70f18513556cdc9f3b856946 
2025-08-06 16:39:48,350 107224 DEBUG odoo_test_1 odoo.addons.base.models.ir_attachment: _file_gc unlinked c:\users\rupesh\appdata\local\openerp s.a\odoo\filestore\odoo_test_1\d8/d826b5f068a5d0a14154a9688d82026d2f2a446b 
2025-08-06 16:39:48,351 107224 DEBUG odoo_test_1 odoo.addons.base.models.ir_attachment: _file_gc unlinked c:\users\rupesh\appdata\local\openerp s.a\odoo\filestore\odoo_test_1\d8/d8275fc0a8e71a7ae18151c384465b04fe871e90 
2025-08-06 16:39:48,353 107224 DEBUG odoo_test_1 odoo.addons.base.models.ir_attachment: _file_gc unlinked c:\users\rupesh\appdata\local\openerp s.a\odoo\filestore\odoo_test_1\d8/d8598067d6a921c2ce4f095062881e5d6d391ded 
2025-08-06 16:39:48,354 107224 DEBUG odoo_test_1 odoo.addons.base.models.ir_attachment: _file_gc unlinked c:\users\rupesh\appdata\local\openerp s.a\odoo\filestore\odoo_test_1\d8/d87a59a9ac51fc391dc2cc3d388e818bb7bb2880 
2025-08-06 16:39:48,356 107224 DEBUG odoo_test_1 odoo.addons.base.models.ir_attachment: _file_gc unlinked c:\users\rupesh\appdata\local\openerp s.a\odoo\filestore\odoo_test_1\d9/d91ad2f00bec8d07ec690001df0d20c7680415fa 
2025-08-06 16:39:48,357 107224 DEBUG odoo_test_1 odoo.addons.base.models.ir_attachment: _file_gc unlinked c:\users\rupesh\appdata\local\openerp s.a\odoo\filestore\odoo_test_1\d9/d9d6525e7edd3e3e79070bc6fd8a173e4791d2e0 
2025-08-06 16:39:48,358 107224 DEBUG odoo_test_1 odoo.addons.base.models.ir_attachment: _file_gc unlinked c:\users\rupesh\appdata\local\openerp s.a\odoo\filestore\odoo_test_1\dc/dce1ef201b4c2a471ecb0bbc17d3f449446de1aa 
2025-08-06 16:39:48,360 107224 DEBUG odoo_test_1 odoo.addons.base.models.ir_attachment: _file_gc unlinked c:\users\rupesh\appdata\local\openerp s.a\odoo\filestore\odoo_test_1\dd/ddf9e64ee815d613fc0b43165a88701a139e5261 
2025-08-06 16:39:48,362 107224 DEBUG odoo_test_1 odoo.addons.base.models.ir_attachment: _file_gc unlinked c:\users\rupesh\appdata\local\openerp s.a\odoo\filestore\odoo_test_1\de/de1bbf98132b5df27152ca854649c654dcbcd7c5 
2025-08-06 16:39:48,364 107224 DEBUG odoo_test_1 odoo.addons.base.models.ir_attachment: _file_gc unlinked c:\users\rupesh\appdata\local\openerp s.a\odoo\filestore\odoo_test_1\de/decc61b1212c63a01d322bf1f8bd26e15beb6ec4 
2025-08-06 16:39:48,365 107224 DEBUG odoo_test_1 odoo.addons.base.models.ir_attachment: _file_gc unlinked c:\users\rupesh\appdata\local\openerp s.a\odoo\filestore\odoo_test_1\de/def49d7187e178320372b65f71990900bc3b16f2 
2025-08-06 16:39:48,368 107224 DEBUG odoo_test_1 odoo.addons.base.models.ir_attachment: _file_gc unlinked c:\users\rupesh\appdata\local\openerp s.a\odoo\filestore\odoo_test_1\e1/e11cf7bd89ae1989563b786e26dae08da7399069 
2025-08-06 16:39:48,369 107224 DEBUG odoo_test_1 odoo.addons.base.models.ir_attachment: _file_gc unlinked c:\users\rupesh\appdata\local\openerp s.a\odoo\filestore\odoo_test_1\e1/e17e6bf68fb0b60a9e1a1a07b3b216c8b0ce153b 
2025-08-06 16:39:48,371 107224 DEBUG odoo_test_1 odoo.addons.base.models.ir_attachment: _file_gc unlinked c:\users\rupesh\appdata\local\openerp s.a\odoo\filestore\odoo_test_1\e1/e1bb79c3e7f5a88e2eee16bb2ca60a151ca263a5 
2025-08-06 16:39:48,373 107224 DEBUG odoo_test_1 odoo.addons.base.models.ir_attachment: _file_gc unlinked c:\users\rupesh\appdata\local\openerp s.a\odoo\filestore\odoo_test_1\e1/e1ea1f38b11218e3223d11a2540dfc0b2d65ffa5 
2025-08-06 16:39:48,376 107224 DEBUG odoo_test_1 odoo.addons.base.models.ir_attachment: _file_gc unlinked c:\users\rupesh\appdata\local\openerp s.a\odoo\filestore\odoo_test_1\e3/e3792f96ef651ca36edf61a2315872e83e1dbea5 
2025-08-06 16:39:48,377 107224 DEBUG odoo_test_1 odoo.addons.base.models.ir_attachment: _file_gc unlinked c:\users\rupesh\appdata\local\openerp s.a\odoo\filestore\odoo_test_1\e3/e3d7d492dddef394e987c3ac613c162fdaf975fc 
2025-08-06 16:39:48,378 107224 DEBUG odoo_test_1 odoo.addons.base.models.ir_attachment: _file_gc unlinked c:\users\rupesh\appdata\local\openerp s.a\odoo\filestore\odoo_test_1\e3/e3e3be1df2b2e4769007e2e9419dda0144caf2fe 
2025-08-06 16:39:48,380 107224 DEBUG odoo_test_1 odoo.addons.base.models.ir_attachment: _file_gc unlinked c:\users\rupesh\appdata\local\openerp s.a\odoo\filestore\odoo_test_1\e4/e47388bf77d20b9cd45ba7be5cd60f65913fe470 
2025-08-06 16:39:48,383 107224 DEBUG odoo_test_1 odoo.addons.base.models.ir_attachment: _file_gc unlinked c:\users\rupesh\appdata\local\openerp s.a\odoo\filestore\odoo_test_1\e5/e540fbcc3eb9c5981666d6cd475ddc7061d93d3a 
2025-08-06 16:39:48,385 107224 DEBUG odoo_test_1 odoo.addons.base.models.ir_attachment: _file_gc unlinked c:\users\rupesh\appdata\local\openerp s.a\odoo\filestore\odoo_test_1\e7/e77802bd59cc87cbfafb6aa43ce411b0c8bd7b9c 
2025-08-06 16:39:48,387 107224 DEBUG odoo_test_1 odoo.addons.base.models.ir_attachment: _file_gc unlinked c:\users\rupesh\appdata\local\openerp s.a\odoo\filestore\odoo_test_1\e7/e785e9cf0dedeae2f27db5cc870bdf4833dd6522 
2025-08-06 16:39:48,388 107224 DEBUG odoo_test_1 odoo.addons.base.models.ir_attachment: _file_gc unlinked c:\users\rupesh\appdata\local\openerp s.a\odoo\filestore\odoo_test_1\e7/e796c9f015fffa106f657863053e8dd40af8088e 
2025-08-06 16:39:48,391 107224 DEBUG odoo_test_1 odoo.addons.base.models.ir_attachment: _file_gc unlinked c:\users\rupesh\appdata\local\openerp s.a\odoo\filestore\odoo_test_1\e7/e7eeb06cb2b49453ddad882b5ed484fe90e04404 
2025-08-06 16:39:48,393 107224 DEBUG odoo_test_1 odoo.addons.base.models.ir_attachment: _file_gc unlinked c:\users\rupesh\appdata\local\openerp s.a\odoo\filestore\odoo_test_1\e8/e8533785882f9e7230a13641af4eda89335e41df 
2025-08-06 16:39:48,398 107224 DEBUG odoo_test_1 odoo.addons.base.models.ir_attachment: _file_gc unlinked c:\users\rupesh\appdata\local\openerp s.a\odoo\filestore\odoo_test_1\e9/e90dadc8458480ff562bcd8e802b0dc5da07d3bc 
2025-08-06 16:39:48,400 107224 DEBUG odoo_test_1 odoo.addons.base.models.ir_attachment: _file_gc unlinked c:\users\rupesh\appdata\local\openerp s.a\odoo\filestore\odoo_test_1\e9/e951eb08f7042c5d9fde530ce200760dce2e7066 
2025-08-06 16:39:48,403 107224 DEBUG odoo_test_1 odoo.addons.base.models.ir_attachment: _file_gc unlinked c:\users\rupesh\appdata\local\openerp s.a\odoo\filestore\odoo_test_1\e9/e9608237ba285e47acbd45298abbbf65e7139104 
2025-08-06 16:39:48,404 107224 DEBUG odoo_test_1 odoo.addons.base.models.ir_attachment: _file_gc unlinked c:\users\rupesh\appdata\local\openerp s.a\odoo\filestore\odoo_test_1\e9/e98acf2ce6fd35e626f5bcb348f7ca1895bc1efd 
2025-08-06 16:39:48,406 107224 DEBUG odoo_test_1 odoo.addons.base.models.ir_attachment: _file_gc unlinked c:\users\rupesh\appdata\local\openerp s.a\odoo\filestore\odoo_test_1\e9/e9d06649154339ab273d6b2f5421abce1512a525 
2025-08-06 16:39:48,408 107224 DEBUG odoo_test_1 odoo.addons.base.models.ir_attachment: _file_gc unlinked c:\users\rupesh\appdata\local\openerp s.a\odoo\filestore\odoo_test_1\e9/e9d6aad96b226b0cba46186229a4f16bd954fc74 
2025-08-06 16:39:48,410 107224 DEBUG odoo_test_1 odoo.addons.base.models.ir_attachment: _file_gc unlinked c:\users\rupesh\appdata\local\openerp s.a\odoo\filestore\odoo_test_1\ea/ea05b291ffd39e43195f11be91962c5f828c06e1 
2025-08-06 16:39:48,412 107224 DEBUG odoo_test_1 odoo.addons.base.models.ir_attachment: _file_gc unlinked c:\users\rupesh\appdata\local\openerp s.a\odoo\filestore\odoo_test_1\eb/eb6fe8d637066371de6c59d4982542f3f0c3dada 
2025-08-06 16:39:48,413 107224 DEBUG odoo_test_1 odoo.addons.base.models.ir_attachment: _file_gc unlinked c:\users\rupesh\appdata\local\openerp s.a\odoo\filestore\odoo_test_1\eb/ebf9efb375e97add745ecddfd0bf2b46b30006e0 
2025-08-06 16:39:48,415 107224 DEBUG odoo_test_1 odoo.addons.base.models.ir_attachment: _file_gc unlinked c:\users\rupesh\appdata\local\openerp s.a\odoo\filestore\odoo_test_1\ee/eebaa94a0ca48b5fa72ad8300eb296ee6b1ec648 
2025-08-06 16:39:48,416 107224 DEBUG odoo_test_1 odoo.addons.base.models.ir_attachment: _file_gc unlinked c:\users\rupesh\appdata\local\openerp s.a\odoo\filestore\odoo_test_1\ee/eec4da1908f3f4a3d0633e4527627d019a46cd36 
2025-08-06 16:39:48,417 107224 DEBUG odoo_test_1 odoo.addons.base.models.ir_attachment: _file_gc unlinked c:\users\rupesh\appdata\local\openerp s.a\odoo\filestore\odoo_test_1\ee/eeff8f9c15a7730c2d8c8957a96bb910381d7b66 
2025-08-06 16:39:48,419 107224 DEBUG odoo_test_1 odoo.addons.base.models.ir_attachment: _file_gc unlinked c:\users\rupesh\appdata\local\openerp s.a\odoo\filestore\odoo_test_1\f0/f04846ff561138a4f22148613301bda291ac5105 
2025-08-06 16:39:48,420 107224 DEBUG odoo_test_1 odoo.addons.base.models.ir_attachment: _file_gc unlinked c:\users\rupesh\appdata\local\openerp s.a\odoo\filestore\odoo_test_1\f0/f05c622259b228c737f3e7763df2baebdfcd4000 
2025-08-06 16:39:48,423 107224 DEBUG odoo_test_1 odoo.addons.base.models.ir_attachment: _file_gc unlinked c:\users\rupesh\appdata\local\openerp s.a\odoo\filestore\odoo_test_1\f0/f0ad82b8c81a00412664fc903690a2ac50bc0f0e 
2025-08-06 16:39:48,425 107224 DEBUG odoo_test_1 odoo.addons.base.models.ir_attachment: _file_gc unlinked c:\users\rupesh\appdata\local\openerp s.a\odoo\filestore\odoo_test_1\f1/f172c448434a1bb0da7ef401913644a2f5f3111a 
2025-08-06 16:39:48,427 107224 DEBUG odoo_test_1 odoo.addons.base.models.ir_attachment: _file_gc unlinked c:\users\rupesh\appdata\local\openerp s.a\odoo\filestore\odoo_test_1\f1/f19d9938e65e96c9cb71c2a49d723402d71b3194 
2025-08-06 16:39:48,428 107224 DEBUG odoo_test_1 odoo.addons.base.models.ir_attachment: _file_gc unlinked c:\users\rupesh\appdata\local\openerp s.a\odoo\filestore\odoo_test_1\f1/f1c00c4d30e76c11d1f34ff521d51e167bf111ef 
2025-08-06 16:39:48,430 107224 DEBUG odoo_test_1 odoo.addons.base.models.ir_attachment: _file_gc unlinked c:\users\rupesh\appdata\local\openerp s.a\odoo\filestore\odoo_test_1\f1/f1e9b653ac3bf3ff67a06ec2bc175f8db5c56333 
2025-08-06 16:39:48,431 107224 DEBUG odoo_test_1 odoo.addons.base.models.ir_attachment: _file_gc unlinked c:\users\rupesh\appdata\local\openerp s.a\odoo\filestore\odoo_test_1\f4/f46961e294fcfeea609317b325eb4cf8c0e23e8c 
2025-08-06 16:39:48,432 107224 DEBUG odoo_test_1 odoo.addons.base.models.ir_attachment: _file_gc unlinked c:\users\rupesh\appdata\local\openerp s.a\odoo\filestore\odoo_test_1\f5/f535d3cb4929829d6bf62552174822e24d8d44f3 
2025-08-06 16:39:48,434 107224 DEBUG odoo_test_1 odoo.addons.base.models.ir_attachment: _file_gc unlinked c:\users\rupesh\appdata\local\openerp s.a\odoo\filestore\odoo_test_1\f6/f67fee1c27f72de628435b2fdfda33e1c210e169 
2025-08-06 16:39:48,436 107224 DEBUG odoo_test_1 odoo.addons.base.models.ir_attachment: _file_gc unlinked c:\users\rupesh\appdata\local\openerp s.a\odoo\filestore\odoo_test_1\f7/f71cc566ae7f3e0c677458b934525cbed62ab118 
2025-08-06 16:39:48,437 107224 DEBUG odoo_test_1 odoo.addons.base.models.ir_attachment: _file_gc unlinked c:\users\rupesh\appdata\local\openerp s.a\odoo\filestore\odoo_test_1\f7/f7e9b11ea6f4b7e47d5d6fa20de47de5971c38ce 
2025-08-06 16:39:48,439 107224 DEBUG odoo_test_1 odoo.addons.base.models.ir_attachment: _file_gc unlinked c:\users\rupesh\appdata\local\openerp s.a\odoo\filestore\odoo_test_1\f8/f8a24f4afe2464a39394babdcb7843d3280dd10a 
2025-08-06 16:39:48,440 107224 DEBUG odoo_test_1 odoo.addons.base.models.ir_attachment: _file_gc unlinked c:\users\rupesh\appdata\local\openerp s.a\odoo\filestore\odoo_test_1\f8/f8d744d4b1d18128e7b56509d518c90b99cca719 
2025-08-06 16:39:48,441 107224 DEBUG odoo_test_1 odoo.addons.base.models.ir_attachment: _file_gc unlinked c:\users\rupesh\appdata\local\openerp s.a\odoo\filestore\odoo_test_1\f8/f8f00b65b668ddd0c130dc51b087b017b6455df7 
2025-08-06 16:39:48,443 107224 DEBUG odoo_test_1 odoo.addons.base.models.ir_attachment: _file_gc unlinked c:\users\rupesh\appdata\local\openerp s.a\odoo\filestore\odoo_test_1\f9/f9e4c6ead78fb25254cdeee843748362e8043b1f 
2025-08-06 16:39:48,445 107224 DEBUG odoo_test_1 odoo.addons.base.models.ir_attachment: _file_gc unlinked c:\users\rupesh\appdata\local\openerp s.a\odoo\filestore\odoo_test_1\f9/f9f6ca9b12feda8447ba8d42d24fb15501a91948 
2025-08-06 16:39:48,446 107224 DEBUG odoo_test_1 odoo.addons.base.models.ir_attachment: _file_gc unlinked c:\users\rupesh\appdata\local\openerp s.a\odoo\filestore\odoo_test_1\fa/fa1191fbce46a9251109275bff83b3967a8e8fce 
2025-08-06 16:39:48,447 107224 DEBUG odoo_test_1 odoo.addons.base.models.ir_attachment: _file_gc unlinked c:\users\rupesh\appdata\local\openerp s.a\odoo\filestore\odoo_test_1\fa/fa64eb57c6a8676f2c6b4a898f21efbc1f17a24f 
2025-08-06 16:39:48,449 107224 DEBUG odoo_test_1 odoo.addons.base.models.ir_attachment: _file_gc unlinked c:\users\rupesh\appdata\local\openerp s.a\odoo\filestore\odoo_test_1\fb/fb345567d3a48f945e1414d0541ff94a8761b5bd 
2025-08-06 16:39:48,450 107224 DEBUG odoo_test_1 odoo.addons.base.models.ir_attachment: _file_gc unlinked c:\users\rupesh\appdata\local\openerp s.a\odoo\filestore\odoo_test_1\fb/fb99eb54838a8f9a18d0972924dd2cd9c0e06c56 
2025-08-06 16:39:48,452 107224 DEBUG odoo_test_1 odoo.addons.base.models.ir_attachment: _file_gc unlinked c:\users\rupesh\appdata\local\openerp s.a\odoo\filestore\odoo_test_1\fb/fbd747052a5bbef2cf3c17fb46ec14e64d2e7fc4 
2025-08-06 16:39:48,454 107224 DEBUG odoo_test_1 odoo.addons.base.models.ir_attachment: _file_gc unlinked c:\users\rupesh\appdata\local\openerp s.a\odoo\filestore\odoo_test_1\fe/fe3a8e50b19f5d34792ad30f8e1b2c5e4ea5f491 
2025-08-06 16:39:48,456 107224 DEBUG odoo_test_1 odoo.addons.base.models.ir_attachment: _file_gc unlinked c:\users\rupesh\appdata\local\openerp s.a\odoo\filestore\odoo_test_1\fe/fe6782adde6a25376f558b42b077dc586aafc78b 
2025-08-06 16:39:48,457 107224 DEBUG odoo_test_1 odoo.addons.base.models.ir_attachment: _file_gc unlinked c:\users\rupesh\appdata\local\openerp s.a\odoo\filestore\odoo_test_1\fe/fee3234d7be136d6e0a6e85999de4f25e8678eb1 
2025-08-06 16:39:48,459 107224 DEBUG odoo_test_1 odoo.addons.base.models.ir_attachment: _file_gc unlinked c:\users\rupesh\appdata\local\openerp s.a\odoo\filestore\odoo_test_1\ff/ff0c737c49ddc2d8230bd623f37208cdd88ecd57 
2025-08-06 16:39:48,460 107224 DEBUG odoo_test_1 odoo.addons.base.models.ir_attachment: _file_gc unlinked c:\users\rupesh\appdata\local\openerp s.a\odoo\filestore\odoo_test_1\ff/ff3038459fc306d9fca23fdc6e592eff088cea39 
2025-08-06 16:39:48,463 107224 DEBUG odoo_test_1 odoo.addons.base.models.ir_attachment: _file_gc unlinked c:\users\rupesh\appdata\local\openerp s.a\odoo\filestore\odoo_test_1\ff/ff4cb5ca6624f4df09984e52f97f4e049cbea23b 
2025-08-06 16:39:48,464 107224 DEBUG odoo_test_1 odoo.addons.base.models.ir_attachment: _file_gc unlinked c:\users\rupesh\appdata\local\openerp s.a\odoo\filestore\odoo_test_1\ff/ff50a1087413bf197dbe3a868f45b89f3966d4a5 
2025-08-06 16:39:48,465 107224 DEBUG odoo_test_1 odoo.addons.base.models.ir_attachment: _file_gc unlinked c:\users\rupesh\appdata\local\openerp s.a\odoo\filestore\odoo_test_1\ff/ff62236ccc2bdee8ce0e6dc187269e8b0d787d25 
2025-08-06 16:39:48,466 107224 DEBUG odoo_test_1 odoo.addons.base.models.ir_attachment: _file_gc unlinked c:\users\rupesh\appdata\local\openerp s.a\odoo\filestore\odoo_test_1\ff/ff7ba28c730684f8e963ea97a9dc567ac460f230 
2025-08-06 16:39:48,468 107224 DEBUG odoo_test_1 odoo.addons.base.models.ir_attachment: _file_gc unlinked c:\users\rupesh\appdata\local\openerp s.a\odoo\filestore\odoo_test_1\ff/ff860cb538b120a816488f880c6afd49eb7a8fe7 
2025-08-06 16:39:48,469 107224 INFO odoo_test_1 odoo.addons.base.models.ir_attachment: filestore gc 514 checked, 415 removed 
2025-08-06 16:39:48,472 107224 DEBUG odoo_test_1 odoo.addons.base.models.ir_autovacuum: Calling ir.cron.trigger()._gc_cron_triggers() 
2025-08-06 16:39:48,517 107224 DEBUG odoo_test_1 odoo.addons.base.models.ir_autovacuum: Calling ir.http()._gc_sessions() 
2025-08-06 16:39:48,537 107224 DEBUG odoo_test_1 odoo.addons.base.models.ir_autovacuum: Calling ir.demo()._transient_vacuum() 
2025-08-06 16:39:48,542 107224 DEBUG odoo_test_1 odoo.addons.base.models.ir_autovacuum: Calling ir.demo_failure()._transient_vacuum() 
2025-08-06 16:39:48,547 107224 DEBUG odoo_test_1 odoo.addons.base.models.ir_autovacuum: Calling ir.demo_failure.wizard()._transient_vacuum() 
2025-08-06 16:39:48,552 107224 DEBUG odoo_test_1 odoo.addons.base.models.ir_autovacuum: Calling ir.profile()._gc_profile() 
2025-08-06 16:39:48,557 107224 DEBUG odoo_test_1 odoo.addons.base.models.ir_autovacuum: Calling base.enable.profiling.wizard()._transient_vacuum() 
2025-08-06 16:39:48,587 107224 DEBUG odoo_test_1 odoo.addons.base.models.ir_autovacuum: Calling res.config()._transient_vacuum() 
2025-08-06 16:39:48,593 107224 DEBUG odoo_test_1 odoo.addons.base.models.ir_autovacuum: Calling res.config.installer()._transient_vacuum() 
2025-08-06 16:39:48,598 107224 DEBUG odoo_test_1 odoo.addons.base.models.ir_autovacuum: Calling res.config.settings()._transient_vacuum() 
2025-08-06 16:39:48,663 107224 INFO odoo_test_1 odoo.models.unlink: User #1 deleted res.config.settings records with IDs: [126, 143, 152, 163, 173, 133, 134, 144, 153, 154, 164, 165, 174, 135, 136, 145, 155, 166, 175, 177, 137, 146, 156, 167, 176, 138, 147, 157, 168, 178, 139, 148, 158, 169, 93, 94, 95, 96, 97, 98, 99, 92, 179, 180, 140, 149, 159, 170, 181, 100, 103, 104, 105, 108, 111, 114, 117, 119, 141, 150, 160, 101, 106, 109, 112, 115, 118, 161, 171, 182, 183, 142, 151, 162, 172, 102, 107, 110, 113, 116, 120, 121, 122, 123, 124, 125] 
2025-08-06 16:39:48,676 107224 DEBUG odoo_test_1 odoo.addons.base.models.ir_autovacuum: Calling res.users.log()._gc_user_logs() 
2025-08-06 16:39:48,682 107224 INFO odoo_test_1 odoo.addons.base.models.res_users: GC'd 2 user log entries 
2025-08-06 16:39:48,687 107224 DEBUG odoo_test_1 odoo.addons.base.models.ir_autovacuum: Calling res.users.identitycheck()._transient_vacuum() 
2025-08-06 16:39:48,692 107224 DEBUG odoo_test_1 odoo.addons.base.models.ir_autovacuum: Calling change.password.wizard()._transient_vacuum() 
2025-08-06 16:39:48,696 107224 DEBUG odoo_test_1 odoo.addons.base.models.ir_autovacuum: Calling change.password.user()._transient_vacuum() 
2025-08-06 16:39:48,700 107224 DEBUG odoo_test_1 odoo.addons.base.models.ir_autovacuum: Calling change.password.own()._transient_vacuum() 
2025-08-06 16:39:48,706 107224 DEBUG odoo_test_1 odoo.addons.base.models.ir_autovacuum: Calling res.users.apikeys.description()._transient_vacuum() 
2025-08-06 16:39:48,716 107224 DEBUG odoo_test_1 odoo.addons.base.models.ir_autovacuum: Calling res.users.deletion()._gc_portal_users() 
2025-08-06 16:39:48,724 107224 DEBUG odoo_test_1 odoo.addons.base.models.ir_autovacuum: Calling base.module.update()._transient_vacuum() 
2025-08-06 16:39:48,730 107224 DEBUG odoo_test_1 odoo.addons.base.models.ir_autovacuum: Calling base.language.install()._transient_vacuum() 
2025-08-06 16:39:48,735 107224 DEBUG odoo_test_1 odoo.addons.base.models.ir_autovacuum: Calling base.language.import()._transient_vacuum() 
2025-08-06 16:39:48,741 107224 DEBUG odoo_test_1 odoo.addons.base.models.ir_autovacuum: Calling base.module.upgrade()._transient_vacuum() 
2025-08-06 16:39:48,748 107224 DEBUG odoo_test_1 odoo.addons.base.models.ir_autovacuum: Calling base.module.uninstall()._transient_vacuum() 
2025-08-06 16:39:48,759 107224 DEBUG odoo_test_1 odoo.addons.base.models.ir_autovacuum: Calling base.language.export()._transient_vacuum() 
2025-08-06 16:39:48,768 107224 DEBUG odoo_test_1 odoo.addons.base.models.ir_autovacuum: Calling base.partner.merge.line()._transient_vacuum() 
2025-08-06 16:39:48,778 107224 DEBUG odoo_test_1 odoo.addons.base.models.ir_autovacuum: Calling base.partner.merge.automatic.wizard()._transient_vacuum() 
2025-08-06 16:39:48,788 107224 DEBUG odoo_test_1 odoo.addons.base.models.ir_autovacuum: Calling base.document.layout()._transient_vacuum() 
2025-08-06 16:39:48,793 107224 DEBUG odoo_test_1 odoo.addons.base.models.ir_autovacuum: Calling auth_totp.device()._gc_device() 
2025-08-06 16:39:48,798 107224 INFO odoo_test_1 odoo.addons.auth_totp.models.auth_totp: GC'd 0 totp devices entries 
2025-08-06 16:39:48,799 107224 DEBUG odoo_test_1 odoo.addons.base.models.ir_autovacuum: Calling auth_totp.wizard()._transient_vacuum() 
2025-08-06 16:39:48,810 107224 DEBUG odoo_test_1 odoo.addons.base.models.ir_autovacuum: Calling base_import.import()._transient_vacuum() 
2025-08-06 16:39:48,832 107224 DEBUG odoo_test_1 odoo.addons.base.models.ir_autovacuum: Calling bus.bus()._gc_messages() 
2025-08-06 16:39:48,925 107224 INFO odoo_test_1 odoo.models.unlink: User #1 deleted bus.bus records with IDs: [928, 929, 930, 931, 932, 933, 934, 935, 936, 937, 938, 939, 940, 941, 942, 943, 944, 945, 946, 947, 948, 949, 950, 951, 952, 953, 954, 955, 956, 957, 958, 959, 960, 961, 962, 963, 964, 965, 966, 967, 968, 969, 970, 971, 972, 973, 974, 975, 976, 977, 978, 979, 980, 981, 982, 983, 984, 985, 986, 987, 988, 989, 990, 991, 992, 993, 994, 995, 996, 997, 998, 999, 1000, 1001, 1002, 1003, 1004, 1005, 1006, 1007, 1008, 1009, 1010, 1011, 1012, 1013, 1014, 1015, 1016, 1017, 1018, 1019, 1020, 1021, 1022, 1023, 1024, 1025, 1026, 1027, 1028, 1029, 1030, 1031, 1032, 1033, 1034, 1035, 1036, 1037, 1038, 1039, 1040, 1041, 1042, 1043, 1044, 1045, 1046, 1047, 1048, 1049, 1050, 1051, 1052, 1053, 1054, 1055, 1056, 1057, 1058, 1059, 1060, 1061, 1062, 1063, 1064, 1065, 1066, 1067, 1068, 1069, 1070, 1071, 1072, 1073, 1074, 1075, 1076, 1077, 1078, 1079, 1080, 1081, 1082, 1083, 1084, 1085, 1086, 1087, 1088, 1089, 1090, 1091, 1092, 1093, 1094, 1095, 1096, 1097, 1098, 1099, 1100, 1101, 1102, 1103, 1104, 1105, 1106, 1107, 1108, 1109, 1110, 1111, 1112, 1113, 1114, 1115, 1116, 1117, 1118, 1119, 1120, 1121, 1122, 1123, 1124, 1125, 1126, 1127, 1128, 1129, 1130, 1131, 1132, 1133, 1134, 1135, 1136, 1137, 1138, 1139, 1140, 1141, 1142, 1143, 1144, 1145, 1146, 1147, 1148, 1149, 1150, 1151, 1152, 1153, 1154, 1155, 1156, 1157, 1158, 1159, 1160, 1161, 1162, 1163, 1164, 1165, 1166, 1167, 1168, 1169, 1170, 1171, 1172, 1173, 1174, 1175, 1176, 1177, 1178, 1179, 1180, 1181, 1182, 1183, 1184, 1185, 1186, 1187, 1188, 1189, 1190, 1191, 1192, 1193, 1194, 1195, 1196, 1197, 1198, 1199, 1200, 1201, 1202, 1203, 1204, 1205, 1206, 1207, 1208, 1209, 1210, 1211, 1212, 1213, 1214, 1215, 1216, 1217, 1218, 1219, 1220, 1221, 1222, 1223, 1224, 1225, 1226, 1227, 1228, 1229, 1230, 1231, 1232, 1233, 1234, 1235, 1236, 1237, 1238, 1239, 1240, 1241, 1242, 1243, 1244, 1245, 1246, 1247, 1248, 1249, 1250, 1251, 1252, 1253, 1254, 1255, 1256, 1257, 1258, 1259, 1260, 1261, 1262, 1263, 1264, 1265, 1266, 1267, 1268, 1269, 1270, 1271, 1272, 1273, 1274, 1275, 1276, 1277, 1278, 1279, 1280, 1281, 1282, 1283, 1284, 1285, 1286, 1287, 1288, 1289, 1290, 1291, 1292, 1293, 1294, 1295, 1296, 1297, 1298, 1299, 1300, 1301, 1302, 1303, 1304, 1305, 1306, 1307, 1308, 1309, 1310, 1311, 1312, 1313, 1314, 1315, 1316, 1317, 1318, 1319, 1320, 1321, 1322, 1323, 1324, 1325, 1326, 1327, 1328, 1329, 1330, 1331, 1332, 1333, 1334, 1335, 1336, 1337, 1340, 1341, 1342, 1343, 1344, 1345, 1346, 1347, 1348, 1350, 1351, 1352, 1353, 1354, 1355, 1356, 1357, 1358, 1359, 1360, 1361, 1362, 1363, 1364, 1365, 1366, 1367, 1368, 1369, 1370, 1371, 1372, 1373, 1374, 1375, 1376, 1377, 1378, 1379, 1380, 1381, 1382, 1383, 1384, 1385, 1386, 1387, 1388, 1389, 1390, 1391, 1392, 1393, 1394, 1395, 1396, 1397, 1398, 1399, 1400, 1401, 1402, 1403, 1404, 1405, 1406, 1407, 1408, 1409, 1410, 1411, 1412, 1413, 1414, 1415, 1416, 1417, 1418, 1419, 1420, 1421, 1422, 1423, 1424, 1425, 1426, 1427, 1428, 1429, 1430, 1431, 1432, 1433, 1434, 1435, 1436, 1437, 1438, 1439, 1440, 1441, 1442, 1443, 1444, 1445, 1446, 1447, 1448, 1449, 1450, 1451, 1452, 1453, 1454, 1455, 1456, 1457, 1458, 1459, 1460, 1461, 1462, 1463, 1464, 1465, 1466, 1467, 1468, 1469, 1470, 1471, 1472, 1473, 1474, 1475, 1476, 1477, 1478, 1479, 1480, 1481, 1482, 1483, 1484, 1485, 1486, 1487, 1488, 1489, 1490, 1491, 1492, 1493, 1494, 1495, 1496, 1497, 1498, 1499, 1500, 1501, 1502, 1503, 1504, 1505, 1506, 1507, 1508, 1509, 1510, 1511, 1512, 1513, 1514, 1515, 1516, 1517, 1518, 1519, 1520, 1521, 1522, 1523, 1524, 1525, 1526, 1527, 1528, 1529, 1530, 1531, 1532, 1533, 1534, 1535, 1536, 1537, 1538, 1539, 1540, 1541, 1542, 1543, 1544, 1545, 1546, 1547, 1548, 1549, 1550, 1551, 1552, 1553, 1554, 1555, 1556, 1557, 1558, 1559, 1560, 1561, 1562, 1563, 1564, 1565, 1566, 1567, 1568, 1569, 1570, 1571, 1572, 1573, 1574, 1575, 1576, 1577, 1578, 1579, 1580, 1581, 1582, 1583, 1584, 1585, 1586, 1587, 1588, 1589, 1590, 1591, 1592, 1593, 1594, 1595, 1596, 1597, 1598, 1599, 1600, 1601, 1602, 1603, 1604, 1605, 1606, 1607, 1608, 1609, 1610, 1611, 1612, 1613, 1614, 1615, 1616, 1617, 1618, 1619, 1620, 1621, 1622, 1623, 1624, 1625, 1626, 1627, 1628, 1629, 1630, 1631, 1632, 1633, 1634, 1635, 1636, 1637, 1638, 1639, 1640, 1641, 1642, 1643, 1644, 1645, 1646, 1647, 1648, 1649, 1650, 1651, 1652, 1653, 1654, 1655, 1656, 1657, 1658, 1659, 1660, 1661, 1662, 1663, 1664, 1665, 1666, 1667, 1668, 1669, 1670, 1671, 1672, 1673, 1674, 1675, 1676, 1677, 1678, 1679, 1680, 1681, 1682, 1683, 1684, 1685, 1686, 1687, 1688, 1689, 1690, 1691, 1692, 1693, 1694, 1695, 1696, 1697, 1698, 1699, 1700, 1701, 1702, 1703, 1704, 1705, 1706, 1707, 1708, 1709, 1710, 1711, 1712, 1713, 1714, 1715, 1716, 1717, 1718, 1719, 1720, 1721, 1722, 1723, 1724, 1725, 1726, 1727, 1728, 1729, 1730, 1731, 1732, 1733, 1734, 1735, 1736, 1737, 1738, 1739, 1740, 1741, 1742, 1743, 1744, 1745, 1746, 1747, 1748, 1749, 1750, 1751, 1752, 1753, 1754, 1755, 1756, 1757, 1758, 1759, 1760, 1761, 1762, 1763, 1764, 1765, 1766, 1767, 1768, 1769, 1770, 1771, 1772, 1773, 1774, 1775, 1776, 1777, 1778, 1779, 1780, 1781, 1782, 1783, 1784, 1785, 1786, 1787, 1788, 1789, 1790, 1791, 1792, 1793, 1794, 1795, 1796, 1797, 1798, 1799, 1800, 1801, 1802, 1803, 1804, 1805, 1806, 1807, 1808, 1809, 1810, 1811, 1812, 1813, 1814, 1815, 1816, 1817, 1818, 1819, 1820, 1821, 1822, 1823, 1824, 1825, 1826, 1827, 1828, 1829, 1830, 1831, 1832, 1833, 1834, 1835, 1836, 1837, 1838, 1839, 1840, 1841, 1842, 1843, 1844, 1845, 1846, 1847, 1848, 1849, 1850, 1851, 1852, 1853, 1854, 1855, 1856, 1857, 1858, 1859, 1860, 1861, 1862, 1863, 1864, 1865, 1866, 1867, 1868, 1869, 1870, 1871, 1872, 1873, 1874, 1875, 1876, 1877, 1878, 1879, 1880, 1881, 1882, 1883, 1884, 1885, 1886, 1887, 1888, 1889, 1890, 1891, 1892, 1893, 1894, 1895, 1896, 1897, 1898, 1899, 1900, 1901, 1902, 1903, 1904, 1905, 1906, 1907, 1908, 1909, 1910, 1911, 1912, 1913, 1914, 1915, 1916, 1917, 1918, 1919, 1920, 1921, 1922, 1923, 1924, 1925, 1926, 1927, 1928, 1929, 1930, 1931, 1932, 1933, 1934, 1935, 1936, 1937, 1938, 1939, 1940, 1941, 1942, 1943, 1944, 1945, 1946, 1947, 1948, 1949, 1950, 1951, 1952, 1953, 1954, 1955, 1956, 1957, 1958, 1959, 1960, 1961, 1962, 1963, 1964, 1965, 1966, 1967, 1968, 1969, 1970, 1971, 1972, 1973, 1974, 1975, 1976, 1977, 1978, 1979, 1980, 1981, 1982, 1983, 1984, 1985, 1986, 1987, 1988, 1989, 1990, 1991, 1992, 1993, 1994, 1995, 1996, 1997, 1998, 1999, 2000, 2001, 2002, 2003, 2004, 2005, 2006, 2007, 2008, 2009, 2010, 2011, 2012, 2013, 2014, 2015, 2016, 2017, 2018, 2019, 2020, 2021, 2022, 2023, 2024, 2025, 2026, 2027, 2028, 2029, 2030, 2031, 2032, 2033, 2034, 2035, 2036, 2037, 2038, 2039, 2040, 2041, 2042, 2043, 2044, 2045, 2046, 2047, 2048, 2049, 2050, 2051, 2052, 2053, 2054, 2055, 2056, 2057, 2058, 2059, 2060, 2061, 2062, 2063, 2064, 2065, 2066, 2067, 2068, 2069, 2070, 2071, 2072, 2073, 2074, 2075, 2076, 2077, 2078, 2079, 2080, 2081, 2082, 2083, 2084, 2085, 2086, 2087, 2088, 2089, 2090, 2091, 2092, 2093, 2094, 2095, 2096, 2097, 2098, 2099, 2100, 2101, 2102, 2103, 2104, 2105, 2106, 2107, 2108, 2109, 2110, 2111, 2112, 2113, 2114, 2115, 2116, 2117, 2118, 2119, 2120, 2121, 2122, 2123, 2124, 2125, 2126, 2127, 2128, 2129, 2130, 2131, 2132, 2133, 2134, 2135, 2136, 2137, 2138, 2139, 2140, 2141, 2142, 2143, 2144, 2145, 2146, 2147, 2148, 2149, 2150, 2151, 2152, 2153, 2154, 2155, 2156, 2157, 2158, 2159, 2160, 2161, 2162, 2163, 2164, 2165, 2166, 2167, 2168, 2169, 2170, 2171, 2172, 2173, 2174, 2175, 2176, 2177, 2178, 2179, 2180, 2181, 2182, 2183, 2184, 2185, 2186, 2187, 2188, 2189, 2190, 2191, 2192, 2193, 2194, 2195, 2196, 2197, 2198, 2199, 2200, 2201, 2202, 2203, 2204, 2205, 2206, 2207, 2208, 2209, 2210, 2211, 2212, 2213, 2214, 2215, 2216, 2217, 2218, 2219, 2220, 2221, 2222, 2223, 2224, 2225, 2226, 2227, 2228, 2229, 2230, 2231, 2232, 2233, 2234, 2235, 2236, 2237, 2238, 2239, 2240, 2241, 2242, 2243, 2244, 2245, 2246, 2247, 2248, 2249, 2250, 2251, 2252, 2253, 2254, 2255, 2256, 2257, 2258, 2259, 2260, 2261, 2262, 2263, 2264, 2265, 2266, 2267, 2268, 2269, 2270, 2271, 2272, 2273, 2274, 2275, 2276, 2277, 2278, 2279, 2280, 2281, 2282, 2283, 2284, 2285, 2286, 2287, 2288, 2289, 2290, 2291, 2292, 2293, 2294, 2295, 2296, 2297, 2298, 2299, 2300, 2301, 2302, 2303, 2304, 2305, 2306, 2307, 2308, 2309, 2310, 2311, 2312] 
2025-08-06 16:39:48,984 107224 DEBUG odoo_test_1 odoo.addons.base.models.ir_autovacuum: Calling mail.channel.rtc.session()._gc_inactive_sessions() 
2025-08-06 16:39:49,008 107224 DEBUG odoo_test_1 odoo.addons.base.models.ir_autovacuum: Calling mail.blacklist.remove()._transient_vacuum() 
2025-08-06 16:39:49,017 107224 DEBUG odoo_test_1 odoo.addons.base.models.ir_autovacuum: Calling mail.compose.message()._gc_lost_attachments() 
2025-08-06 16:39:49,018 107224 DEBUG odoo_test_1 odoo.addons.base.models.ir_autovacuum: Calling mail.compose.message()._transient_vacuum() 
2025-08-06 16:39:49,023 107224 DEBUG odoo_test_1 odoo.addons.base.models.ir_autovacuum: Calling mail.resend.message()._transient_vacuum() 
2025-08-06 16:39:49,028 107224 DEBUG odoo_test_1 odoo.addons.base.models.ir_autovacuum: Calling mail.resend.partner()._transient_vacuum() 
2025-08-06 16:39:49,033 107224 DEBUG odoo_test_1 odoo.addons.base.models.ir_autovacuum: Calling mail.template.preview()._transient_vacuum() 
2025-08-06 16:39:49,037 107224 DEBUG odoo_test_1 odoo.addons.base.models.ir_autovacuum: Calling mail.template.reset()._transient_vacuum() 
2025-08-06 16:39:49,041 107224 DEBUG odoo_test_1 odoo.addons.base.models.ir_autovacuum: Calling mail.wizard.invite()._transient_vacuum() 
2025-08-06 16:39:49,055 107224 DEBUG odoo_test_1 odoo.addons.base.models.ir_autovacuum: Calling base.module.install.request()._transient_vacuum() 
2025-08-06 16:39:49,059 107224 DEBUG odoo_test_1 odoo.addons.base.models.ir_autovacuum: Calling base.module.install.review()._transient_vacuum() 
2025-08-06 16:39:49,069 107224 DEBUG odoo_test_1 odoo.addons.base.models.ir_autovacuum: Calling phone.blacklist.remove()._transient_vacuum() 
2025-08-06 16:39:49,074 107224 DEBUG odoo_test_1 odoo.addons.base.models.ir_autovacuum: Calling privacy.lookup.wizard()._transient_vacuum() 
2025-08-06 16:39:49,080 107224 DEBUG odoo_test_1 odoo.addons.base.models.ir_autovacuum: Calling privacy.lookup.wizard.line()._transient_vacuum() 
2025-08-06 16:39:49,113 107224 DEBUG odoo_test_1 odoo.addons.base.models.ir_autovacuum: Calling product.label.layout()._transient_vacuum() 
2025-08-06 16:39:49,129 107224 DEBUG odoo_test_1 odoo.addons.base.models.ir_autovacuum: Calling portal.share()._transient_vacuum() 
2025-08-06 16:39:49,133 107224 DEBUG odoo_test_1 odoo.addons.base.models.ir_autovacuum: Calling portal.wizard()._transient_vacuum() 
2025-08-06 16:39:49,137 107224 DEBUG odoo_test_1 odoo.addons.base.models.ir_autovacuum: Calling portal.wizard.user()._transient_vacuum() 
2025-08-06 16:39:49,146 107224 DEBUG odoo_test_1 odoo.addons.base.models.ir_autovacuum: Calling sms.composer()._transient_vacuum() 
2025-08-06 16:39:49,152 107224 DEBUG odoo_test_1 odoo.addons.base.models.ir_autovacuum: Calling sms.resend.recipient()._transient_vacuum() 
2025-08-06 16:39:49,156 107224 DEBUG odoo_test_1 odoo.addons.base.models.ir_autovacuum: Calling sms.resend()._transient_vacuum() 
2025-08-06 16:39:49,161 107224 DEBUG odoo_test_1 odoo.addons.base.models.ir_autovacuum: Calling sms.template.preview()._transient_vacuum() 
2025-08-06 16:39:49,164 107224 DEBUG odoo_test_1 odoo.addons.base.models.ir_autovacuum: Calling sms.template.reset()._transient_vacuum() 
2025-08-06 16:39:49,171 107224 DEBUG odoo_test_1 odoo.addons.base.models.ir_autovacuum: Calling snailmail.letter.format.error()._transient_vacuum() 
2025-08-06 16:39:49,176 107224 DEBUG odoo_test_1 odoo.addons.base.models.ir_autovacuum: Calling snailmail.letter.missing.required.fields()._transient_vacuum() 
2025-08-06 16:39:49,192 107224 DEBUG odoo_test_1 odoo.addons.base.models.ir_autovacuum: Calling payment.link.wizard()._transient_vacuum() 
2025-08-06 16:39:49,201 107224 DEBUG odoo_test_1 odoo.addons.base.models.ir_autovacuum: Calling payment.provider.onboarding.wizard()._transient_vacuum() 
2025-08-06 16:39:49,256 107224 DEBUG odoo_test_1 odoo.addons.base.models.ir_autovacuum: Calling account.automatic.entry.wizard()._transient_vacuum() 
2025-08-06 16:39:49,264 107224 DEBUG odoo_test_1 odoo.addons.base.models.ir_autovacuum: Calling account.unreconcile()._transient_vacuum() 
2025-08-06 16:39:49,268 107224 DEBUG odoo_test_1 odoo.addons.base.models.ir_autovacuum: Calling validate.account.move()._transient_vacuum() 
2025-08-06 16:39:49,271 107224 DEBUG odoo_test_1 odoo.addons.base.models.ir_autovacuum: Calling account.move.reversal()._transient_vacuum() 
2025-08-06 16:39:49,276 107224 DEBUG odoo_test_1 odoo.addons.base.models.ir_autovacuum: Calling account.resequence.wizard()._transient_vacuum() 
2025-08-06 16:39:49,282 107224 DEBUG odoo_test_1 odoo.addons.base.models.ir_autovacuum: Calling account.financial.year.op()._transient_vacuum() 
2025-08-06 16:39:49,286 107224 DEBUG odoo_test_1 odoo.addons.base.models.ir_autovacuum: Calling account.setup.bank.manual.config()._transient_vacuum() 
2025-08-06 16:39:49,290 107224 DEBUG odoo_test_1 odoo.addons.base.models.ir_autovacuum: Calling account.invoice.send()._transient_vacuum() 
2025-08-06 16:39:49,293 107224 DEBUG odoo_test_1 odoo.addons.base.models.ir_autovacuum: Calling account.payment.register()._transient_vacuum() 
2025-08-06 16:39:49,298 107224 DEBUG odoo_test_1 odoo.addons.base.models.ir_autovacuum: Calling account.tour.upload.bill()._transient_vacuum() 
2025-08-06 16:39:49,301 107224 DEBUG odoo_test_1 odoo.addons.base.models.ir_autovacuum: Calling account.tour.upload.bill.email.confirm()._transient_vacuum() 
2025-08-06 16:39:49,305 107224 DEBUG odoo_test_1 odoo.addons.base.models.ir_autovacuum: Calling account.accrued.orders.wizard()._transient_vacuum() 
2025-08-06 16:39:49,321 107224 DEBUG odoo_test_1 odoo.addons.base.models.ir_autovacuum: Calling stock.warehouse.orderpoint()._unlink_processed_orderpoints() 
2025-08-06 16:39:49,370 107224 DEBUG odoo_test_1 odoo.addons.base.models.ir_autovacuum: Calling stock.traceability.report()._transient_vacuum() 
2025-08-06 16:39:49,376 107224 DEBUG odoo_test_1 odoo.addons.base.models.ir_autovacuum: Calling stock.assign.serial()._transient_vacuum() 
2025-08-06 16:39:49,381 107224 DEBUG odoo_test_1 odoo.addons.base.models.ir_autovacuum: Calling stock.return.picking.line()._transient_vacuum() 
2025-08-06 16:39:49,385 107224 DEBUG odoo_test_1 odoo.addons.base.models.ir_autovacuum: Calling stock.return.picking()._transient_vacuum() 
2025-08-06 16:39:49,388 107224 DEBUG odoo_test_1 odoo.addons.base.models.ir_autovacuum: Calling stock.change.product.qty()._transient_vacuum() 
2025-08-06 16:39:49,392 107224 DEBUG odoo_test_1 odoo.addons.base.models.ir_autovacuum: Calling stock.inventory.conflict()._transient_vacuum() 
2025-08-06 16:39:49,397 107224 DEBUG odoo_test_1 odoo.addons.base.models.ir_autovacuum: Calling stock.inventory.warning()._transient_vacuum() 
2025-08-06 16:39:49,401 107224 DEBUG odoo_test_1 odoo.addons.base.models.ir_autovacuum: Calling stock.inventory.adjustment.name()._transient_vacuum() 
2025-08-06 16:39:49,404 107224 DEBUG odoo_test_1 odoo.addons.base.models.ir_autovacuum: Calling picking.label.type()._transient_vacuum() 
2025-08-06 16:39:49,409 107224 DEBUG odoo_test_1 odoo.addons.base.models.ir_autovacuum: Calling lot.label.layout()._transient_vacuum() 
2025-08-06 16:39:49,414 107224 DEBUG odoo_test_1 odoo.addons.base.models.ir_autovacuum: Calling stock.scheduler.compute()._transient_vacuum() 
2025-08-06 16:39:49,418 107224 DEBUG odoo_test_1 odoo.addons.base.models.ir_autovacuum: Calling stock.immediate.transfer.line()._transient_vacuum() 
2025-08-06 16:39:49,424 107224 DEBUG odoo_test_1 odoo.addons.base.models.ir_autovacuum: Calling stock.immediate.transfer()._transient_vacuum() 
2025-08-06 16:39:49,429 107224 DEBUG odoo_test_1 odoo.addons.base.models.ir_autovacuum: Calling stock.backorder.confirmation.line()._transient_vacuum() 
2025-08-06 16:39:49,433 107224 DEBUG odoo_test_1 odoo.addons.base.models.ir_autovacuum: Calling stock.backorder.confirmation()._transient_vacuum() 
2025-08-06 16:39:49,438 107224 DEBUG odoo_test_1 odoo.addons.base.models.ir_autovacuum: Calling stock.quantity.history()._transient_vacuum() 
2025-08-06 16:39:49,442 107224 DEBUG odoo_test_1 odoo.addons.base.models.ir_autovacuum: Calling stock.rules.report()._transient_vacuum() 
2025-08-06 16:39:49,448 107224 DEBUG odoo_test_1 odoo.addons.base.models.ir_autovacuum: Calling stock.warn.insufficient.qty.scrap()._transient_vacuum() 
2025-08-06 16:39:49,453 107224 DEBUG odoo_test_1 odoo.addons.base.models.ir_autovacuum: Calling product.replenish()._transient_vacuum() 
2025-08-06 16:39:49,456 107224 DEBUG odoo_test_1 odoo.addons.base.models.ir_autovacuum: Calling stock.track.confirmation()._transient_vacuum() 
2025-08-06 16:39:49,461 107224 DEBUG odoo_test_1 odoo.addons.base.models.ir_autovacuum: Calling stock.track.line()._transient_vacuum() 
2025-08-06 16:39:49,466 107224 DEBUG odoo_test_1 odoo.addons.base.models.ir_autovacuum: Calling stock.package.destination()._transient_vacuum() 
2025-08-06 16:39:49,471 107224 DEBUG odoo_test_1 odoo.addons.base.models.ir_autovacuum: Calling stock.orderpoint.snooze()._transient_vacuum() 
2025-08-06 16:39:49,476 107224 DEBUG odoo_test_1 odoo.addons.base.models.ir_autovacuum: Calling stock.request.count()._transient_vacuum() 
2025-08-06 16:39:49,481 107224 DEBUG odoo_test_1 odoo.addons.base.models.ir_autovacuum: Calling stock.replenishment.info()._transient_vacuum() 
2025-08-06 16:39:49,484 107224 DEBUG odoo_test_1 odoo.addons.base.models.ir_autovacuum: Calling stock.replenishment.option()._transient_vacuum() 
2025-08-06 16:39:49,490 107224 DEBUG odoo_test_1 odoo.addons.base.models.ir_autovacuum: Calling payment.refund.wizard()._transient_vacuum() 
2025-08-06 16:39:49,496 107224 DEBUG odoo_test_1 odoo.addons.base.models.ir_autovacuum: Calling snailmail.confirm.invoice()._transient_vacuum() 
2025-08-06 16:39:49,501 107224 DEBUG odoo_test_1 odoo.addons.base.models.ir_autovacuum: Calling stock.valuation.layer.revaluation()._transient_vacuum() 
2025-08-06 16:39:49,506 107224 DEBUG odoo_test_1 odoo.addons.base.models.ir_autovacuum: Calling confirm.stock.sms()._transient_vacuum() 
2025-08-06 16:39:49,526 107224 INFO odoo_test_1 odoo.addons.base.models.ir_cron: Job `Base: Auto-vacuum internal data` done. 
2025-08-06 16:39:49,527 107224 DEBUG odoo_test_1 odoo.addons.base.models.ir_cron: 2.362s (cron Base: Auto-vacuum internal data, server action 33 with uid 1) 
2025-08-06 16:39:49,529 107224 DEBUG odoo_test_1 odoo.addons.base.models.ir_cron: job 1 updated and released 
2025-08-06 16:39:49,531 107224 DEBUG odoo_test_1 odoo.addons.base.models.ir_cron: job 7 acquired 
2025-08-06 16:39:49,537 107224 DEBUG odoo_test_1 odoo.modules.registry: Multiprocess signaling check: [Registry - 4 -> 4] [Cache - 147 -> 147] 
2025-08-06 16:39:49,538 107224 DEBUG odoo_test_1 odoo.addons.base.models.ir_cron: cron.object.execute('odoo_test_1', 1, '*', 'Users: Notify About Unregistered Users', 133) 
2025-08-06 16:39:49,538 107224 INFO odoo_test_1 odoo.addons.base.models.ir_cron: Starting job `Users: Notify About Unregistered Users`. 
2025-08-06 16:39:49,555 107224 INFO odoo_test_1 odoo.addons.base.models.ir_cron: Job `Users: Notify About Unregistered Users` done. 
2025-08-06 16:39:49,555 107224 DEBUG odoo_test_1 odoo.addons.base.models.ir_cron: 0.016s (cron Users: Notify About Unregistered Users, server action 133 with uid 1) 
2025-08-06 16:39:49,557 107224 DEBUG odoo_test_1 odoo.addons.base.models.ir_cron: job 7 updated and released 
2025-08-06 16:39:49,558 107224 DEBUG odoo_test_1 odoo.addons.base.models.ir_cron: job 4 acquired 
2025-08-06 16:39:49,563 107224 DEBUG odoo_test_1 odoo.modules.registry: Multiprocess signaling check: [Registry - 4 -> 4] [Cache - 147 -> 147] 
2025-08-06 16:39:49,564 107224 DEBUG odoo_test_1 odoo.addons.base.models.ir_cron: cron.object.execute('odoo_test_1', 
2025-08-06 16:39:49,564 107224 DEBUG odoo_test_1 odoo.addons.base.models.ir_cron:                     1, 
2025-08-06 16:39:49,565 107224 DEBUG odoo_test_1 odoo.addons.base.models.ir_cron:                     '*', 
2025-08-06 16:39:49,565 107224 DEBUG odoo_test_1 odoo.addons.base.models.ir_cron:                     'Notification: Delete Notifications older than 6 Month', 
2025-08-06 16:39:49,565 107224 DEBUG odoo_test_1 odoo.addons.base.models.ir_cron:                     122) 
2025-08-06 16:39:49,565 107224 INFO odoo_test_1 odoo.addons.base.models.ir_cron: Starting job `Notification: Delete Notifications older than 6 Month`. 
2025-08-06 16:39:49,580 107224 INFO odoo_test_1 odoo.addons.base.models.ir_cron: Job `Notification: Delete Notifications older than 6 Month` done. 
2025-08-06 16:39:49,580 107224 DEBUG odoo_test_1 odoo.addons.base.models.ir_cron: 0.015s (cron Notification: Delete Notifications older than 6 Month, server action 122 with uid 1) 
2025-08-06 16:39:49,582 107224 DEBUG odoo_test_1 odoo.addons.base.models.ir_cron: job 4 updated and released 
2025-08-06 16:39:49,583 107224 DEBUG odoo_test_1 odoo.addons.base.models.ir_cron: job 12 acquired 
2025-08-06 16:39:49,588 107224 DEBUG odoo_test_1 odoo.modules.registry: Multiprocess signaling check: [Registry - 4 -> 4] [Cache - 147 -> 147] 
2025-08-06 16:39:49,589 107224 DEBUG odoo_test_1 odoo.addons.base.models.ir_cron: cron.object.execute('odoo_test_1', 1, '*', 'Procurement: run scheduler', 188) 
2025-08-06 16:39:49,589 107224 INFO odoo_test_1 odoo.addons.base.models.ir_cron: Starting job `Procurement: run scheduler`. 
2025-08-06 16:39:49,731 107224 INFO odoo_test_1 odoo.addons.stock.models.stock_rule: _run_scheduler_tasks is finished and committed 
2025-08-06 16:39:49,732 107224 INFO odoo_test_1 odoo.addons.base.models.ir_cron: Job `Procurement: run scheduler` done. 
2025-08-06 16:39:49,732 107224 DEBUG odoo_test_1 odoo.addons.base.models.ir_cron: 0.143s (cron Procurement: run scheduler, server action 188 with uid 1) 
2025-08-06 16:39:49,733 107224 DEBUG odoo_test_1 odoo.addons.base.models.ir_cron: job 12 updated and released 
2025-08-06 16:39:49,735 107224 DEBUG odoo_test_1 odoo.addons.base.models.ir_cron: job 2 acquired 
2025-08-06 16:39:49,739 107224 DEBUG odoo_test_1 odoo.modules.registry: Multiprocess signaling check: [Registry - 4 -> 4] [Cache - 147 -> 147] 
2025-08-06 16:39:49,740 107224 DEBUG odoo_test_1 odoo.addons.base.models.ir_cron: cron.object.execute('odoo_test_1', 1, '*', 'Mail: Email Queue Manager', 120) 
2025-08-06 16:39:49,740 107224 INFO odoo_test_1 odoo.addons.base.models.ir_cron: Starting job `Mail: Email Queue Manager`. 
2025-08-06 16:39:49,755 107224 INFO odoo_test_1 odoo.addons.base.models.ir_cron: Job `Mail: Email Queue Manager` done. 
2025-08-06 16:39:49,756 107224 DEBUG odoo_test_1 odoo.addons.base.models.ir_cron: 0.016s (cron Mail: Email Queue Manager, server action 120 with uid 1) 
2025-08-06 16:39:49,759 107224 DEBUG odoo_test_1 odoo.addons.base.models.ir_cron: job 2 updated and released 
2025-08-06 16:39:51,046 107224 DEBUG ? odoo.service.server: cron1 polling for jobs 
2025-08-06 16:40:49,098 107224 DEBUG odoo_test_1 odoo.modules.registry: Multiprocess signaling check: [Registry - 4 -> 4] [Cache - 147 -> 147] 
2025-08-06 16:40:49,770 107224 DEBUG ? odoo.service.server: cron0 polling for jobs 
2025-08-06 16:40:52,077 107224 DEBUG ? odoo.service.server: cron1 polling for jobs 
2025-08-06 16:41:49,780 107224 DEBUG ? odoo.service.server: cron0 polling for jobs 
2025-08-06 16:41:50,084 107224 DEBUG odoo_test_1 odoo.modules.registry: Multiprocess signaling check: [Registry - 4 -> 4] [Cache - 147 -> 147] 
2025-08-06 16:41:53,095 107224 DEBUG ? odoo.service.server: cron1 polling for jobs 
2025-08-06 16:42:49,798 107224 DEBUG ? odoo.service.server: cron0 polling for jobs 
2025-08-06 16:42:51,092 107224 DEBUG odoo_test_1 odoo.modules.registry: Multiprocess signaling check: [Registry - 4 -> 4] [Cache - 147 -> 147] 
2025-08-06 16:42:54,119 107224 DEBUG ? odoo.service.server: cron1 polling for jobs 
2025-08-06 16:43:49,842 107224 DEBUG ? odoo.service.server: cron0 polling for jobs 
2025-08-06 16:43:52,094 107224 DEBUG odoo_test_1 odoo.modules.registry: Multiprocess signaling check: [Registry - 4 -> 4] [Cache - 147 -> 147] 
2025-08-06 16:43:55,137 107224 DEBUG ? odoo.service.server: cron1 polling for jobs 
2025-08-06 16:44:01,543 107224 INFO ? werkzeug: 10.2.0.2 - - [06/Aug/2025 16:44:01] "GET /web/static/lib/odoo_ui_icons/fonts/odoo_ui_icons.woff2 HTTP/1.1" 304 - 0 0.000 0.022
2025-08-06 16:44:01,630 107224 DEBUG ? odoo.modules.registry: Multiprocess signaling check: [Registry - 4 -> 4] [Cache - 147 -> 147] 
2025-08-06 16:44:01,662 107224 INFO ? werkzeug: 10.2.0.2 - - [06/Aug/2025 16:44:01] "GET /mail/static/src/audio/ting.ogg HTTP/1.1" 206 - 0 0.000 0.034
2025-08-06 16:44:01,666 107224 INFO odoo_test_1 werkzeug: 10.2.0.2 - - [06/Aug/2025 16:44:01] "POST /web/action/load HTTP/1.1" 200 - 8 0.028 0.012
2025-08-06 16:44:01,717 107224 DEBUG ? odoo.modules.registry: Multiprocess signaling check: [Registry - 4 -> 4] [Cache - 147 -> 147] 
2025-08-06 16:44:01,811 107224 INFO odoo_test_1 werkzeug: 10.2.0.2 - - [06/Aug/2025 16:44:01] "GET /web/image?model=res.users&field=avatar_128&id=2 HTTP/1.1" 304 - 19 0.067 0.051
2025-08-06 16:44:01,818 107224 DEBUG ? odoo.modules.registry: Multiprocess signaling check: [Registry - 4 -> 4] [Cache - 147 -> 147] 
2025-08-06 16:44:01,880 107224 INFO odoo_test_1 werkzeug: 10.2.0.2 - - [06/Aug/2025 16:44:01] "POST /mail/inbox/messages HTTP/1.1" 200 - 11 0.054 0.010
2025-08-06 16:44:02,079 107224 DEBUG ? odoo.modules.registry: Multiprocess signaling check: [Registry - 4 -> 4] [Cache - 147 -> 147] 
2025-08-06 16:44:02,139 107224 INFO odoo_test_1 werkzeug: 10.2.0.2 - - [06/Aug/2025 16:44:02] "GET /web/image/res.partner/2/avatar_128 HTTP/1.1" 200 - 22 0.036 0.027
2025-08-06 16:44:14,676 107224 DEBUG ? odoo.modules.registry: Multiprocess signaling check: [Registry - 4 -> 4] [Cache - 147 -> 147] 
2025-08-06 16:44:14,721 107224 INFO odoo_test_1 werkzeug: 10.2.0.2 - - [06/Aug/2025 16:44:14] "POST /web/action/load HTTP/1.1" 200 - 10 0.032 0.015
2025-08-06 16:44:14,949 107224 DEBUG ? odoo.modules.registry: Multiprocess signaling check: [Registry - 4 -> 4] [Cache - 147 -> 147] 
2025-08-06 16:44:14,952 107224 DEBUG odoo_test_1 odoo.api: call res.config.settings().get_views(options={'action_id': 88, 'load_filters': False, 'toolbar': False}, views=[[False, 'form']]) 
2025-08-06 16:44:15,834 107224 INFO odoo_test_1 werkzeug: 10.2.0.2 - - [06/Aug/2025 16:44:15] "POST /web/dataset/call_kw/res.config.settings/get_views HTTP/1.1" 200 - 60 0.107 0.783
2025-08-06 16:44:15,957 107224 DEBUG ? odoo.modules.registry: Multiprocess signaling check: [Registry - 4 -> 4] [Cache - 147 -> 147] 
2025-08-06 16:44:15,960 107224 DEBUG odoo_test_1 odoo.api: call res.config.settings().onchange({}, [], {'active_user_count': '', 'language_count': '', 'company_id': '1', 'company_name': '', 'company_informations': '', 'external_report_layout_id': '', 'company_count': '', 'primary_color': '', 'secondary_color': '', 'product_weight_in_lbs': '', 'product_volume_volume_in_cubic_feet': '', 'external_email_server_default': '', 'alias_domain': '', 'module_google_gmail': '1', 'google_gmail_client_identifier': '', 'google_gmail_client_secret': '', 'module_microsoft_outlook': '1', 'use_twilio_rtc_servers': '', 'twilio_account_sid': '', 'twilio_account_token': '', 'restrict_template_rendering': '', 'digest_emails': '', 'digest_id': '', 'module_partner_autocomplete': '1', 'auth_signup_uninvited': '', 'auth_signup_reset_password': '', 'user_default_rights': '', 'portal_allow_api_keys': '', 'module_base_import': '1', 'show_effect': '', 'module_mail_plugin': '1', 'module_microsoft_calendar': '1', 'module_google_calendar': '1', 'module_product_images': '1', 'module_auth_oauth': '1', 'module_auth_ldap': '1', 'module_web_unsplash': '1', 'unsplash_access_key': '', 'unsplash_app_id': '', 'module_base_geolocalize': '1', 'module_google_recaptcha': '1', 'profiling_enabled_until': '', 'commercium_domain': '', 'commercium_db': '', 'commercium_username': '', 'commercium_password': '', 'platform_connected': '', 'group_stock_tracking_lot': '', 'module_stock_picking_batch': '1', 'group_stock_picking_wave': '', 'group_warning_stock': '', 'module_quality_control': '1', 'module_quality_control_worksheet': '1', 'annual_inventory_day': '', 'annual_inventory_month': '', 'group_stock_reception_report': '', 'module_stock_barcode': '1', 'stock_move_email_validation': '', 'stock_move_sms_validation': '', 'stock_sms_confirmation_template_id': '', 'group_stock_sign_delivery': '', 'module_delivery': '1', 'module_delivery_bpost': '1', 'module_delivery_easypost': '1', 'module_delivery_sendcloud': '1', 'group_product_variant': '1', 'group_uom': '', 'group_stock_packaging': '', 'group_stock_production_lot': '1', 'group_stock_lot_print_gs1': '', 'module_product_expiry': '1', 'group_lot_on_delivery_slip': '', 'group_stock_tracking_owner': '', 'module_stock_landed_costs': '1', 'group_lot_on_invoice': '', 'group_stock_multi_locations': '1', 'group_stock_adv_location': '1', 'group_stock_storage_categories': '', 'country_code': '', 'has_chart_of_accounts': '', 'has_accounting_entries': '', 'chart_template_id': '', 'sale_tax_id': '', 'purchase_tax_id': '', 'tax_calculation_rounding_method': '', 'early_pay_discount_computation': '', 'module_account_taxcloud': '1', 'module_l10n_eu_oss': '1', 'tax_exigibility': '1', 'account_fiscal_country_id': '', 'currency_id': '', 'group_multi_currency': '', 'module_currency_rate_live': '1', 'invoice_is_print': '', 'invoice_is_email': '', 'invoice_is_snailmail': '', 'module_snailmail_account': '1', 'snailmail_color': '', 'snailmail_duplex': '', 'snailmail_cover': '', 'group_sale_delivery_address': '', 'show_line_subtotals_tax_selection': '1', 'group_show_line_subtotals_tax_excluded': '', 'group_show_line_subtotals_tax_included': '', 'group_warning_account': '', 'group_cash_rounding': '', 'module_account_intrastat': '1', 'incoterm_id': '', 'group_show_sale_receipts': '', 'use_invoice_terms': '', 'terms_type': '1', 'invoice_terms': '', 'preview_ready': '', 'account_use_credit_limit': '', 'account_default_credit_limit': '', 'module_account_payment': '1', 'module_account_batch_payment': '1', 'module_account_sepa_direct_debit': '1', 'qr_code': '', 'group_show_purchase_receipts': '', 'module_account_sepa': '1', 'module_account_invoice_extract': '1', 'module_product_margin': '1', 'account_storno': '', 'quick_edit_mode': ''}) 
2025-08-06 16:44:16,203 107224 INFO odoo_test_1 werkzeug: 10.2.0.2 - - [06/Aug/2025 16:44:16] "POST /web/dataset/call_kw/res.config.settings/onchange HTTP/1.1" 200 - 133 0.191 0.058
2025-08-06 16:44:16,783 107224 DEBUG ? odoo.modules.registry: Multiprocess signaling check: [Registry - 4 -> 4] [Cache - 147 -> 147] 
2025-08-06 16:44:16,794 107224 INFO odoo_test_1 werkzeug: 10.2.0.2 - - [06/Aug/2025 16:44:16] "POST /base_setup/demo_active HTTP/1.1" 200 - 4 0.008 0.005
2025-08-06 16:44:16,831 107224 DEBUG ? odoo.modules.registry: Multiprocess signaling check: [Registry - 4 -> 4] [Cache - 147 -> 147] 
2025-08-06 16:44:16,851 107224 INFO odoo_test_1 werkzeug: 10.2.0.2 - - [06/Aug/2025 16:44:16] "POST /base_setup/data HTTP/1.1" 200 - 6 0.016 0.006
2025-08-06 16:44:17,074 107224 DEBUG ? odoo.modules.registry: Multiprocess signaling check: [Registry - 4 -> 4] [Cache - 147 -> 147] 
2025-08-06 16:44:17,138 107224 DEBUG odoo_test_1 odoo.addons.http_routing.models.ir_http: '/null/static/description/icon.png' (lang: 'en') no lang in url and default website, continue 
2025-08-06 16:44:17,537 107224 WARNING odoo_test_1 odoo.addons.base.models.ir_qweb: Found deprecated directive @t-esc="title or 'Odoo'" in template 181. Replace by @t-out 
2025-08-06 16:44:17,541 107224 WARNING odoo_test_1 odoo.addons.base.models.ir_qweb: Found deprecated directive @t-esc='request.csrf_token(None)' in template 181. Replace by @t-out 
2025-08-06 16:44:17,542 107224 WARNING odoo_test_1 odoo.addons.base.models.ir_qweb: Found deprecated directive @t-esc='debug' in template 181. Replace by @t-out 
2025-08-06 16:44:18,314 107224 INFO odoo_test_1 odoo.addons.base.models.assetsbundle: Failed to find attachment for assets /web/assets/%-ddb6cce/web.assets_frontend.css 
2025-08-06 16:44:32,318 107224 DEBUG ? odoo.modules.registry: Multiprocess signaling check: [Registry - 4 -> 4] [Cache - 147 -> 147] 
2025-08-06 16:44:32,320 107224 DEBUG odoo_test_1 odoo.api: call res.config.settings().create({'company_id': 1, 'primary_color': False, 'secondary_color': False, 'product_weight_in_lbs': '0', 'product_volume_volume_in_cubic_feet': '0', 'external_email_server_default': False, 'alias_domain': False, 'module_google_gmail': True, 'google_gmail_client_identifier': False, 'google_gmail_client_secret': False, 'module_microsoft_outlook': False, 'use_twilio_rtc_servers': False, 'twilio_account_sid': False, 'twilio_account_token': False, 'restrict_template_rendering': False, 'digest_emails': True, 'digest_id': 1, 'module_partner_autocomplete': True, 'auth_signup_uninvited': 'b2c', 'auth_signup_reset_password': True, 'user_default_rights': False, 'portal_allow_api_keys': False, 'module_base_import': True, 'show_effect': True, 'module_mail_plugin': False, 'module_microsoft_calendar': False, 'module_google_calendar': False, 'module_product_images': False, 'module_auth_oauth': False, 'module_auth_ldap': False, 'module_web_unsplash': True, 'unsplash_access_key': False, 'unsplash_app_id': False, 'module_base_geolocalize': False, 'module_google_recaptcha': False, 'profiling_enabled_until': False, 'platform_connected': True, 'group_stock_tracking_lot': False, 'module_stock_picking_batch': False, 'group_stock_picking_wave': False, 'group_warning_stock': False, 'module_quality_control': False, 'module_quality_control_worksheet': False, 'annual_inventory_day': 31, 'annual_inventory_month': '12', 'group_stock_reception_report': False, 'module_stock_barcode': False, 'stock_move_email_validation': False, 'stock_move_sms_validation': True, 'stock_sms_confirmation_template_id': 1, 'group_stock_sign_delivery': False, 'module_delivery': False, 'module_delivery_bpost': False, 'module_delivery_easypost': False, 'module_delivery_sendcloud': False, 'group_product_variant': False, 'group_uom': False, 'group_stock_packaging': False, 'group_stock_production_lot': False, 'group_stock_lot_print_gs1': False, 'module_product_expiry': False, 'group_lot_on_delivery_slip': False, 'group_stock_tracking_owner': False, 'module_stock_landed_costs': False, 'group_lot_on_invoice': False, 'group_stock_multi_locations': False, 'group_stock_adv_location': False, 'group_stock_storage_categories': False, 'chart_template_id': False, 'sale_tax_id': False, 'purchase_tax_id': False, 'tax_calculation_rounding_method': 'round_per_line', 'early_pay_discount_computation': 'included', 'module_account_taxcloud': False, 'module_l10n_eu_oss': False, 'tax_exigibility': False, 'account_fiscal_country_id': 104, 'currency_id': 21, 'group_multi_currency': True, 'module_currency_rate_live': False, 'invoice_is_print': True, 'invoice_is_email': True, 'invoice_is_snailmail': False, 'module_snailmail_account': True, 'snailmail_color': True, 'snailmail_duplex': False, 'snailmail_cover': False, 'group_sale_delivery_address': False, 'show_line_subtotals_tax_selection': 'tax_excluded', 'group_show_line_subtotals_tax_excluded': True, 'group_show_line_subtotals_tax_included': False, 'group_warning_account': False, 'group_cash_rounding': False, 'module_account_intrastat': False, 'incoterm_id': False, 'group_show_sale_receipts': False, 'use_invoice_terms': False, 'terms_type': 'plain', 'invoice_terms': False, 'account_use_credit_limit': False, 'account_default_credit_limit': 0, 'module_account_payment': True, 'module_account_batch_payment': False, 'module_account_sepa_direct_debit': False, 'qr_code': False, 'group_show_purchase_receipts': False, 'module_account_sepa': False, 'module_account_invoice_extract': False, 'module_product_margin': False, 'account_storno': False, 'quick_edit_mode': False}) 
2025-08-06 16:44:32,349 107224 INFO ? werkzeug: 10.2.0.2 - - [06/Aug/2025 16:44:32] "GET /web/static/img/spin.svg HTTP/1.1" 304 - 0 0.000 0.033
2025-08-06 16:44:32,466 107224 INFO odoo_test_1 odoo.modules.registry: At least one model cache has been invalidated, signaling through the database. 
2025-08-06 16:44:32,468 107224 INFO odoo_test_1 werkzeug: 10.2.0.2 - - [06/Aug/2025 16:44:32] "POST /web/dataset/call_kw/res.config.settings/create HTTP/1.1" 200 - 48 0.116 0.048
2025-08-06 16:44:32,584 107224 INFO odoo_test_1 odoo.addons.base.models.assetsbundle: Failed to find attachment for assets /web/assets/%-ddb6cce/web.assets_frontend.css.map 
2025-08-06 16:44:32,599 107224 INFO odoo_test_1 odoo.addons.base.models.assetsbundle: Deleting ir.attachment [551] (from bundle web.assets_frontend) 
2025-08-06 16:44:32,799 107224 DEBUG ? odoo.modules.registry: Multiprocess signaling check: [Registry - 4 -> 4] [Cache - 148 -> 148] 
2025-08-06 16:44:32,834 107224 DEBUG odoo_test_1 odoo.api: call res.config.settings(184,).read(['active_user_count', 'language_count', 'company_id', 'company_name', 'company_informations', 'external_report_layout_id', 'company_count', 'primary_color', 'secondary_color', 'product_weight_in_lbs', 'product_volume_volume_in_cubic_feet', 'external_email_server_default', 'alias_domain', 'module_google_gmail', 'google_gmail_client_identifier', 'google_gmail_client_secret', 'module_microsoft_outlook', 'use_twilio_rtc_servers', 'twilio_account_sid', 'twilio_account_token', 'restrict_template_rendering', 'digest_emails', 'digest_id', 'module_partner_autocomplete', 'auth_signup_uninvited', 'auth_signup_reset_password', 'user_default_rights', 'portal_allow_api_keys', 'module_base_import', 'show_effect', 'module_mail_plugin', 'module_microsoft_calendar', 'module_google_calendar', 'module_product_images', 'module_auth_oauth', 'module_auth_ldap', 'module_web_unsplash', 'unsplash_access_key', 'unsplash_app_id', 'module_base_geolocalize', 'module_google_recaptcha', 'profiling_enabled_until', 'commercium_domain', 'commercium_db', 'commercium_username', 'commercium_password', 'platform_connected', 'group_stock_tracking_lot', 'module_stock_picking_batch', 'group_stock_picking_wave', 'group_warning_stock', 'module_quality_control', 'module_quality_control_worksheet', 'annual_inventory_day', 'annual_inventory_month', 'group_stock_reception_report', 'module_stock_barcode', 'stock_move_email_validation', 'stock_move_sms_validation', 'stock_sms_confirmation_template_id', 'group_stock_sign_delivery', 'module_delivery', 'module_delivery_bpost', 'module_delivery_easypost', 'module_delivery_sendcloud', 'group_product_variant', 'group_uom', 'group_stock_packaging', 'group_stock_production_lot', 'group_stock_lot_print_gs1', 'module_product_expiry', 'group_lot_on_delivery_slip', 'group_stock_tracking_owner', 'module_stock_landed_costs', 'group_lot_on_invoice', 'group_stock_multi_locations', 'group_stock_adv_location', 'group_stock_storage_categories', 'country_code', 'has_chart_of_accounts', 'has_accounting_entries', 'chart_template_id', 'sale_tax_id', 'purchase_tax_id', 'tax_calculation_rounding_method', 'early_pay_discount_computation', 'module_account_taxcloud', 'module_l10n_eu_oss', 'tax_exigibility', 'account_fiscal_country_id', 'currency_id', 'group_multi_currency', 'module_currency_rate_live', 'invoice_is_print', 'invoice_is_email', 'invoice_is_snailmail', 'module_snailmail_account', 'snailmail_color', 'snailmail_duplex', 'snailmail_cover', 'group_sale_delivery_address', 'show_line_subtotals_tax_selection', 'group_show_line_subtotals_tax_excluded', 'group_show_line_subtotals_tax_included', 'group_warning_account', 'group_cash_rounding', 'module_account_intrastat', 'incoterm_id', 'group_show_sale_receipts', 'use_invoice_terms', 'terms_type', 'invoice_terms', 'preview_ready', 'account_use_credit_limit', 'account_default_credit_limit', 'module_account_payment', 'module_account_batch_payment', 'module_account_sepa_direct_debit', 'qr_code', 'group_show_purchase_receipts', 'module_account_sepa', 'module_account_invoice_extract', 'module_product_margin', 'account_storno', 'quick_edit_mode', 'display_name']) 
2025-08-06 16:44:32,840 107224 INFO odoo_test_1 odoo.addons.base.models.assetsbundle: Deleting ir.attachment [552] (from bundle web.assets_frontend) 
2025-08-06 16:44:33,014 107224 INFO odoo_test_1 werkzeug: 10.2.0.2 - - [06/Aug/2025 16:44:33] "POST /web/dataset/call_kw/res.config.settings/read HTTP/1.1" 200 - 43 0.187 0.031
2025-08-06 16:44:33,331 107224 DEBUG ? odoo.modules.registry: Multiprocess signaling check: [Registry - 4 -> 4] [Cache - 148 -> 148] 
2025-08-06 16:44:33,341 107224 DEBUG odoo_test_1 odoo.api: call res.config.settings(184,).action_disconnect_platform() 
2025-08-06 16:44:33,557 107224 INFO odoo_test_1 odoo.addons.base.models.assetsbundle: Failed to find attachment for assets /web/assets/%-bd02d63/web.assets_frontend_lazy.js 
2025-08-06 16:44:34,904 107224 INFO odoo_test_1 odoo.addons.base.models.assetsbundle: Failed to find attachment for assets /web/assets/%-bd02d63/web.assets_frontend_lazy.js.map 
2025-08-06 16:44:34,910 107224 INFO odoo_test_1 odoo.addons.base.models.assetsbundle: Deleting ir.attachment [555] (from bundle web.assets_frontend_lazy) 
2025-08-06 16:44:35,667 107224 INFO odoo_test_1 werkzeug: 10.2.0.2 - - [06/Aug/2025 16:44:35] "POST /web/dataset/call_button HTTP/1.1" 200 - 9 0.017 2.323
2025-08-06 16:44:40,686 107224 DEBUG ? odoo.modules.registry: Multiprocess signaling check: [Registry - 4 -> 4] [Cache - 148 -> 148] 
2025-08-06 16:44:40,711 107224 INFO odoo_test_1 odoo.modules.registry: At least one model cache has been invalidated, signaling through the database. 
2025-08-06 16:44:40,712 107224 INFO odoo_test_1 werkzeug: 10.2.0.2 - - [06/Aug/2025 16:44:40] "GET /api/platform_connection?platform_id=13&platform_connected=False HTTP/1.1" 200 - 22 0.017 0.011
2025-08-06 16:44:44,555 107224 DEBUG ? odoo.modules.registry: Multiprocess signaling check: [Registry - 4 -> 4] [Cache - 149 -> 149] 
2025-08-06 16:44:47,810 107224 INFO odoo_test_1 odoo.addons.base.models.assetsbundle: Deleting ir.attachment [556] (from bundle web.assets_frontend_lazy) 
2025-08-06 16:44:48,137 107224 WARNING odoo_test_1 odoo.addons.base.models.ir_qweb: Found deprecated directive @t-esc="title or 'Odoo'" in template 180. Replace by @t-out 
2025-08-06 16:44:48,138 107224 WARNING odoo_test_1 odoo.addons.base.models.ir_qweb: Found deprecated directive @t-esc='request.csrf_token(None)' in template 180. Replace by @t-out 
2025-08-06 16:44:48,139 107224 WARNING odoo_test_1 odoo.addons.base.models.ir_qweb: Found deprecated directive @t-esc='debug' in template 180. Replace by @t-out 
2025-08-06 16:44:48,150 107224 INFO odoo_test_1 werkzeug: 10.2.0.2 - - [06/Aug/2025 16:44:48] "GET /web HTTP/1.1" 200 - 116 0.273 3.324
2025-08-06 16:44:48,262 107224 WARNING odoo_test_1 odoo.addons.base.models.ir_qweb: Found deprecated directive @t-esc="user_id.name[:23] + '...' if user_id.name and len(user_id.name) > 25 else user_id.name" in template 450. Replace by @t-out 
2025-08-06 16:44:48,297 107224 WARNING odoo_test_1 odoo.addons.base.models.ir_qweb: Found deprecated directive @t-esc="active_lang[2].split('/').pop()" in template 449. Replace by @t-out 
2025-08-06 16:44:48,305 107224 WARNING odoo_test_1 odoo.addons.base.models.ir_qweb: Found deprecated directive @t-esc="lg[2].split('/').pop()" in template 449. Replace by @t-out 
2025-08-06 16:44:48,368 107224 INFO odoo_test_1 werkzeug: 10.2.0.2 - - [06/Aug/2025 16:44:48] "GET /null/static/description/icon.png HTTP/1.1" 404 - 164 0.354 30.961
2025-08-06 16:44:48,520 107224 DEBUG ? odoo.modules.registry: Multiprocess signaling check: [Registry - 4 -> 4] [Cache - 149 -> 149] 
2025-08-06 16:44:48,522 107224 DEBUG ? odoo.modules.registry: Multiprocess signaling check: [Registry - 4 -> 4] [Cache - 149 -> 149] 
2025-08-06 16:44:48,544 107224 DEBUG ? odoo.modules.registry: Multiprocess signaling check: [Registry - 4 -> 4] [Cache - 149 -> 149] 
2025-08-06 16:44:48,547 107224 DEBUG ? odoo.modules.registry: Multiprocess signaling check: [Registry - 4 -> 4] [Cache - 149 -> 149] 
2025-08-06 16:44:48,547 107224 DEBUG ? odoo.modules.registry: Multiprocess signaling check: [Registry - 4 -> 4] [Cache - 149 -> 149] 
2025-08-06 16:44:48,559 107224 INFO odoo_test_1 werkzeug: 10.2.0.2 - - [06/Aug/2025 16:44:48] "GET /web/assets/debug/web.assets_backend.css HTTP/1.1" 304 - 17 0.025 0.019
2025-08-06 16:44:48,563 107224 INFO odoo_test_1 werkzeug: 10.2.0.2 - - [06/Aug/2025 16:44:48] "GET /web/assets/debug/web.assets_common.css HTTP/1.1" 304 - 16 0.026 0.020
2025-08-06 16:44:48,569 107224 INFO odoo_test_1 werkzeug: 10.2.0.2 - - [06/Aug/2025 16:44:48] "GET /web/assets/debug/web.assets_backend.js HTTP/1.1" 304 - 5 0.008 0.023
2025-08-06 16:44:48,573 107224 INFO odoo_test_1 werkzeug: 10.2.0.2 - - [06/Aug/2025 16:44:48] "GET /web/assets/debug/web.assets_common.js HTTP/1.1" 304 - 5 0.011 0.026
2025-08-06 16:44:48,575 107224 INFO odoo_test_1 werkzeug: 10.2.0.2 - - [06/Aug/2025 16:44:48] "GET /web/assets/debug/web.assets_backend_prod_only.js HTTP/1.1" 304 - 5 0.011 0.023
2025-08-06 16:44:48,788 107224 DEBUG ? odoo.modules.registry: Multiprocess signaling check: [Registry - 4 -> 4] [Cache - 149 -> 149] 
2025-08-06 16:44:48,796 107224 INFO odoo_test_1 werkzeug: 10.2.0.2 - - [06/Aug/2025 16:44:48] "GET /web/assets/debug/web.assets_tests.js HTTP/1.1" 304 - 5 0.004 0.008
2025-08-06 16:44:49,853 107224 DEBUG ? odoo.service.server: cron0 polling for jobs 
2025-08-06 16:44:50,320 107224 DEBUG ? odoo.modules.registry: Multiprocess signaling check: [Registry - 4 -> 4] [Cache - 149 -> 149] 
2025-08-06 16:44:50,355 107224 INFO odoo_test_1 werkzeug: 10.2.0.2 - - [06/Aug/2025 16:44:50] "POST /web/action/load HTTP/1.1" 200 - 12 0.021 0.016
2025-08-06 16:44:50,643 107224 INFO ? werkzeug: 10.2.0.2 - - [06/Aug/2025 16:44:50] "GET /web/static/lib/odoo_ui_icons/fonts/odoo_ui_icons.woff2 HTTP/1.1" 304 - 0 0.000 0.003
2025-08-06 16:44:50,722 107224 DEBUG ? odoo.modules.registry: Multiprocess signaling check: [Registry - 4 -> 4] [Cache - 149 -> 149] 
2025-08-06 16:44:50,723 107224 DEBUG odoo_test_1 odoo.api: call res.config.settings().get_views(options={'action_id': 88, 'load_filters': False, 'toolbar': False}, views=[[False, 'form']]) 
2025-08-06 16:44:50,743 107224 DEBUG ? odoo.modules.registry: Multiprocess signaling check: [Registry - 4 -> 4] [Cache - 149 -> 149] 
2025-08-06 16:44:50,743 107224 DEBUG ? odoo.modules.registry: Multiprocess signaling check: [Registry - 4 -> 4] [Cache - 149 -> 149] 
2025-08-06 16:44:50,745 107224 INFO ? werkzeug: 10.2.0.2 - - [06/Aug/2025 16:44:50] "GET /web/static/img/spin.svg HTTP/1.1" 304 - 0 0.000 0.007
2025-08-06 16:44:50,791 107224 INFO odoo_test_1 werkzeug: 10.2.0.2 - - [06/Aug/2025 16:44:50] "GET /bus/websocket_worker_bundle?v=1.0.5 HTTP/1.1" 304 - 7 0.014 0.038
2025-08-06 16:44:50,806 107224 INFO odoo_test_1 werkzeug: 10.2.0.2 - - [06/Aug/2025 16:44:50] "GET /web/image?model=res.users&field=avatar_128&id=2 HTTP/1.1" 304 - 21 0.041 0.027
2025-08-06 16:44:51,133 107224 DEBUG ? odoo.modules.registry: Multiprocess signaling check: [Registry - 4 -> 4] [Cache - 149 -> 149] 
2025-08-06 16:44:51,150 107224 INFO odoo_test_1 werkzeug: 10.2.0.2 - - [06/Aug/2025 16:44:51] "GET /websocket HTTP/1.1" 101 - 1 0.001 0.022
2025-08-06 16:44:51,161 107224 DEBUG odoo_test_1 odoo.modules.registry: Multiprocess signaling check: [Registry - 4 -> 4] [Cache - 149 -> 149] 
2025-08-06 16:44:51,228 107224 DEBUG ? odoo.modules.registry: Multiprocess signaling check: [Registry - 4 -> 4] [Cache - 149 -> 149] 
2025-08-06 16:44:51,230 107224 DEBUG ? odoo.modules.registry: Multiprocess signaling check: [Registry - 4 -> 4] [Cache - 149 -> 149] 
2025-08-06 16:44:51,231 107224 DEBUG odoo_test_1 odoo.api: call res.users().systray_get_activities() 
2025-08-06 16:44:51,246 107224 INFO odoo_test_1 werkzeug: 10.2.0.2 - - [06/Aug/2025 16:44:51] "POST /web/dataset/call_kw/res.users/systray_get_activities HTTP/1.1" 200 - 4 0.013 0.011
2025-08-06 16:44:51,283 107224 DEBUG ? odoo.modules.registry: Multiprocess signaling check: [Registry - 4 -> 4] [Cache - 149 -> 149] 
2025-08-06 16:44:51,341 107224 INFO odoo_test_1 werkzeug: 10.2.0.2 - - [06/Aug/2025 16:44:51] "GET /web/image/res.company/1/favicon HTTP/1.1" 304 - 12 0.017 0.045
2025-08-06 16:44:51,418 107224 INFO odoo_test_1 werkzeug: 10.2.0.2 - - [06/Aug/2025 16:44:51] "POST /web/dataset/call_kw/res.config.settings/get_views HTTP/1.1" 200 - 63 0.075 0.624
2025-08-06 16:44:51,423 107224 DEBUG odoo_test_1 odoo.modules.registry: Multiprocess signaling check: [Registry - 4 -> 4] [Cache - 149 -> 149] 
2025-08-06 16:44:51,434 107224 INFO odoo_test_1 werkzeug: 10.2.0.2 - - [06/Aug/2025 16:44:51] "POST /mail/init_messaging HTTP/1.1" 200 - 70 0.153 0.056
2025-08-06 16:44:51,658 107224 DEBUG ? odoo.modules.registry: Multiprocess signaling check: [Registry - 4 -> 4] [Cache - 149 -> 149] 
2025-08-06 16:44:51,661 107224 DEBUG odoo_test_1 odoo.api: call res.config.settings().onchange({}, [], {'active_user_count': '', 'language_count': '', 'company_id': '1', 'company_name': '', 'company_informations': '', 'external_report_layout_id': '', 'company_count': '', 'primary_color': '', 'secondary_color': '', 'product_weight_in_lbs': '', 'product_volume_volume_in_cubic_feet': '', 'external_email_server_default': '', 'alias_domain': '', 'module_google_gmail': '1', 'google_gmail_client_identifier': '', 'google_gmail_client_secret': '', 'module_microsoft_outlook': '1', 'use_twilio_rtc_servers': '', 'twilio_account_sid': '', 'twilio_account_token': '', 'restrict_template_rendering': '', 'digest_emails': '', 'digest_id': '', 'module_partner_autocomplete': '1', 'auth_signup_uninvited': '', 'auth_signup_reset_password': '', 'user_default_rights': '', 'portal_allow_api_keys': '', 'module_base_import': '1', 'show_effect': '', 'module_mail_plugin': '1', 'module_microsoft_calendar': '1', 'module_google_calendar': '1', 'module_product_images': '1', 'module_auth_oauth': '1', 'module_auth_ldap': '1', 'module_web_unsplash': '1', 'unsplash_access_key': '', 'unsplash_app_id': '', 'module_base_geolocalize': '1', 'module_google_recaptcha': '1', 'profiling_enabled_until': '', 'commercium_domain': '', 'commercium_db': '', 'commercium_username': '', 'commercium_password': '', 'platform_connected': '', 'group_stock_tracking_lot': '', 'module_stock_picking_batch': '1', 'group_stock_picking_wave': '', 'group_warning_stock': '', 'module_quality_control': '1', 'module_quality_control_worksheet': '1', 'annual_inventory_day': '', 'annual_inventory_month': '', 'group_stock_reception_report': '', 'module_stock_barcode': '1', 'stock_move_email_validation': '', 'stock_move_sms_validation': '', 'stock_sms_confirmation_template_id': '', 'group_stock_sign_delivery': '', 'module_delivery': '1', 'module_delivery_bpost': '1', 'module_delivery_easypost': '1', 'module_delivery_sendcloud': '1', 'group_product_variant': '1', 'group_uom': '', 'group_stock_packaging': '', 'group_stock_production_lot': '1', 'group_stock_lot_print_gs1': '', 'module_product_expiry': '1', 'group_lot_on_delivery_slip': '', 'group_stock_tracking_owner': '', 'module_stock_landed_costs': '1', 'group_lot_on_invoice': '', 'group_stock_multi_locations': '1', 'group_stock_adv_location': '1', 'group_stock_storage_categories': '', 'country_code': '', 'has_chart_of_accounts': '', 'has_accounting_entries': '', 'chart_template_id': '', 'sale_tax_id': '', 'purchase_tax_id': '', 'tax_calculation_rounding_method': '', 'early_pay_discount_computation': '', 'module_account_taxcloud': '1', 'module_l10n_eu_oss': '1', 'tax_exigibility': '1', 'account_fiscal_country_id': '', 'currency_id': '', 'group_multi_currency': '', 'module_currency_rate_live': '1', 'invoice_is_print': '', 'invoice_is_email': '', 'invoice_is_snailmail': '', 'module_snailmail_account': '1', 'snailmail_color': '', 'snailmail_duplex': '', 'snailmail_cover': '', 'group_sale_delivery_address': '', 'show_line_subtotals_tax_selection': '1', 'group_show_line_subtotals_tax_excluded': '', 'group_show_line_subtotals_tax_included': '', 'group_warning_account': '', 'group_cash_rounding': '', 'module_account_intrastat': '1', 'incoterm_id': '', 'group_show_sale_receipts': '', 'use_invoice_terms': '', 'terms_type': '1', 'invoice_terms': '', 'preview_ready': '', 'account_use_credit_limit': '', 'account_default_credit_limit': '', 'module_account_payment': '1', 'module_account_batch_payment': '1', 'module_account_sepa_direct_debit': '1', 'qr_code': '', 'group_show_purchase_receipts': '', 'module_account_sepa': '1', 'module_account_invoice_extract': '1', 'module_product_margin': '1', 'account_storno': '', 'quick_edit_mode': ''}) 
2025-08-06 16:44:51,808 107224 INFO odoo_test_1 werkzeug: 10.2.0.2 - - [06/Aug/2025 16:44:51] "POST /web/dataset/call_kw/res.config.settings/onchange HTTP/1.1" 200 - 135 0.089 0.065
2025-08-06 16:44:51,814 107224 DEBUG ? odoo.modules.registry: Multiprocess signaling check: [Registry - 4 -> 4] [Cache - 149 -> 149] 
2025-08-06 16:44:51,824 107224 INFO odoo_test_1 werkzeug: 10.2.0.2 - - [06/Aug/2025 16:44:51] "POST /mail/load_message_failures HTTP/1.1" 200 - 3 0.006 0.007
2025-08-06 16:44:51,831 107224 INFO ? werkzeug: 10.2.0.2 - - [06/Aug/2025 16:44:51] "GET /mail/static/src/audio/ting.ogg HTTP/1.1" 206 - 0 0.000 0.004
2025-08-06 16:44:52,439 107224 DEBUG ? odoo.modules.registry: Multiprocess signaling check: [Registry - 4 -> 4] [Cache - 149 -> 149] 
2025-08-06 16:44:52,444 107224 INFO odoo_test_1 werkzeug: 10.2.0.2 - - [06/Aug/2025 16:44:52] "POST /base_setup/demo_active HTTP/1.1" 200 - 4 0.005 0.002
2025-08-06 16:44:52,471 107224 DEBUG ? odoo.modules.registry: Multiprocess signaling check: [Registry - 4 -> 4] [Cache - 149 -> 149] 
2025-08-06 16:44:52,476 107224 INFO odoo_test_1 werkzeug: 10.2.0.2 - - [06/Aug/2025 16:44:52] "POST /base_setup/data HTTP/1.1" 200 - 6 0.002 0.004
2025-08-06 16:44:52,706 107224 DEBUG ? odoo.modules.registry: Multiprocess signaling check: [Registry - 4 -> 4] [Cache - 149 -> 149] 
2025-08-06 16:44:52,756 107224 DEBUG odoo_test_1 odoo.addons.http_routing.models.ir_http: '/null/static/description/icon.png' (lang: 'en') no lang in url and default website, continue 
2025-08-06 16:44:52,810 107224 WARNING odoo_test_1 odoo.addons.base.models.ir_qweb: Found deprecated directive @t-esc="title or 'Odoo'" in template 181. Replace by @t-out 
2025-08-06 16:44:52,812 107224 WARNING odoo_test_1 odoo.addons.base.models.ir_qweb: Found deprecated directive @t-esc='request.csrf_token(None)' in template 181. Replace by @t-out 
2025-08-06 16:44:52,813 107224 WARNING odoo_test_1 odoo.addons.base.models.ir_qweb: Found deprecated directive @t-esc='debug' in template 181. Replace by @t-out 
2025-08-06 16:44:53,417 107224 INFO odoo_test_1 odoo.addons.base.models.assetsbundle: Failed to find attachment for assets /web/assets/%-ddb6cce/web.assets_frontend.css 
2025-08-06 16:45:02,222 107224 DEBUG ? odoo.service.server: cron1 polling for jobs 
2025-08-06 16:45:02,472 107224 INFO odoo_test_1 odoo.addons.base.models.assetsbundle: Failed to find attachment for assets /web/assets/%-ddb6cce/web.assets_frontend.css.map 
2025-08-06 16:45:02,479 107224 INFO odoo_test_1 odoo.addons.base.models.assetsbundle: Deleting ir.attachment [551] (from bundle web.assets_frontend) 
2025-08-06 16:45:02,577 107224 INFO odoo_test_1 odoo.addons.base.models.assetsbundle: Deleting ir.attachment [552] (from bundle web.assets_frontend) 
2025-08-06 16:45:03,189 107224 INFO odoo_test_1 odoo.addons.base.models.assetsbundle: Failed to find attachment for assets /web/assets/%-bd02d63/web.assets_frontend_lazy.js 
2025-08-06 16:45:03,253 107224 INFO odoo_test_1 odoo.addons.base.models.assetsbundle: Failed to find attachment for assets /web/assets/%-bd02d63/web.assets_frontend_lazy.js.map 
2025-08-06 16:45:03,259 107224 INFO odoo_test_1 odoo.addons.base.models.assetsbundle: Deleting ir.attachment [555] (from bundle web.assets_frontend_lazy) 
2025-08-06 16:45:06,587 107224 INFO odoo_test_1 odoo.addons.base.models.assetsbundle: Deleting ir.attachment [556] (from bundle web.assets_frontend_lazy) 
2025-08-06 16:45:07,274 107224 WARNING odoo_test_1 odoo.addons.base.models.ir_qweb: Found deprecated directive @t-esc="user_id.name[:23] + '...' if user_id.name and len(user_id.name) > 25 else user_id.name" in template 450. Replace by @t-out 
2025-08-06 16:45:07,324 107224 WARNING odoo_test_1 odoo.addons.base.models.ir_qweb: Found deprecated directive @t-esc="active_lang[2].split('/').pop()" in template 449. Replace by @t-out 
2025-08-06 16:45:07,335 107224 WARNING odoo_test_1 odoo.addons.base.models.ir_qweb: Found deprecated directive @t-esc="lg[2].split('/').pop()" in template 449. Replace by @t-out 
2025-08-06 16:45:07,433 107224 INFO odoo_test_1 werkzeug: 10.2.0.2 - - [06/Aug/2025 16:45:07] "GET /null/static/description/icon.png HTTP/1.1" 404 - 173 0.199 14.531
2025-08-06 16:45:25,563 107224 DEBUG ? odoo.modules.registry: Multiprocess signaling check: [Registry - 4 -> 4] [Cache - 149 -> 149] 
2025-08-06 16:45:28,672 107224 WARNING odoo_test_1 odoo.addons.base.models.ir_qweb: Found deprecated directive @t-esc="title or 'Odoo'" in template 180. Replace by @t-out 
2025-08-06 16:45:28,673 107224 WARNING odoo_test_1 odoo.addons.base.models.ir_qweb: Found deprecated directive @t-esc='request.csrf_token(None)' in template 180. Replace by @t-out 
2025-08-06 16:45:28,675 107224 WARNING odoo_test_1 odoo.addons.base.models.ir_qweb: Found deprecated directive @t-esc='debug' in template 180. Replace by @t-out 
2025-08-06 16:45:28,687 107224 INFO odoo_test_1 werkzeug: 10.2.0.2 - - [06/Aug/2025 16:45:28] "GET /web HTTP/1.1" 200 - 114 0.129 2.999
2025-08-06 16:45:28,734 107224 DEBUG ? odoo.modules.registry: Multiprocess signaling check: [Registry - 4 -> 4] [Cache - 149 -> 149] 
2025-08-06 16:45:28,741 107224 INFO odoo_test_1 werkzeug: 10.2.0.2 - - [06/Aug/2025 16:45:28] "GET /web/assets/debug/web.assets_common.css HTTP/1.1" 304 - 5 0.003 0.009
2025-08-06 16:45:28,761 107224 DEBUG ? odoo.modules.registry: Multiprocess signaling check: [Registry - 4 -> 4] [Cache - 149 -> 149] 
2025-08-06 16:45:28,771 107224 INFO odoo_test_1 werkzeug: 10.2.0.2 - - [06/Aug/2025 16:45:28] "GET /web/assets/debug/web.assets_backend.css HTTP/1.1" 304 - 5 0.005 0.007
2025-08-06 16:45:29,075 107224 DEBUG ? odoo.modules.registry: Multiprocess signaling check: [Registry - 4 -> 4] [Cache - 149 -> 149] 
2025-08-06 16:45:29,075 107224 DEBUG ? odoo.modules.registry: Multiprocess signaling check: [Registry - 4 -> 4] [Cache - 149 -> 149] 
2025-08-06 16:45:29,076 107224 DEBUG ? odoo.modules.registry: Multiprocess signaling check: [Registry - 4 -> 4] [Cache - 149 -> 149] 
2025-08-06 16:45:29,091 107224 INFO odoo_test_1 werkzeug: 10.2.0.2 - - [06/Aug/2025 16:45:29] "GET /web/assets/debug/web.assets_backend.js HTTP/1.1" 304 - 5 0.008 0.012
2025-08-06 16:45:29,094 107224 INFO odoo_test_1 werkzeug: 10.2.0.2 - - [06/Aug/2025 16:45:29] "GET /web/assets/debug/web.assets_common.js HTTP/1.1" 304 - 5 0.006 0.018
2025-08-06 16:45:29,095 107224 INFO odoo_test_1 werkzeug: 10.2.0.2 - - [06/Aug/2025 16:45:29] "GET /web/assets/debug/web.assets_backend_prod_only.js HTTP/1.1" 304 - 5 0.007 0.015
2025-08-06 16:45:29,414 107224 DEBUG ? odoo.modules.registry: Multiprocess signaling check: [Registry - 4 -> 4] [Cache - 149 -> 149] 
2025-08-06 16:45:29,421 107224 INFO odoo_test_1 werkzeug: 10.2.0.2 - - [06/Aug/2025 16:45:29] "GET /web/assets/debug/web.assets_tests.js HTTP/1.1" 304 - 5 0.003 0.007
2025-08-06 16:45:30,067 107224 DEBUG ? odoo.modules.registry: Multiprocess signaling check: [Registry - 4 -> 4] [Cache - 149 -> 149] 
2025-08-06 16:45:30,103 107224 INFO odoo_test_1 werkzeug: 10.2.0.2 - - [06/Aug/2025 16:45:30] "POST /web/action/load HTTP/1.1" 200 - 11 0.018 0.021
2025-08-06 16:45:30,376 107224 INFO ? werkzeug: 10.2.0.2 - - [06/Aug/2025 16:45:30] "GET /web/static/lib/odoo_ui_icons/fonts/odoo_ui_icons.woff2 HTTP/1.1" 304 - 0 0.000 0.003
2025-08-06 16:45:30,474 107224 DEBUG ? odoo.modules.registry: Multiprocess signaling check: [Registry - 4 -> 4] [Cache - 149 -> 149] 
2025-08-06 16:45:30,475 107224 DEBUG ? odoo.modules.registry: Multiprocess signaling check: [Registry - 4 -> 4] [Cache - 149 -> 149] 
2025-08-06 16:45:30,477 107224 DEBUG odoo_test_1 odoo.api: call res.config.settings().get_views(options={'action_id': 88, 'load_filters': False, 'toolbar': False}, views=[[False, 'form']]) 
2025-08-06 16:45:30,501 107224 DEBUG ? odoo.modules.registry: Multiprocess signaling check: [Registry - 4 -> 4] [Cache - 149 -> 149] 
2025-08-06 16:45:30,546 107224 INFO odoo_test_1 werkzeug: 10.2.0.2 - - [06/Aug/2025 16:45:30] "GET /bus/websocket_worker_bundle?v=1.0.5 HTTP/1.1" 304 - 7 0.023 0.030
2025-08-06 16:45:30,558 107224 INFO odoo_test_1 werkzeug: 10.2.0.2 - - [06/Aug/2025 16:45:30] "GET /web/image?model=res.users&field=avatar_128&id=2 HTTP/1.1" 304 - 20 0.049 0.037
2025-08-06 16:45:30,957 107224 DEBUG ? odoo.modules.registry: Multiprocess signaling check: [Registry - 4 -> 4] [Cache - 149 -> 149] 
2025-08-06 16:45:30,967 107224 INFO odoo_test_1 werkzeug: 10.2.0.2 - - [06/Aug/2025 16:45:30] "GET /websocket HTTP/1.1" 101 - 1 0.001 0.012
2025-08-06 16:45:30,978 107224 DEBUG odoo_test_1 odoo.modules.registry: Multiprocess signaling check: [Registry - 4 -> 4] [Cache - 149 -> 149] 
2025-08-06 16:45:31,035 107224 DEBUG ? odoo.modules.registry: Multiprocess signaling check: [Registry - 4 -> 4] [Cache - 149 -> 149] 
2025-08-06 16:45:31,087 107224 DEBUG ? odoo.modules.registry: Multiprocess signaling check: [Registry - 4 -> 4] [Cache - 149 -> 149] 
2025-08-06 16:45:31,091 107224 DEBUG odoo_test_1 odoo.api: call res.users().systray_get_activities() 
2025-08-06 16:45:31,102 107224 INFO odoo_test_1 werkzeug: 10.2.0.2 - - [06/Aug/2025 16:45:31] "POST /web/dataset/call_kw/res.users/systray_get_activities HTTP/1.1" 200 - 4 0.011 0.013
2025-08-06 16:45:31,210 107224 INFO odoo_test_1 werkzeug: 10.2.0.2 - - [06/Aug/2025 16:45:31] "POST /mail/init_messaging HTTP/1.1" 200 - 70 0.121 0.063
2025-08-06 16:45:31,220 107224 DEBUG ? odoo.modules.registry: Multiprocess signaling check: [Registry - 4 -> 4] [Cache - 149 -> 149] 
2025-08-06 16:45:31,249 107224 DEBUG odoo_test_1 odoo.modules.registry: Multiprocess signaling check: [Registry - 4 -> 4] [Cache - 149 -> 149] 
2025-08-06 16:45:31,254 107224 INFO odoo_test_1 werkzeug: 10.2.0.2 - - [06/Aug/2025 16:45:31] "GET /web/image/res.company/1/favicon HTTP/1.1" 304 - 12 0.020 0.018
2025-08-06 16:45:31,397 107224 INFO odoo_test_1 werkzeug: 10.2.0.2 - - [06/Aug/2025 16:45:31] "POST /web/dataset/call_kw/res.config.settings/get_views HTTP/1.1" 200 - 60 0.077 0.850
2025-08-06 16:45:31,551 107224 DEBUG ? odoo.modules.registry: Multiprocess signaling check: [Registry - 4 -> 4] [Cache - 149 -> 149] 
2025-08-06 16:45:31,567 107224 INFO odoo_test_1 werkzeug: 10.2.0.2 - - [06/Aug/2025 16:45:31] "POST /mail/load_message_failures HTTP/1.1" 200 - 3 0.014 0.004
2025-08-06 16:45:31,785 107224 DEBUG ? odoo.modules.registry: Multiprocess signaling check: [Registry - 4 -> 4] [Cache - 149 -> 149] 
2025-08-06 16:45:31,787 107224 DEBUG odoo_test_1 odoo.api: call res.config.settings().onchange({}, [], {'active_user_count': '', 'language_count': '', 'company_id': '1', 'company_name': '', 'company_informations': '', 'external_report_layout_id': '', 'company_count': '', 'primary_color': '', 'secondary_color': '', 'product_weight_in_lbs': '', 'product_volume_volume_in_cubic_feet': '', 'external_email_server_default': '', 'alias_domain': '', 'module_google_gmail': '1', 'google_gmail_client_identifier': '', 'google_gmail_client_secret': '', 'module_microsoft_outlook': '1', 'use_twilio_rtc_servers': '', 'twilio_account_sid': '', 'twilio_account_token': '', 'restrict_template_rendering': '', 'digest_emails': '', 'digest_id': '', 'module_partner_autocomplete': '1', 'auth_signup_uninvited': '', 'auth_signup_reset_password': '', 'user_default_rights': '', 'portal_allow_api_keys': '', 'module_base_import': '1', 'show_effect': '', 'module_mail_plugin': '1', 'module_microsoft_calendar': '1', 'module_google_calendar': '1', 'module_product_images': '1', 'module_auth_oauth': '1', 'module_auth_ldap': '1', 'module_web_unsplash': '1', 'unsplash_access_key': '', 'unsplash_app_id': '', 'module_base_geolocalize': '1', 'module_google_recaptcha': '1', 'profiling_enabled_until': '', 'commercium_domain': '', 'commercium_db': '', 'commercium_username': '', 'commercium_password': '', 'platform_connected': '', 'group_stock_tracking_lot': '', 'module_stock_picking_batch': '1', 'group_stock_picking_wave': '', 'group_warning_stock': '', 'module_quality_control': '1', 'module_quality_control_worksheet': '1', 'annual_inventory_day': '', 'annual_inventory_month': '', 'group_stock_reception_report': '', 'module_stock_barcode': '1', 'stock_move_email_validation': '', 'stock_move_sms_validation': '', 'stock_sms_confirmation_template_id': '', 'group_stock_sign_delivery': '', 'module_delivery': '1', 'module_delivery_bpost': '1', 'module_delivery_easypost': '1', 'module_delivery_sendcloud': '1', 'group_product_variant': '1', 'group_uom': '', 'group_stock_packaging': '', 'group_stock_production_lot': '1', 'group_stock_lot_print_gs1': '', 'module_product_expiry': '1', 'group_lot_on_delivery_slip': '', 'group_stock_tracking_owner': '', 'module_stock_landed_costs': '1', 'group_lot_on_invoice': '', 'group_stock_multi_locations': '1', 'group_stock_adv_location': '1', 'group_stock_storage_categories': '', 'country_code': '', 'has_chart_of_accounts': '', 'has_accounting_entries': '', 'chart_template_id': '', 'sale_tax_id': '', 'purchase_tax_id': '', 'tax_calculation_rounding_method': '', 'early_pay_discount_computation': '', 'module_account_taxcloud': '1', 'module_l10n_eu_oss': '1', 'tax_exigibility': '1', 'account_fiscal_country_id': '', 'currency_id': '', 'group_multi_currency': '', 'module_currency_rate_live': '1', 'invoice_is_print': '', 'invoice_is_email': '', 'invoice_is_snailmail': '', 'module_snailmail_account': '1', 'snailmail_color': '', 'snailmail_duplex': '', 'snailmail_cover': '', 'group_sale_delivery_address': '', 'show_line_subtotals_tax_selection': '1', 'group_show_line_subtotals_tax_excluded': '', 'group_show_line_subtotals_tax_included': '', 'group_warning_account': '', 'group_cash_rounding': '', 'module_account_intrastat': '1', 'incoterm_id': '', 'group_show_sale_receipts': '', 'use_invoice_terms': '', 'terms_type': '1', 'invoice_terms': '', 'preview_ready': '', 'account_use_credit_limit': '', 'account_default_credit_limit': '', 'module_account_payment': '1', 'module_account_batch_payment': '1', 'module_account_sepa_direct_debit': '1', 'qr_code': '', 'group_show_purchase_receipts': '', 'module_account_sepa': '1', 'module_account_invoice_extract': '1', 'module_product_margin': '1', 'account_storno': '', 'quick_edit_mode': ''}) 
2025-08-06 16:45:31,937 107224 INFO odoo_test_1 werkzeug: 10.2.0.2 - - [06/Aug/2025 16:45:31] "POST /web/dataset/call_kw/res.config.settings/onchange HTTP/1.1" 200 - 133 0.089 0.065
2025-08-06 16:45:32,575 107224 DEBUG ? odoo.modules.registry: Multiprocess signaling check: [Registry - 4 -> 4] [Cache - 149 -> 149] 
2025-08-06 16:45:32,581 107224 INFO odoo_test_1 werkzeug: 10.2.0.2 - - [06/Aug/2025 16:45:32] "POST /base_setup/demo_active HTTP/1.1" 200 - 4 0.004 0.004
2025-08-06 16:45:32,590 107224 DEBUG ? odoo.modules.registry: Multiprocess signaling check: [Registry - 4 -> 4] [Cache - 149 -> 149] 
2025-08-06 16:45:32,596 107224 INFO odoo_test_1 werkzeug: 10.2.0.2 - - [06/Aug/2025 16:45:32] "POST /base_setup/data HTTP/1.1" 200 - 6 0.005 0.003
2025-08-06 16:45:32,828 107224 DEBUG ? odoo.modules.registry: Multiprocess signaling check: [Registry - 4 -> 4] [Cache - 149 -> 149] 
2025-08-06 16:45:32,858 107224 DEBUG odoo_test_1 odoo.addons.http_routing.models.ir_http: '/null/static/description/icon.png' (lang: 'en') no lang in url and default website, continue 
2025-08-06 16:45:32,935 107224 WARNING odoo_test_1 odoo.addons.base.models.ir_qweb: Found deprecated directive @t-esc="title or 'Odoo'" in template 181. Replace by @t-out 
2025-08-06 16:45:32,938 107224 WARNING odoo_test_1 odoo.addons.base.models.ir_qweb: Found deprecated directive @t-esc='request.csrf_token(None)' in template 181. Replace by @t-out 
2025-08-06 16:45:32,939 107224 WARNING odoo_test_1 odoo.addons.base.models.ir_qweb: Found deprecated directive @t-esc='debug' in template 181. Replace by @t-out 
2025-08-06 16:45:33,695 107224 INFO odoo_test_1 odoo.addons.base.models.assetsbundle: Failed to find attachment for assets /web/assets/%-ddb6cce/web.assets_frontend.css 
2025-08-06 16:45:42,480 107224 INFO odoo_test_1 odoo.addons.base.models.assetsbundle: Failed to find attachment for assets /web/assets/%-ddb6cce/web.assets_frontend.css.map 
2025-08-06 16:45:42,490 107224 INFO odoo_test_1 odoo.addons.base.models.assetsbundle: Deleting ir.attachment [551] (from bundle web.assets_frontend) 
2025-08-06 16:45:42,656 107224 INFO odoo_test_1 odoo.addons.base.models.assetsbundle: Deleting ir.attachment [552] (from bundle web.assets_frontend) 
2025-08-06 16:45:43,269 107224 INFO odoo_test_1 odoo.addons.base.models.assetsbundle: Failed to find attachment for assets /web/assets/%-bd02d63/web.assets_frontend_lazy.js 
2025-08-06 16:45:43,323 107224 INFO odoo_test_1 odoo.addons.base.models.assetsbundle: Failed to find attachment for assets /web/assets/%-bd02d63/web.assets_frontend_lazy.js.map 
2025-08-06 16:45:43,329 107224 INFO odoo_test_1 odoo.addons.base.models.assetsbundle: Deleting ir.attachment [555] (from bundle web.assets_frontend_lazy) 
2025-08-06 16:45:44,110 107224 INFO odoo_test_1 odoo.addons.base.models.assetsbundle: Deleting ir.attachment [556] (from bundle web.assets_frontend_lazy) 
2025-08-06 16:45:44,444 107224 WARNING odoo_test_1 odoo.addons.base.models.ir_qweb: Found deprecated directive @t-esc="user_id.name[:23] + '...' if user_id.name and len(user_id.name) > 25 else user_id.name" in template 450. Replace by @t-out 
2025-08-06 16:45:44,477 107224 WARNING odoo_test_1 odoo.addons.base.models.ir_qweb: Found deprecated directive @t-esc="active_lang[2].split('/').pop()" in template 449. Replace by @t-out 
2025-08-06 16:45:44,481 107224 WARNING odoo_test_1 odoo.addons.base.models.ir_qweb: Found deprecated directive @t-esc="lg[2].split('/').pop()" in template 449. Replace by @t-out 
2025-08-06 16:45:44,537 107224 INFO odoo_test_1 werkzeug: 10.2.0.2 - - [06/Aug/2025 16:45:44] "GET /null/static/description/icon.png HTTP/1.1" 404 - 173 0.244 11.468
2025-08-06 16:45:49,869 107224 DEBUG ? odoo.service.server: cron0 polling for jobs 
2025-08-06 16:45:49,876 107224 DEBUG odoo_test_1 odoo.addons.base.models.ir_cron: job 13 acquired 
2025-08-06 16:45:49,887 107224 DEBUG odoo_test_1 odoo.modules.registry: Multiprocess signaling check: [Registry - 4 -> 4] [Cache - 149 -> 149] 
2025-08-06 16:45:49,889 107224 DEBUG odoo_test_1 odoo.addons.base.models.ir_cron: cron.object.execute('odoo_test_1', 1, '*', 'payment: post-process transactions', 285) 
2025-08-06 16:45:49,890 107224 INFO odoo_test_1 odoo.addons.base.models.ir_cron: Starting job `payment: post-process transactions`. 
2025-08-06 16:45:49,909 107224 INFO odoo_test_1 odoo.addons.base.models.ir_cron: Job `payment: post-process transactions` done. 
2025-08-06 16:45:49,910 107224 DEBUG odoo_test_1 odoo.addons.base.models.ir_cron: 0.019s (cron payment: post-process transactions, server action 285 with uid 1) 
2025-08-06 16:45:49,913 107224 DEBUG odoo_test_1 odoo.addons.base.models.ir_cron: job 13 updated and released 
2025-08-06 16:46:03,328 107224 DEBUG ? odoo.service.server: cron1 polling for jobs 
2025-08-06 16:46:32,092 107224 DEBUG odoo_test_1 odoo.modules.registry: Multiprocess signaling check: [Registry - 4 -> 4] [Cache - 149 -> 149] 
2025-08-06 16:46:49,927 107224 DEBUG ? odoo.service.server: cron0 polling for jobs 
2025-08-06 16:47:04,355 107224 DEBUG ? odoo.service.server: cron1 polling for jobs 
2025-08-06 16:47:33,084 107224 DEBUG odoo_test_1 odoo.modules.registry: Multiprocess signaling check: [Registry - 4 -> 4] [Cache - 149 -> 149] 
2025-08-06 16:47:49,934 107224 DEBUG ? odoo.service.server: cron0 polling for jobs 
2025-08-06 16:48:05,374 107224 DEBUG ? odoo.service.server: cron1 polling for jobs 
2025-08-06 16:48:33,087 107224 DEBUG odoo_test_1 odoo.modules.registry: Multiprocess signaling check: [Registry - 4 -> 4] [Cache - 149 -> 149] 
2025-08-06 16:48:49,952 107224 DEBUG ? odoo.service.server: cron0 polling for jobs 
2025-08-06 16:49:06,396 107224 DEBUG ? odoo.service.server: cron1 polling for jobs 
2025-08-06 16:49:34,084 107224 DEBUG odoo_test_1 odoo.modules.registry: Multiprocess signaling check: [Registry - 4 -> 4] [Cache - 149 -> 149] 
2025-08-06 16:49:49,965 107224 DEBUG ? odoo.service.server: cron0 polling for jobs 
2025-08-06 16:50:07,414 107224 DEBUG ? odoo.service.server: cron1 polling for jobs 
2025-08-06 16:50:35,997 107224 DEBUG odoo_test_1 odoo.modules.registry: Multiprocess signaling check: [Registry - 4 -> 4] [Cache - 149 -> 149] 
2025-08-06 16:50:49,977 107224 DEBUG ? odoo.service.server: cron0 polling for jobs 
2025-08-06 16:51:08,440 107224 DEBUG ? odoo.service.server: cron1 polling for jobs 
2025-08-06 16:51:49,980 107224 DEBUG ? odoo.service.server: cron0 polling for jobs 
2025-08-06 16:52:09,467 107224 DEBUG ? odoo.service.server: cron1 polling for jobs 
2025-08-06 16:52:13,106 107224 DEBUG odoo_test_1 odoo.modules.registry: Multiprocess signaling check: [Registry - 4 -> 4] [Cache - 149 -> 149] 
2025-08-06 16:52:49,993 107224 DEBUG ? odoo.service.server: cron0 polling for jobs 
2025-08-06 16:53:10,493 107224 DEBUG ? odoo.service.server: cron1 polling for jobs 
2025-08-06 16:53:13,256 107224 DEBUG odoo_test_1 odoo.modules.registry: Multiprocess signaling check: [Registry - 4 -> 4] [Cache - 149 -> 149] 
2025-08-06 16:53:50,005 107224 DEBUG ? odoo.service.server: cron0 polling for jobs 
2025-08-06 16:54:11,514 107224 DEBUG ? odoo.service.server: cron1 polling for jobs 
2025-08-06 16:54:50,020 107224 DEBUG ? odoo.service.server: cron0 polling for jobs 
2025-08-06 16:55:12,539 107224 DEBUG ? odoo.service.server: cron1 polling for jobs 
2025-08-06 16:55:13,167 107224 DEBUG odoo_test_1 odoo.modules.registry: Multiprocess signaling check: [Registry - 4 -> 4] [Cache - 149 -> 149] 
2025-08-06 16:55:50,033 107224 DEBUG ? odoo.service.server: cron0 polling for jobs 
2025-08-06 16:55:50,039 107224 DEBUG odoo_test_1 odoo.addons.base.models.ir_cron: job 13 acquired 
2025-08-06 16:55:50,044 107224 DEBUG odoo_test_1 odoo.modules.registry: Multiprocess signaling check: [Registry - 4 -> 4] [Cache - 149 -> 149] 
2025-08-06 16:55:50,045 107224 DEBUG odoo_test_1 odoo.addons.base.models.ir_cron: cron.object.execute('odoo_test_1', 1, '*', 'payment: post-process transactions', 285) 
2025-08-06 16:55:50,045 107224 INFO odoo_test_1 odoo.addons.base.models.ir_cron: Starting job `payment: post-process transactions`. 
2025-08-06 16:55:50,058 107224 INFO odoo_test_1 odoo.addons.base.models.ir_cron: Job `payment: post-process transactions` done. 
2025-08-06 16:55:50,059 107224 DEBUG odoo_test_1 odoo.addons.base.models.ir_cron: 0.013s (cron payment: post-process transactions, server action 285 with uid 1) 
2025-08-06 16:55:50,062 107224 DEBUG odoo_test_1 odoo.addons.base.models.ir_cron: job 13 updated and released 
2025-08-06 16:56:13,556 107224 DEBUG ? odoo.service.server: cron1 polling for jobs 
2025-08-06 16:56:50,076 107224 DEBUG ? odoo.service.server: cron0 polling for jobs 
2025-08-06 16:57:13,128 107224 DEBUG odoo_test_1 odoo.modules.registry: Multiprocess signaling check: [Registry - 4 -> 4] [Cache - 149 -> 149] 
2025-08-06 16:57:14,584 107224 DEBUG ? odoo.service.server: cron1 polling for jobs 
2025-08-06 16:57:50,080 107224 DEBUG ? odoo.service.server: cron0 polling for jobs 
2025-08-06 16:58:13,160 107224 DEBUG odoo_test_1 odoo.modules.registry: Multiprocess signaling check: [Registry - 4 -> 4] [Cache - 149 -> 149] 
2025-08-06 16:58:15,611 107224 DEBUG ? odoo.service.server: cron1 polling for jobs 
2025-08-06 16:58:50,086 107224 DEBUG ? odoo.service.server: cron0 polling for jobs 
2025-08-06 16:59:16,637 107224 DEBUG ? odoo.service.server: cron1 polling for jobs 
2025-08-06 16:59:50,095 107224 DEBUG ? odoo.service.server: cron0 polling for jobs 
2025-08-06 17:00:17,650 107224 DEBUG ? odoo.service.server: cron1 polling for jobs 
2025-08-06 17:00:21,786 107224 DEBUG odoo_test_1 odoo.modules.registry: Multiprocess signaling check: [Registry - 4 -> 4] [Cache - 149 -> 149] 
2025-08-06 17:00:50,102 107224 DEBUG ? odoo.service.server: cron0 polling for jobs 
2025-08-06 17:01:18,673 107224 DEBUG ? odoo.service.server: cron1 polling for jobs 
2025-08-06 17:01:50,116 107224 DEBUG ? odoo.service.server: cron0 polling for jobs 
2025-08-06 17:02:13,099 107224 DEBUG odoo_test_1 odoo.modules.registry: Multiprocess signaling check: [Registry - 4 -> 4] [Cache - 149 -> 149] 
2025-08-06 17:02:19,700 107224 DEBUG ? odoo.service.server: cron1 polling for jobs 
2025-08-06 17:02:50,129 107224 DEBUG ? odoo.service.server: cron0 polling for jobs 
2025-08-06 17:03:13,123 107224 DEBUG odoo_test_1 odoo.modules.registry: Multiprocess signaling check: [Registry - 4 -> 4] [Cache - 149 -> 149] 
2025-08-06 17:03:20,715 107224 DEBUG ? odoo.service.server: cron1 polling for jobs 
2025-08-06 17:03:50,135 107224 DEBUG ? odoo.service.server: cron0 polling for jobs 
2025-08-06 17:04:21,743 107224 DEBUG ? odoo.service.server: cron1 polling for jobs 
2025-08-06 17:04:50,154 107224 DEBUG ? odoo.service.server: cron0 polling for jobs 
2025-08-06 17:05:13,126 107224 DEBUG odoo_test_1 odoo.modules.registry: Multiprocess signaling check: [Registry - 4 -> 4] [Cache - 149 -> 149] 
2025-08-06 17:05:22,766 107224 DEBUG ? odoo.service.server: cron1 polling for jobs 
2025-08-06 17:05:22,780 107224 DEBUG odoo_test_1 odoo.addons.base.models.ir_cron: job 13 acquired 
2025-08-06 17:05:22,790 107224 DEBUG odoo_test_1 odoo.modules.registry: Multiprocess signaling check: [Registry - 4 -> 4] [Cache - 149 -> 149] 
2025-08-06 17:05:22,792 107224 DEBUG odoo_test_1 odoo.addons.base.models.ir_cron: cron.object.execute('odoo_test_1', 1, '*', 'payment: post-process transactions', 285) 
2025-08-06 17:05:22,793 107224 INFO odoo_test_1 odoo.addons.base.models.ir_cron: Starting job `payment: post-process transactions`. 
2025-08-06 17:05:22,809 107224 INFO odoo_test_1 odoo.addons.base.models.ir_cron: Job `payment: post-process transactions` done. 
2025-08-06 17:05:22,809 107224 DEBUG odoo_test_1 odoo.addons.base.models.ir_cron: 0.016s (cron payment: post-process transactions, server action 285 with uid 1) 
2025-08-06 17:05:22,813 107224 DEBUG odoo_test_1 odoo.addons.base.models.ir_cron: job 13 updated and released 
2025-08-06 17:05:50,161 107224 DEBUG ? odoo.service.server: cron0 polling for jobs 
2025-08-06 17:06:13,178 107224 DEBUG odoo_test_1 odoo.modules.registry: Multiprocess signaling check: [Registry - 4 -> 4] [Cache - 149 -> 149] 
2025-08-06 17:06:23,837 107224 DEBUG ? odoo.service.server: cron1 polling for jobs 
2025-08-06 17:06:50,175 107224 DEBUG ? odoo.service.server: cron0 polling for jobs 
2025-08-06 17:07:24,860 107224 DEBUG ? odoo.service.server: cron1 polling for jobs 
2025-08-06 17:07:50,181 107224 DEBUG ? odoo.service.server: cron0 polling for jobs 
2025-08-06 17:08:13,115 107224 DEBUG odoo_test_1 odoo.modules.registry: Multiprocess signaling check: [Registry - 4 -> 4] [Cache - 149 -> 149] 
2025-08-06 17:08:25,877 107224 DEBUG ? odoo.service.server: cron1 polling for jobs 
2025-08-06 17:08:50,190 107224 DEBUG ? odoo.service.server: cron0 polling for jobs 
2025-08-06 17:09:26,904 107224 DEBUG ? odoo.service.server: cron1 polling for jobs 
2025-08-06 17:09:50,207 107224 DEBUG ? odoo.service.server: cron0 polling for jobs 
2025-08-06 17:10:13,125 107224 DEBUG odoo_test_1 odoo.modules.registry: Multiprocess signaling check: [Registry - 4 -> 4] [Cache - 149 -> 149] 
2025-08-06 17:10:27,924 107224 DEBUG ? odoo.service.server: cron1 polling for jobs 
2025-08-06 17:10:50,218 107224 DEBUG ? odoo.service.server: cron0 polling for jobs 
2025-08-06 17:11:13,120 107224 DEBUG odoo_test_1 odoo.modules.registry: Multiprocess signaling check: [Registry - 4 -> 4] [Cache - 149 -> 149] 
2025-08-06 17:11:28,952 107224 DEBUG ? odoo.service.server: cron1 polling for jobs 
2025-08-06 17:11:50,238 107224 DEBUG ? odoo.service.server: cron0 polling for jobs 
2025-08-06 17:12:13,107 107224 DEBUG odoo_test_1 odoo.modules.registry: Multiprocess signaling check: [Registry - 4 -> 4] [Cache - 149 -> 149] 
2025-08-06 17:12:29,968 107224 DEBUG ? odoo.service.server: cron1 polling for jobs 
2025-08-06 17:12:50,254 107224 DEBUG ? odoo.service.server: cron0 polling for jobs 
2025-08-06 17:13:10,825 107224 DEBUG ? odoo.modules.registry: Multiprocess signaling check: [Registry - 4 -> 4] [Cache - 149 -> 149] 
2025-08-06 17:13:10,969 107224 INFO odoo_test_1 werkzeug: 10.2.0.2 - - [06/Aug/2025 17:13:10] "POST /web/action/load HTTP/1.1" 200 - 20 0.027 0.120
2025-08-06 17:13:11,081 107224 DEBUG ? odoo.modules.registry: Multiprocess signaling check: [Registry - 4 -> 4] [Cache - 149 -> 149] 
2025-08-06 17:13:11,139 107224 DEBUG odoo_test_1 odoo.api: call ir.module.module().get_views(options={'action_id': 36, 'load_filters': True, 'toolbar': True}, views=[[False, 'kanban'], [False, 'list'], [False, 'form'], [92, 'search']]) 
2025-08-06 17:13:11,342 107224 INFO odoo_test_1 werkzeug: 10.2.0.2 - - [06/Aug/2025 17:13:11] "POST /web/dataset/call_kw/ir.module.module/get_views HTTP/1.1" 200 - 58 0.078 0.185
2025-08-06 17:13:11,370 107224 DEBUG ? odoo.modules.registry: Multiprocess signaling check: [Registry - 4 -> 4] [Cache - 149 -> 149] 
2025-08-06 17:13:11,373 107224 DEBUG odoo_test_1 odoo.api: call ir.module.module().search_panel_select_range('category_id', category_domain=[], enable_counters=True, expand=False, filter_domain=[], hierarchize=True, limit=200, search_domain=[['application', '=', True]]) 
2025-08-06 17:13:11,517 107224 INFO odoo_test_1 werkzeug: 10.2.0.2 - - [06/Aug/2025 17:13:11] "POST /web/dataset/call_kw/ir.module.module/search_panel_select_range HTTP/1.1" 200 - 90 0.116 0.033
2025-08-06 17:13:11,689 107224 DEBUG ? odoo.modules.registry: Multiprocess signaling check: [Registry - 4 -> 4] [Cache - 149 -> 149] 
2025-08-06 17:13:11,692 107224 DEBUG odoo_test_1 odoo.api: call ir.module.module().web_search_read(count_limit=10001, domain=[['application', '=', True]], fields=['icon', 'to_buy', 'name', 'state', 'summary', 'website', 'application', 'shortdesc'], limit=80, offset=0, order='') 
2025-08-06 17:13:11,703 107224 INFO odoo_test_1 werkzeug: 10.2.0.2 - - [06/Aug/2025 17:13:11] "POST /web/dataset/call_kw/ir.module.module/web_search_read HTTP/1.1" 200 - 7 0.006 0.010
2025-08-06 17:13:12,354 107224 INFO ? werkzeug: 10.2.0.2 - - [06/Aug/2025 17:13:12] "GET /commercium_connector/static/src/img/logo.png HTTP/1.1" 304 - 0 0.000 0.005
2025-08-06 17:13:13,103 107224 DEBUG odoo_test_1 odoo.modules.registry: Multiprocess signaling check: [Registry - 4 -> 4] [Cache - 149 -> 149] 
2025-08-06 17:13:14,351 107224 DEBUG ? odoo.modules.registry: Multiprocess signaling check: [Registry - 4 -> 4] [Cache - 149 -> 149] 
2025-08-06 17:13:14,358 107224 DEBUG odoo_test_1 odoo.api: call ir.module.module().search_panel_select_range('category_id', category_domain=[], enable_counters=True, expand=False, filter_domain=[], hierarchize=True, limit=200, search_domain=[]) 
2025-08-06 17:13:14,479 107224 INFO odoo_test_1 werkzeug: 10.2.0.2 - - [06/Aug/2025 17:13:14] "POST /web/dataset/call_kw/ir.module.module/search_panel_select_range HTTP/1.1" 200 - 89 0.097 0.034
2025-08-06 17:13:14,668 107224 DEBUG ? odoo.modules.registry: Multiprocess signaling check: [Registry - 4 -> 4] [Cache - 149 -> 149] 
2025-08-06 17:13:14,670 107224 DEBUG odoo_test_1 odoo.api: call ir.module.module().web_search_read(count_limit=10001, domain=[], fields=['icon', 'to_buy', 'name', 'state', 'summary', 'website', 'application', 'shortdesc'], limit=80, offset=0, order='') 
2025-08-06 17:13:14,689 107224 INFO odoo_test_1 werkzeug: 10.2.0.2 - - [06/Aug/2025 17:13:14] "POST /web/dataset/call_kw/ir.module.module/web_search_read HTTP/1.1" 200 - 10 0.013 0.012
2025-08-06 17:13:15,281 107224 INFO ? werkzeug: 10.2.0.2 - - [06/Aug/2025 17:13:15] "GET /l10n_ar_website_sale/static/description/icon.png HTTP/1.1" 200 - 0 0.000 0.007
2025-08-06 17:13:17,702 107224 DEBUG ? odoo.modules.registry: Multiprocess signaling check: [Registry - 4 -> 4] [Cache - 149 -> 149] 
2025-08-06 17:13:17,704 107224 DEBUG odoo_test_1 odoo.api: call ir.module.module().search_panel_select_range('category_id', category_domain=[], enable_counters=True, expand=False, filter_domain=[], hierarchize=True, limit=200, search_domain=['|', '|', ['summary', 'ilike', 'commercium'], ['shortdesc', 'ilike', 'commercium'], ['name', 'ilike', 'commercium']]) 
2025-08-06 17:13:17,857 107224 INFO odoo_test_1 werkzeug: 10.2.0.2 - - [06/Aug/2025 17:13:17] "POST /web/dataset/call_kw/ir.module.module/search_panel_select_range HTTP/1.1" 200 - 89 0.142 0.021
2025-08-06 17:13:18,187 107224 DEBUG ? odoo.modules.registry: Multiprocess signaling check: [Registry - 4 -> 4] [Cache - 149 -> 149] 
2025-08-06 17:13:18,193 107224 DEBUG odoo_test_1 odoo.api: call ir.module.module().web_search_read(count_limit=10001, domain=['|', '|', ['summary', 'ilike', 'commercium'], ['shortdesc', 'ilike', 'commercium'], ['name', 'ilike', 'commercium']], fields=['icon', 'to_buy', 'name', 'state', 'summary', 'website', 'application', 'shortdesc'], limit=80, offset=0, order='') 
2025-08-06 17:13:18,231 107224 INFO odoo_test_1 werkzeug: 10.2.0.2 - - [06/Aug/2025 17:13:18] "POST /web/dataset/call_kw/ir.module.module/web_search_read HTTP/1.1" 200 - 7 0.033 0.016
2025-08-06 17:13:27,516 107224 DEBUG ? odoo.modules.registry: Multiprocess signaling check: [Registry - 4 -> 4] [Cache - 149 -> 149] 
2025-08-06 17:13:27,532 107224 INFO odoo_test_1 werkzeug: 10.2.0.2 - - [06/Aug/2025 17:13:27] "POST /web/action/load HTTP/1.1" 200 - 10 0.007 0.010
2025-08-06 17:13:27,783 107224 DEBUG ? odoo.modules.registry: Multiprocess signaling check: [Registry - 4 -> 4] [Cache - 149 -> 149] 
2025-08-06 17:13:27,785 107224 DEBUG odoo_test_1 odoo.api: call base.module.update().get_views(options={'action_id': 42, 'load_filters': False, 'toolbar': False}, views=[[False, 'form']]) 
2025-08-06 17:13:28,166 107224 INFO odoo_test_1 werkzeug: 10.2.0.2 - - [06/Aug/2025 17:13:28] "POST /web/dataset/call_kw/base.module.update/get_views HTTP/1.1" 200 - 11 0.065 0.320
2025-08-06 17:13:28,219 107224 DEBUG ? odoo.modules.registry: Multiprocess signaling check: [Registry - 4 -> 4] [Cache - 149 -> 149] 
2025-08-06 17:13:28,221 107224 DEBUG odoo_test_1 odoo.api: call base.module.update().onchange({}, [], {'state': '', 'updated': '', 'added': ''}) 
2025-08-06 17:13:28,224 107224 INFO odoo_test_1 werkzeug: 10.2.0.2 - - [06/Aug/2025 17:13:28] "POST /web/dataset/call_kw/base.module.update/onchange HTTP/1.1" 200 - 2 0.001 0.006
2025-08-06 17:13:30,116 107224 DEBUG ? odoo.modules.registry: Multiprocess signaling check: [Registry - 4 -> 4] [Cache - 149 -> 149] 
2025-08-06 17:13:30,120 107224 DEBUG odoo_test_1 odoo.api: call base.module.update().create({}) 
2025-08-06 17:13:30,170 107224 INFO odoo_test_1 werkzeug: 10.2.0.2 - - [06/Aug/2025 17:13:30] "POST /web/dataset/call_kw/base.module.update/create HTTP/1.1" 200 - 4 0.049 0.012
2025-08-06 17:13:30,371 107224 DEBUG ? odoo.modules.registry: Multiprocess signaling check: [Registry - 4 -> 4] [Cache - 149 -> 149] 
2025-08-06 17:13:30,373 107224 DEBUG odoo_test_1 odoo.api: call base.module.update(5,).read(['state', 'updated', 'added', 'display_name']) 
2025-08-06 17:13:30,379 107224 INFO odoo_test_1 werkzeug: 10.2.0.2 - - [06/Aug/2025 17:13:30] "POST /web/dataset/call_kw/base.module.update/read HTTP/1.1" 200 - 4 0.004 0.005
2025-08-06 17:13:30,489 107224 DEBUG ? odoo.modules.registry: Multiprocess signaling check: [Registry - 4 -> 4] [Cache - 149 -> 149] 
2025-08-06 17:13:30,490 107224 DEBUG odoo_test_1 odoo.api: call base.module.update(5,).update_module() 
2025-08-06 17:13:30,545 107224 INFO odoo_test_1 odoo.addons.base.models.ir_module: ALLOW access to module.update_list on [] to user rupesh.constacloud@gmail.com #2 via 10.2.0.2 
2025-08-06 17:13:30,996 107224 DEBUG ? odoo.service.server: cron1 polling for jobs 
2025-08-06 17:13:32,276 107224 INFO odoo_test_1 werkzeug: 10.2.0.2 - - [06/Aug/2025 17:13:32] "POST /web/dataset/call_button HTTP/1.1" 200 - 1478 1.059 0.730
2025-08-06 17:13:45,311 107224 DEBUG ? odoo.modules.registry: Multiprocess signaling check: [Registry - 4 -> 4] [Cache - 149 -> 149] 
2025-08-06 17:13:45,319 107224 DEBUG odoo_test_1 odoo.api: call ir.module.module().search_panel_select_range('category_id', category_domain=[], enable_counters=True, expand=False, filter_domain=[], hierarchize=True, limit=200, search_domain=['|', '|', ['summary', 'ilike', 'commercium'], ['shortdesc', 'ilike', 'commercium'], ['name', 'ilike', 'commercium']]) 
2025-08-06 17:13:45,494 107224 INFO odoo_test_1 werkzeug: 10.2.0.2 - - [06/Aug/2025 17:13:45] "POST /web/dataset/call_kw/ir.module.module/search_panel_select_range HTTP/1.1" 200 - 89 0.158 0.028
2025-08-06 17:13:45,622 107224 DEBUG ? odoo.modules.registry: Multiprocess signaling check: [Registry - 4 -> 4] [Cache - 149 -> 149] 
2025-08-06 17:13:45,687 107224 DEBUG odoo_test_1 odoo.api: call ir.module.module().web_search_read(count_limit=10001, domain=['&', '|', '|', ['summary', 'ilike', 'commercium'], ['shortdesc', 'ilike', 'commercium'], ['name', 'ilike', 'commercium'], ['category_id', 'child_of', 4]], fields=['icon', 'to_buy', 'name', 'state', 'summary', 'website', 'application', 'shortdesc'], limit=80, offset=0, order='') 
2025-08-06 17:13:45,698 107224 INFO odoo_test_1 werkzeug: 10.2.0.2 - - [06/Aug/2025 17:13:45] "POST /web/dataset/call_kw/ir.module.module/web_search_read HTTP/1.1" 200 - 8 0.011 0.068
2025-08-06 17:13:46,404 107224 INFO ? werkzeug: 10.2.0.2 - - [06/Aug/2025 17:13:46] "GET /web/static/img/empty_folder.svg HTTP/1.1" 200 - 0 0.000 0.364
2025-08-06 17:13:48,698 107224 DEBUG ? odoo.modules.registry: Multiprocess signaling check: [Registry - 4 -> 4] [Cache - 149 -> 149] 
2025-08-06 17:13:48,701 107224 DEBUG odoo_test_1 odoo.api: call res.config.settings().get_views(options={'action_id': 88, 'load_filters': False, 'toolbar': False}, views=[[False, 'form']]) 
2025-08-06 17:13:49,064 107224 INFO odoo_test_1 werkzeug: 10.2.0.2 - - [06/Aug/2025 17:13:49] "POST /web/dataset/call_kw/res.config.settings/get_views HTTP/1.1" 200 - 58 0.038 0.333
2025-08-06 17:13:49,440 107224 DEBUG ? odoo.modules.registry: Multiprocess signaling check: [Registry - 4 -> 4] [Cache - 149 -> 149] 
2025-08-06 17:13:49,444 107224 DEBUG odoo_test_1 odoo.api: call res.config.settings().onchange({}, [], {'active_user_count': '', 'language_count': '', 'company_id': '1', 'company_name': '', 'company_informations': '', 'external_report_layout_id': '', 'company_count': '', 'primary_color': '', 'secondary_color': '', 'product_weight_in_lbs': '', 'product_volume_volume_in_cubic_feet': '', 'external_email_server_default': '', 'alias_domain': '', 'module_google_gmail': '1', 'google_gmail_client_identifier': '', 'google_gmail_client_secret': '', 'module_microsoft_outlook': '1', 'use_twilio_rtc_servers': '', 'twilio_account_sid': '', 'twilio_account_token': '', 'restrict_template_rendering': '', 'digest_emails': '', 'digest_id': '', 'module_partner_autocomplete': '1', 'auth_signup_uninvited': '', 'auth_signup_reset_password': '', 'user_default_rights': '', 'portal_allow_api_keys': '', 'module_base_import': '1', 'show_effect': '', 'module_mail_plugin': '1', 'module_microsoft_calendar': '1', 'module_google_calendar': '1', 'module_product_images': '1', 'module_auth_oauth': '1', 'module_auth_ldap': '1', 'module_web_unsplash': '1', 'unsplash_access_key': '', 'unsplash_app_id': '', 'module_base_geolocalize': '1', 'module_google_recaptcha': '1', 'profiling_enabled_until': '', 'commercium_domain': '', 'commercium_db': '', 'commercium_username': '', 'commercium_password': '', 'platform_connected': '', 'group_stock_tracking_lot': '', 'module_stock_picking_batch': '1', 'group_stock_picking_wave': '', 'group_warning_stock': '', 'module_quality_control': '1', 'module_quality_control_worksheet': '1', 'annual_inventory_day': '', 'annual_inventory_month': '', 'group_stock_reception_report': '', 'module_stock_barcode': '1', 'stock_move_email_validation': '', 'stock_move_sms_validation': '', 'stock_sms_confirmation_template_id': '', 'group_stock_sign_delivery': '', 'module_delivery': '1', 'module_delivery_bpost': '1', 'module_delivery_easypost': '1', 'module_delivery_sendcloud': '1', 'group_product_variant': '1', 'group_uom': '', 'group_stock_packaging': '', 'group_stock_production_lot': '1', 'group_stock_lot_print_gs1': '', 'module_product_expiry': '1', 'group_lot_on_delivery_slip': '', 'group_stock_tracking_owner': '', 'module_stock_landed_costs': '1', 'group_lot_on_invoice': '', 'group_stock_multi_locations': '1', 'group_stock_adv_location': '1', 'group_stock_storage_categories': '', 'country_code': '', 'has_chart_of_accounts': '', 'has_accounting_entries': '', 'chart_template_id': '', 'sale_tax_id': '', 'purchase_tax_id': '', 'tax_calculation_rounding_method': '', 'early_pay_discount_computation': '', 'module_account_taxcloud': '1', 'module_l10n_eu_oss': '1', 'tax_exigibility': '1', 'account_fiscal_country_id': '', 'currency_id': '', 'group_multi_currency': '', 'module_currency_rate_live': '1', 'invoice_is_print': '', 'invoice_is_email': '', 'invoice_is_snailmail': '', 'module_snailmail_account': '1', 'snailmail_color': '', 'snailmail_duplex': '', 'snailmail_cover': '', 'group_sale_delivery_address': '', 'show_line_subtotals_tax_selection': '1', 'group_show_line_subtotals_tax_excluded': '', 'group_show_line_subtotals_tax_included': '', 'group_warning_account': '', 'group_cash_rounding': '', 'module_account_intrastat': '1', 'incoterm_id': '', 'group_show_sale_receipts': '', 'use_invoice_terms': '', 'terms_type': '1', 'invoice_terms': '', 'preview_ready': '', 'account_use_credit_limit': '', 'account_default_credit_limit': '', 'module_account_payment': '1', 'module_account_batch_payment': '1', 'module_account_sepa_direct_debit': '1', 'qr_code': '', 'group_show_purchase_receipts': '', 'module_account_sepa': '1', 'module_account_invoice_extract': '1', 'module_product_margin': '1', 'account_storno': '', 'quick_edit_mode': ''}) 
2025-08-06 17:13:49,653 107224 INFO odoo_test_1 werkzeug: 10.2.0.2 - - [06/Aug/2025 17:13:49] "POST /web/dataset/call_kw/res.config.settings/onchange HTTP/1.1" 200 - 136 0.142 0.076
2025-08-06 17:13:49,727 107224 DEBUG ? odoo.modules.registry: Multiprocess signaling check: [Registry - 4 -> 4] [Cache - 149 -> 149] 
2025-08-06 17:13:49,775 107224 DEBUG odoo_test_1 odoo.addons.http_routing.models.ir_http: '/null/static/description/icon.png' (lang: 'en') no lang in url and default website, continue 
2025-08-06 17:13:49,877 107224 WARNING odoo_test_1 odoo.addons.base.models.ir_qweb: Found deprecated directive @t-esc="title or 'Odoo'" in template 181. Replace by @t-out 
2025-08-06 17:13:49,994 107224 WARNING odoo_test_1 odoo.addons.base.models.ir_qweb: Found deprecated directive @t-esc='request.csrf_token(None)' in template 181. Replace by @t-out 
2025-08-06 17:13:50,024 107224 WARNING odoo_test_1 odoo.addons.base.models.ir_qweb: Found deprecated directive @t-esc='debug' in template 181. Replace by @t-out 
2025-08-06 17:13:50,269 107224 DEBUG ? odoo.service.server: cron0 polling for jobs 
2025-08-06 17:13:50,752 107224 INFO odoo_test_1 odoo.addons.base.models.assetsbundle: Failed to find attachment for assets /web/assets/%-ddb6cce/web.assets_frontend.css 
2025-08-06 17:13:59,041 107224 INFO odoo_test_1 odoo.addons.base.models.assetsbundle: Failed to find attachment for assets /web/assets/%-ddb6cce/web.assets_frontend.css.map 
2025-08-06 17:13:59,051 107224 INFO odoo_test_1 odoo.addons.base.models.assetsbundle: Deleting ir.attachment [551] (from bundle web.assets_frontend) 
2025-08-06 17:13:59,227 107224 INFO odoo_test_1 odoo.addons.base.models.assetsbundle: Deleting ir.attachment [552] (from bundle web.assets_frontend) 
2025-08-06 17:13:59,977 107224 INFO odoo_test_1 odoo.addons.base.models.assetsbundle: Failed to find attachment for assets /web/assets/%-bd02d63/web.assets_frontend_lazy.js 
2025-08-06 17:14:00,317 107224 INFO odoo_test_1 odoo.addons.base.models.assetsbundle: Failed to find attachment for assets /web/assets/%-bd02d63/web.assets_frontend_lazy.js.map 
2025-08-06 17:14:00,326 107224 INFO odoo_test_1 odoo.addons.base.models.assetsbundle: Deleting ir.attachment [555] (from bundle web.assets_frontend_lazy) 
2025-08-06 17:14:01,371 107224 INFO odoo_test_1 odoo.addons.base.models.assetsbundle: Deleting ir.attachment [556] (from bundle web.assets_frontend_lazy) 
2025-08-06 17:14:01,801 107224 WARNING odoo_test_1 odoo.addons.base.models.ir_qweb: Found deprecated directive @t-esc="user_id.name[:23] + '...' if user_id.name and len(user_id.name) > 25 else user_id.name" in template 450. Replace by @t-out 
2025-08-06 17:14:01,837 107224 WARNING odoo_test_1 odoo.addons.base.models.ir_qweb: Found deprecated directive @t-esc="active_lang[2].split('/').pop()" in template 449. Replace by @t-out 
2025-08-06 17:14:01,847 107224 WARNING odoo_test_1 odoo.addons.base.models.ir_qweb: Found deprecated directive @t-esc="lg[2].split('/').pop()" in template 449. Replace by @t-out 
2025-08-06 17:14:01,926 107224 INFO odoo_test_1 werkzeug: 10.2.0.2 - - [06/Aug/2025 17:14:01] "GET /null/static/description/icon.png HTTP/1.1" 404 - 174 0.292 11.910
2025-08-06 17:14:14,095 107224 DEBUG odoo_test_1 odoo.modules.registry: Multiprocess signaling check: [Registry - 4 -> 4] [Cache - 149 -> 149] 
2025-08-06 17:14:32,012 107224 DEBUG ? odoo.service.server: cron1 polling for jobs 
2025-08-06 17:14:50,280 107224 DEBUG ? odoo.service.server: cron0 polling for jobs 
2025-08-06 17:15:33,047 107224 DEBUG ? odoo.service.server: cron1 polling for jobs 
2025-08-06 17:15:33,054 107224 DEBUG odoo_test_1 odoo.addons.base.models.ir_cron: job 13 acquired 
2025-08-06 17:15:33,062 107224 DEBUG odoo_test_1 odoo.modules.registry: Multiprocess signaling check: [Registry - 4 -> 4] [Cache - 149 -> 149] 
2025-08-06 17:15:33,063 107224 DEBUG odoo_test_1 odoo.addons.base.models.ir_cron: cron.object.execute('odoo_test_1', 1, '*', 'payment: post-process transactions', 285) 
2025-08-06 17:15:33,063 107224 INFO odoo_test_1 odoo.addons.base.models.ir_cron: Starting job `payment: post-process transactions`. 
2025-08-06 17:15:33,070 107224 INFO odoo_test_1 odoo.addons.base.models.ir_cron: Job `payment: post-process transactions` done. 
2025-08-06 17:15:33,070 107224 DEBUG odoo_test_1 odoo.addons.base.models.ir_cron: 0.007s (cron payment: post-process transactions, server action 285 with uid 1) 
2025-08-06 17:15:33,073 107224 DEBUG odoo_test_1 odoo.addons.base.models.ir_cron: job 13 updated and released 
2025-08-06 17:15:35,141 107224 DEBUG odoo_test_1 odoo.modules.registry: Multiprocess signaling check: [Registry - 4 -> 4] [Cache - 149 -> 149] 
2025-08-06 17:15:50,285 107224 DEBUG ? odoo.service.server: cron0 polling for jobs 
2025-08-06 17:16:34,088 107224 DEBUG ? odoo.service.server: cron1 polling for jobs 
2025-08-06 17:16:36,094 107224 DEBUG odoo_test_1 odoo.modules.registry: Multiprocess signaling check: [Registry - 4 -> 4] [Cache - 149 -> 149] 
2025-08-06 17:16:50,292 107224 DEBUG ? odoo.service.server: cron0 polling for jobs 
2025-08-06 17:17:35,115 107224 DEBUG ? odoo.service.server: cron1 polling for jobs 
2025-08-06 17:17:50,295 107224 DEBUG ? odoo.service.server: cron0 polling for jobs 
2025-08-06 17:18:00,383 107224 INFO ? odoo.addons.base.models.res_users: Login successful for db:odoo_test_1 login:rupesh.constacloud@gmail.com from 10.2.0.2 
2025-08-06 17:18:00,700 107224 INFO ? werkzeug: 10.2.0.2 - - [06/Aug/2025 17:18:00] "POST /web/session/authenticate HTTP/1.1" 200 - 84 0.228 3.090
2025-08-06 17:18:13,113 107224 DEBUG odoo_test_1 odoo.modules.registry: Multiprocess signaling check: [Registry - 4 -> 4] [Cache - 149 -> 149] 
2025-08-06 17:18:21,173 107224 DEBUG ? odoo.modules.registry: Multiprocess signaling check: [Registry - 4 -> 4] [Cache - 149 -> 149] 
2025-08-06 17:18:21,188 107224 INFO odoo_test_1 odoo.modules.registry: At least one model cache has been invalidated, signaling through the database. 
2025-08-06 17:18:21,190 107224 INFO odoo_test_1 werkzeug: 10.2.0.2 - - [06/Aug/2025 17:18:21] "GET /api/platform_connection?platform_id=14&platform_connected=False HTTP/1.1" 200 - 14 0.012 0.007
2025-08-06 17:18:36,133 107224 DEBUG ? odoo.service.server: cron1 polling for jobs 
2025-08-06 17:18:50,310 107224 DEBUG ? odoo.service.server: cron0 polling for jobs 
2025-08-06 17:19:13,114 107224 DEBUG odoo_test_1 odoo.modules.registry: Multiprocess signaling check: [Registry - 4 -> 4] [Cache - 150 -> 150] 
2025-08-06 17:19:37,154 107224 DEBUG ? odoo.service.server: cron1 polling for jobs 
2025-08-06 17:19:50,325 107224 DEBUG ? odoo.service.server: cron0 polling for jobs 
2025-08-06 17:20:14,414 107224 DEBUG odoo_test_1 odoo.modules.registry: Multiprocess signaling check: [Registry - 4 -> 4] [Cache - 150 -> 150] 
2025-08-06 17:20:38,185 107224 DEBUG ? odoo.service.server: cron1 polling for jobs 
2025-08-06 17:20:50,338 107224 DEBUG ? odoo.service.server: cron0 polling for jobs 
2025-08-06 17:20:50,341 107224 DEBUG odoo_test_1 odoo.addons.base.models.ir_cron: job 6 acquired 
2025-08-06 17:20:50,348 107224 DEBUG odoo_test_1 odoo.modules.registry: Multiprocess signaling check: [Registry - 4 -> 4] [Cache - 150 -> 150] 
2025-08-06 17:20:50,350 107224 DEBUG odoo_test_1 odoo.addons.base.models.ir_cron: cron.object.execute('odoo_test_1', 
2025-08-06 17:20:50,350 107224 DEBUG odoo_test_1 odoo.addons.base.models.ir_cron:                     1, 
2025-08-06 17:20:50,350 107224 DEBUG odoo_test_1 odoo.addons.base.models.ir_cron:                     '*', 
2025-08-06 17:20:50,350 107224 DEBUG odoo_test_1 odoo.addons.base.models.ir_cron:                     'Notification: Send scheduled message notifications', 
2025-08-06 17:20:50,350 107224 DEBUG odoo_test_1 odoo.addons.base.models.ir_cron:                     124) 
2025-08-06 17:20:50,350 107224 INFO odoo_test_1 odoo.addons.base.models.ir_cron: Starting job `Notification: Send scheduled message notifications`. 
2025-08-06 17:20:50,358 107224 INFO odoo_test_1 odoo.addons.base.models.ir_cron: Job `Notification: Send scheduled message notifications` done. 
2025-08-06 17:20:50,358 107224 DEBUG odoo_test_1 odoo.addons.base.models.ir_cron: 0.009s (cron Notification: Send scheduled message notifications, server action 124 with uid 1) 
2025-08-06 17:20:50,360 107224 DEBUG odoo_test_1 odoo.addons.base.models.ir_cron: job 6 updated and released 
2025-08-06 17:20:50,361 107224 DEBUG odoo_test_1 odoo.addons.base.models.ir_cron: job 2 acquired 
2025-08-06 17:20:50,365 107224 DEBUG odoo_test_1 odoo.modules.registry: Multiprocess signaling check: [Registry - 4 -> 4] [Cache - 150 -> 150] 
2025-08-06 17:20:50,366 107224 DEBUG odoo_test_1 odoo.addons.base.models.ir_cron: cron.object.execute('odoo_test_1', 1, '*', 'Mail: Email Queue Manager', 120) 
2025-08-06 17:20:50,366 107224 INFO odoo_test_1 odoo.addons.base.models.ir_cron: Starting job `Mail: Email Queue Manager`. 
2025-08-06 17:20:50,383 107224 INFO odoo_test_1 odoo.addons.base.models.ir_cron: Job `Mail: Email Queue Manager` done. 
2025-08-06 17:20:50,384 107224 DEBUG odoo_test_1 odoo.addons.base.models.ir_cron: 0.017s (cron Mail: Email Queue Manager, server action 120 with uid 1) 
2025-08-06 17:20:50,386 107224 DEBUG odoo_test_1 odoo.addons.base.models.ir_cron: job 2 updated and released 
2025-08-06 17:21:39,207 107224 DEBUG ? odoo.service.server: cron1 polling for jobs 
2025-08-06 17:21:39,211 107224 DEBUG odoo_test_1 odoo.addons.base.models.ir_cron: job 10 acquired 
2025-08-06 17:21:39,215 107224 DEBUG odoo_test_1 odoo.modules.registry: Multiprocess signaling check: [Registry - 4 -> 4] [Cache - 150 -> 150] 
2025-08-06 17:21:39,217 107224 DEBUG odoo_test_1 odoo.addons.base.models.ir_cron: cron.object.execute('odoo_test_1', 1, '*', 'Snailmail: process letters queue', 180) 
2025-08-06 17:21:39,217 107224 INFO odoo_test_1 odoo.addons.base.models.ir_cron: Starting job `Snailmail: process letters queue`. 
2025-08-06 17:21:39,227 107224 INFO odoo_test_1 odoo.addons.base.models.ir_cron: Job `Snailmail: process letters queue` done. 
2025-08-06 17:21:39,227 107224 DEBUG odoo_test_1 odoo.addons.base.models.ir_cron: 0.011s (cron Snailmail: process letters queue, server action 180 with uid 1) 
2025-08-06 17:21:39,230 107224 DEBUG odoo_test_1 odoo.addons.base.models.ir_cron: job 10 updated and released 
2025-08-06 17:21:39,231 107224 DEBUG odoo_test_1 odoo.addons.base.models.ir_cron: job 9 acquired 
2025-08-06 17:21:39,235 107224 DEBUG odoo_test_1 odoo.modules.registry: Multiprocess signaling check: [Registry - 4 -> 4] [Cache - 150 -> 150] 
2025-08-06 17:21:39,236 107224 DEBUG odoo_test_1 odoo.addons.base.models.ir_cron: cron.object.execute('odoo_test_1', 1, '*', 'SMS: SMS Queue Manager', 170) 
2025-08-06 17:21:39,236 107224 INFO odoo_test_1 odoo.addons.base.models.ir_cron: Starting job `SMS: SMS Queue Manager`. 
2025-08-06 17:21:39,246 107224 INFO odoo_test_1 odoo.addons.base.models.ir_cron: Job `SMS: SMS Queue Manager` done. 
2025-08-06 17:21:39,247 107224 DEBUG odoo_test_1 odoo.addons.base.models.ir_cron: 0.011s (cron SMS: SMS Queue Manager, server action 170 with uid 1) 
2025-08-06 17:21:39,249 107224 DEBUG odoo_test_1 odoo.addons.base.models.ir_cron: job 9 updated and released 
2025-08-06 17:21:39,250 107224 DEBUG odoo_test_1 odoo.addons.base.models.ir_cron: job 8 acquired 
2025-08-06 17:21:39,254 107224 DEBUG odoo_test_1 odoo.modules.registry: Multiprocess signaling check: [Registry - 4 -> 4] [Cache - 150 -> 150] 
2025-08-06 17:21:39,255 107224 DEBUG odoo_test_1 odoo.addons.base.models.ir_cron: cron.object.execute('odoo_test_1', 1, '*', 'Partner Autocomplete : Sync with remote DB', 166) 
2025-08-06 17:21:39,255 107224 INFO odoo_test_1 odoo.addons.base.models.ir_cron: Starting job `Partner Autocomplete : Sync with remote DB`. 
2025-08-06 17:21:39,262 107224 INFO odoo_test_1 odoo.addons.base.models.ir_cron: Job `Partner Autocomplete : Sync with remote DB` done. 
2025-08-06 17:21:39,262 107224 DEBUG odoo_test_1 odoo.addons.base.models.ir_cron: 0.006s (cron Partner Autocomplete : Sync with remote DB, server action 166 with uid 1) 
2025-08-06 17:21:39,265 107224 DEBUG odoo_test_1 odoo.addons.base.models.ir_cron: job 8 updated and released 
2025-08-06 17:21:50,401 107224 DEBUG ? odoo.service.server: cron0 polling for jobs 
2025-08-06 17:22:13,122 107224 DEBUG odoo_test_1 odoo.modules.registry: Multiprocess signaling check: [Registry - 4 -> 4] [Cache - 150 -> 150] 
2025-08-06 17:22:40,278 107224 DEBUG ? odoo.service.server: cron1 polling for jobs 
2025-08-06 17:22:50,419 107224 DEBUG ? odoo.service.server: cron0 polling for jobs 
2025-08-06 17:23:41,293 107224 DEBUG ? odoo.service.server: cron1 polling for jobs 
2025-08-06 17:23:50,426 107224 DEBUG ? odoo.service.server: cron0 polling for jobs 
2025-08-06 17:24:13,145 107224 DEBUG odoo_test_1 odoo.modules.registry: Multiprocess signaling check: [Registry - 4 -> 4] [Cache - 150 -> 150] 
2025-08-06 17:24:42,316 107224 DEBUG ? odoo.service.server: cron1 polling for jobs 
2025-08-06 17:24:50,442 107224 DEBUG ? odoo.service.server: cron0 polling for jobs 
2025-08-06 17:25:43,334 107224 DEBUG ? odoo.service.server: cron1 polling for jobs 
2025-08-06 17:25:43,337 107224 DEBUG odoo_test_1 odoo.addons.base.models.ir_cron: job 13 acquired 
2025-08-06 17:25:43,344 107224 DEBUG odoo_test_1 odoo.modules.registry: Multiprocess signaling check: [Registry - 4 -> 4] [Cache - 150 -> 150] 
2025-08-06 17:25:43,346 107224 DEBUG odoo_test_1 odoo.addons.base.models.ir_cron: cron.object.execute('odoo_test_1', 1, '*', 'payment: post-process transactions', 285) 
2025-08-06 17:25:43,346 107224 INFO odoo_test_1 odoo.addons.base.models.ir_cron: Starting job `payment: post-process transactions`. 
2025-08-06 17:25:43,354 107224 INFO odoo_test_1 odoo.addons.base.models.ir_cron: Job `payment: post-process transactions` done. 
2025-08-06 17:25:43,354 107224 DEBUG odoo_test_1 odoo.addons.base.models.ir_cron: 0.008s (cron payment: post-process transactions, server action 285 with uid 1) 
2025-08-06 17:25:43,357 107224 DEBUG odoo_test_1 odoo.addons.base.models.ir_cron: job 13 updated and released 
2025-08-06 17:25:50,459 107224 DEBUG ? odoo.service.server: cron0 polling for jobs 
2025-08-06 17:26:13,198 107224 DEBUG odoo_test_1 odoo.modules.registry: Multiprocess signaling check: [Registry - 4 -> 4] [Cache - 150 -> 150] 
2025-08-06 17:26:44,382 107224 DEBUG ? odoo.service.server: cron1 polling for jobs 
2025-08-06 17:26:50,470 107224 DEBUG ? odoo.service.server: cron0 polling for jobs 
2025-08-06 17:27:13,156 107224 DEBUG odoo_test_1 odoo.modules.registry: Multiprocess signaling check: [Registry - 4 -> 4] [Cache - 150 -> 150] 
2025-08-06 17:27:45,403 107224 DEBUG ? odoo.service.server: cron1 polling for jobs 
2025-08-06 17:27:50,478 107224 DEBUG ? odoo.service.server: cron0 polling for jobs 
2025-08-06 17:28:14,097 107224 DEBUG odoo_test_1 odoo.modules.registry: Multiprocess signaling check: [Registry - 4 -> 4] [Cache - 150 -> 150] 
2025-08-06 17:28:46,421 107224 DEBUG ? odoo.service.server: cron1 polling for jobs 
2025-08-06 17:28:50,484 107224 DEBUG ? odoo.service.server: cron0 polling for jobs 
2025-08-06 17:29:47,434 107224 DEBUG ? odoo.service.server: cron1 polling for jobs 
2025-08-06 17:29:50,494 107224 DEBUG ? odoo.service.server: cron0 polling for jobs 
2025-08-06 17:30:13,125 107224 DEBUG odoo_test_1 odoo.modules.registry: Multiprocess signaling check: [Registry - 4 -> 4] [Cache - 150 -> 150] 
2025-08-06 17:30:48,453 107224 DEBUG ? odoo.service.server: cron1 polling for jobs 
2025-08-06 17:30:50,504 107224 DEBUG ? odoo.service.server: cron0 polling for jobs 
2025-08-06 17:31:13,553 107224 DEBUG odoo_test_1 odoo.modules.registry: Multiprocess signaling check: [Registry - 4 -> 4] [Cache - 150 -> 150] 
2025-08-06 17:31:49,472 107224 DEBUG ? odoo.service.server: cron1 polling for jobs 
2025-08-06 17:31:50,507 107224 DEBUG ? odoo.service.server: cron0 polling for jobs 
2025-08-06 17:32:50,487 107224 DEBUG ? odoo.service.server: cron1 polling for jobs 
2025-08-06 17:32:50,524 107224 DEBUG ? odoo.service.server: cron0 polling for jobs 
2025-08-06 17:33:13,114 107224 DEBUG odoo_test_1 odoo.modules.registry: Multiprocess signaling check: [Registry - 4 -> 4] [Cache - 150 -> 150] 
2025-08-06 17:33:50,531 107224 DEBUG ? odoo.service.server: cron0 polling for jobs 
2025-08-06 17:33:51,516 107224 DEBUG ? odoo.service.server: cron1 polling for jobs 
2025-08-06 17:34:13,113 107224 DEBUG odoo_test_1 odoo.modules.registry: Multiprocess signaling check: [Registry - 4 -> 4] [Cache - 150 -> 150] 
2025-08-06 17:34:50,541 107224 DEBUG ? odoo.service.server: cron0 polling for jobs 
2025-08-06 17:34:52,533 107224 DEBUG ? odoo.service.server: cron1 polling for jobs 
2025-08-06 17:35:50,545 107224 DEBUG ? odoo.service.server: cron0 polling for jobs 
2025-08-06 17:35:50,554 107224 DEBUG odoo_test_1 odoo.addons.base.models.ir_cron: job 13 acquired 
2025-08-06 17:35:50,566 107224 DEBUG odoo_test_1 odoo.modules.registry: Multiprocess signaling check: [Registry - 4 -> 4] [Cache - 150 -> 150] 
2025-08-06 17:35:50,569 107224 DEBUG odoo_test_1 odoo.addons.base.models.ir_cron: cron.object.execute('odoo_test_1', 1, '*', 'payment: post-process transactions', 285) 
2025-08-06 17:35:50,570 107224 INFO odoo_test_1 odoo.addons.base.models.ir_cron: Starting job `payment: post-process transactions`. 
2025-08-06 17:35:50,582 107224 INFO odoo_test_1 odoo.addons.base.models.ir_cron: Job `payment: post-process transactions` done. 
2025-08-06 17:35:50,583 107224 DEBUG odoo_test_1 odoo.addons.base.models.ir_cron: 0.013s (cron payment: post-process transactions, server action 285 with uid 1) 
2025-08-06 17:35:50,585 107224 DEBUG odoo_test_1 odoo.addons.base.models.ir_cron: job 13 updated and released 
2025-08-06 17:35:53,559 107224 DEBUG ? odoo.service.server: cron1 polling for jobs 
2025-08-06 17:36:13,122 107224 DEBUG odoo_test_1 odoo.modules.registry: Multiprocess signaling check: [Registry - 4 -> 4] [Cache - 150 -> 150] 
2025-08-06 17:36:14,751 107224 INFO ? odoo.addons.base.models.res_users: Login successful for db:odoo_test_1 login:rupesh.constacloud@gmail.com from 10.2.0.2 
2025-08-06 17:36:14,900 107224 INFO ? werkzeug: 10.2.0.2 - - [06/Aug/2025 17:36:14] "POST /web/session/authenticate HTTP/1.1" 200 - 84 0.093 1.792
2025-08-06 17:36:34,028 107224 DEBUG ? odoo.modules.registry: Multiprocess signaling check: [Registry - 4 -> 4] [Cache - 150 -> 150] 
2025-08-06 17:36:34,044 107224 INFO odoo_test_1 odoo.modules.registry: At least one model cache has been invalidated, signaling through the database. 
2025-08-06 17:36:34,046 107224 INFO odoo_test_1 werkzeug: 10.2.0.2 - - [06/Aug/2025 17:36:34] "GET /api/platform_connection?platform_id=15&platform_connected=True HTTP/1.1" 200 - 15 0.010 0.010
2025-08-06 17:36:47,672 107224 DEBUG ? odoo.modules.registry: Multiprocess signaling check: [Registry - 4 -> 4] [Cache - 151 -> 151] 
2025-08-06 17:36:50,569 107224 WARNING odoo_test_1 odoo.addons.base.models.ir_qweb: Found deprecated directive @t-esc="title or 'Odoo'" in template 180. Replace by @t-out 
2025-08-06 17:36:50,570 107224 WARNING odoo_test_1 odoo.addons.base.models.ir_qweb: Found deprecated directive @t-esc='request.csrf_token(None)' in template 180. Replace by @t-out 
2025-08-06 17:36:50,571 107224 WARNING odoo_test_1 odoo.addons.base.models.ir_qweb: Found deprecated directive @t-esc='debug' in template 180. Replace by @t-out 
2025-08-06 17:36:50,583 107224 INFO odoo_test_1 werkzeug: 10.2.0.2 - - [06/Aug/2025 17:36:50] "GET /web HTTP/1.1" 200 - 114 0.097 2.819
2025-08-06 17:36:50,592 107224 DEBUG ? odoo.service.server: cron0 polling for jobs 
2025-08-06 17:36:50,647 107224 DEBUG ? odoo.modules.registry: Multiprocess signaling check: [Registry - 4 -> 4] [Cache - 151 -> 151] 
2025-08-06 17:36:50,662 107224 INFO odoo_test_1 werkzeug: 10.2.0.2 - - [06/Aug/2025 17:36:50] "GET /web/assets/debug/web.assets_common.css HTTP/1.1" 304 - 5 0.003 0.016
2025-08-06 17:36:50,667 107224 DEBUG ? odoo.modules.registry: Multiprocess signaling check: [Registry - 4 -> 4] [Cache - 151 -> 151] 
2025-08-06 17:36:50,678 107224 INFO odoo_test_1 werkzeug: 10.2.0.2 - - [06/Aug/2025 17:36:50] "GET /web/assets/debug/web.assets_backend.css HTTP/1.1" 304 - 5 0.004 0.014
2025-08-06 17:36:50,970 107224 DEBUG ? odoo.modules.registry: Multiprocess signaling check: [Registry - 4 -> 4] [Cache - 151 -> 151] 
2025-08-06 17:36:50,971 107224 DEBUG ? odoo.modules.registry: Multiprocess signaling check: [Registry - 4 -> 4] [Cache - 151 -> 151] 
2025-08-06 17:36:50,973 107224 DEBUG ? odoo.modules.registry: Multiprocess signaling check: [Registry - 4 -> 4] [Cache - 151 -> 151] 
2025-08-06 17:36:50,985 107224 INFO odoo_test_1 werkzeug: 10.2.0.2 - - [06/Aug/2025 17:36:50] "GET /web/assets/debug/web.assets_backend.js HTTP/1.1" 304 - 5 0.005 0.014
2025-08-06 17:36:50,985 107224 INFO odoo_test_1 werkzeug: 10.2.0.2 - - [06/Aug/2025 17:36:50] "GET /web/assets/debug/web.assets_common.js HTTP/1.1" 304 - 5 0.006 0.012
2025-08-06 17:36:50,987 107224 INFO odoo_test_1 werkzeug: 10.2.0.2 - - [06/Aug/2025 17:36:50] "GET /web/assets/debug/web.assets_backend_prod_only.js HTTP/1.1" 304 - 5 0.007 0.012
2025-08-06 17:36:51,549 107224 DEBUG ? odoo.modules.registry: Multiprocess signaling check: [Registry - 4 -> 4] [Cache - 151 -> 151] 
2025-08-06 17:36:51,555 107224 INFO odoo_test_1 werkzeug: 10.2.0.2 - - [06/Aug/2025 17:36:51] "GET /web/assets/debug/web.assets_tests.js HTTP/1.1" 304 - 5 0.002 0.006
2025-08-06 17:36:52,651 107224 DEBUG ? odoo.modules.registry: Multiprocess signaling check: [Registry - 4 -> 4] [Cache - 151 -> 151] 
2025-08-06 17:36:52,680 107224 INFO odoo_test_1 werkzeug: 10.2.0.2 - - [06/Aug/2025 17:36:52] "POST /web/action/load HTTP/1.1" 200 - 11 0.008 0.023
2025-08-06 17:36:52,988 107224 INFO ? werkzeug: 10.2.0.2 - - [06/Aug/2025 17:36:52] "GET /web/static/lib/odoo_ui_icons/fonts/odoo_ui_icons.woff2 HTTP/1.1" 304 - 0 0.000 0.004
2025-08-06 17:36:53,097 107224 DEBUG ? odoo.modules.registry: Multiprocess signaling check: [Registry - 4 -> 4] [Cache - 151 -> 151] 
2025-08-06 17:36:53,101 107224 DEBUG odoo_test_1 odoo.api: call res.config.settings().get_views(options={'action_id': 88, 'load_filters': False, 'toolbar': False}, views=[[False, 'form']]) 
2025-08-06 17:36:53,144 107224 DEBUG ? odoo.modules.registry: Multiprocess signaling check: [Registry - 4 -> 4] [Cache - 151 -> 151] 
2025-08-06 17:36:53,146 107224 DEBUG ? odoo.modules.registry: Multiprocess signaling check: [Registry - 4 -> 4] [Cache - 151 -> 151] 
2025-08-06 17:36:53,191 107224 INFO odoo_test_1 werkzeug: 10.2.0.2 - - [06/Aug/2025 17:36:53] "GET /bus/websocket_worker_bundle?v=1.0.5 HTTP/1.1" 304 - 7 0.010 0.041
2025-08-06 17:36:53,207 107224 INFO odoo_test_1 werkzeug: 10.2.0.2 - - [06/Aug/2025 17:36:53] "GET /web/image?model=res.users&field=avatar_128&id=2 HTTP/1.1" 304 - 20 0.033 0.037
2025-08-06 17:36:53,680 107224 DEBUG ? odoo.modules.registry: Multiprocess signaling check: [Registry - 4 -> 4] [Cache - 151 -> 151] 
2025-08-06 17:36:53,686 107224 DEBUG ? odoo.modules.registry: Multiprocess signaling check: [Registry - 4 -> 4] [Cache - 151 -> 151] 
2025-08-06 17:36:53,692 107224 DEBUG odoo_test_1 odoo.api: call res.users().systray_get_activities() 
2025-08-06 17:36:53,708 107224 INFO odoo_test_1 werkzeug: 10.2.0.2 - - [06/Aug/2025 17:36:53] "POST /web/dataset/call_kw/res.users/systray_get_activities HTTP/1.1" 200 - 4 0.020 0.012
2025-08-06 17:36:53,734 107224 INFO odoo_test_1 werkzeug: 10.2.0.2 - - [06/Aug/2025 17:36:53] "POST /web/dataset/call_kw/res.config.settings/get_views HTTP/1.1" 200 - 61 0.074 0.566
2025-08-06 17:36:53,742 107224 DEBUG ? odoo.modules.registry: Multiprocess signaling check: [Registry - 4 -> 4] [Cache - 151 -> 151] 
2025-08-06 17:36:53,752 107224 INFO odoo_test_1 werkzeug: 10.2.0.2 - - [06/Aug/2025 17:36:53] "GET /websocket HTTP/1.1" 101 - 1 0.001 0.013
2025-08-06 17:36:53,768 107224 DEBUG ? odoo.modules.registry: Multiprocess signaling check: [Registry - 4 -> 4] [Cache - 151 -> 151] 
2025-08-06 17:36:53,769 107224 DEBUG odoo_test_1 odoo.modules.registry: Multiprocess signaling check: [Registry - 4 -> 4] [Cache - 151 -> 151] 
2025-08-06 17:36:53,804 107224 INFO odoo_test_1 werkzeug: 10.2.0.2 - - [06/Aug/2025 17:36:53] "GET /web/image/res.company/1/favicon HTTP/1.1" 304 - 12 0.022 0.023
2025-08-06 17:36:53,851 107224 INFO odoo_test_1 werkzeug: 10.2.0.2 - - [06/Aug/2025 17:36:53] "POST /mail/init_messaging HTTP/1.1" 200 - 70 0.109 0.069
2025-08-06 17:36:54,054 107224 DEBUG ? odoo.modules.registry: Multiprocess signaling check: [Registry - 4 -> 4] [Cache - 151 -> 151] 
2025-08-06 17:36:54,058 107224 DEBUG odoo_test_1 odoo.api: call res.config.settings().onchange({}, [], {'active_user_count': '', 'language_count': '', 'company_id': '1', 'company_name': '', 'company_informations': '', 'external_report_layout_id': '', 'company_count': '', 'primary_color': '', 'secondary_color': '', 'product_weight_in_lbs': '', 'product_volume_volume_in_cubic_feet': '', 'external_email_server_default': '', 'alias_domain': '', 'module_google_gmail': '1', 'google_gmail_client_identifier': '', 'google_gmail_client_secret': '', 'module_microsoft_outlook': '1', 'use_twilio_rtc_servers': '', 'twilio_account_sid': '', 'twilio_account_token': '', 'restrict_template_rendering': '', 'digest_emails': '', 'digest_id': '', 'module_partner_autocomplete': '1', 'auth_signup_uninvited': '', 'auth_signup_reset_password': '', 'user_default_rights': '', 'portal_allow_api_keys': '', 'module_base_import': '1', 'show_effect': '', 'module_mail_plugin': '1', 'module_microsoft_calendar': '1', 'module_google_calendar': '1', 'module_product_images': '1', 'module_auth_oauth': '1', 'module_auth_ldap': '1', 'module_web_unsplash': '1', 'unsplash_access_key': '', 'unsplash_app_id': '', 'module_base_geolocalize': '1', 'module_google_recaptcha': '1', 'profiling_enabled_until': '', 'commercium_domain': '', 'commercium_db': '', 'commercium_username': '', 'commercium_password': '', 'platform_connected': '', 'group_stock_tracking_lot': '', 'module_stock_picking_batch': '1', 'group_stock_picking_wave': '', 'group_warning_stock': '', 'module_quality_control': '1', 'module_quality_control_worksheet': '1', 'annual_inventory_day': '', 'annual_inventory_month': '', 'group_stock_reception_report': '', 'module_stock_barcode': '1', 'stock_move_email_validation': '', 'stock_move_sms_validation': '', 'stock_sms_confirmation_template_id': '', 'group_stock_sign_delivery': '', 'module_delivery': '1', 'module_delivery_bpost': '1', 'module_delivery_easypost': '1', 'module_delivery_sendcloud': '1', 'group_product_variant': '1', 'group_uom': '', 'group_stock_packaging': '', 'group_stock_production_lot': '1', 'group_stock_lot_print_gs1': '', 'module_product_expiry': '1', 'group_lot_on_delivery_slip': '', 'group_stock_tracking_owner': '', 'module_stock_landed_costs': '1', 'group_lot_on_invoice': '', 'group_stock_multi_locations': '1', 'group_stock_adv_location': '1', 'group_stock_storage_categories': '', 'country_code': '', 'has_chart_of_accounts': '', 'has_accounting_entries': '', 'chart_template_id': '', 'sale_tax_id': '', 'purchase_tax_id': '', 'tax_calculation_rounding_method': '', 'early_pay_discount_computation': '', 'module_account_taxcloud': '1', 'module_l10n_eu_oss': '1', 'tax_exigibility': '1', 'account_fiscal_country_id': '', 'currency_id': '', 'group_multi_currency': '', 'module_currency_rate_live': '1', 'invoice_is_print': '', 'invoice_is_email': '', 'invoice_is_snailmail': '', 'module_snailmail_account': '1', 'snailmail_color': '', 'snailmail_duplex': '', 'snailmail_cover': '', 'group_sale_delivery_address': '', 'show_line_subtotals_tax_selection': '1', 'group_show_line_subtotals_tax_excluded': '', 'group_show_line_subtotals_tax_included': '', 'group_warning_account': '', 'group_cash_rounding': '', 'module_account_intrastat': '1', 'incoterm_id': '', 'group_show_sale_receipts': '', 'use_invoice_terms': '', 'terms_type': '1', 'invoice_terms': '', 'preview_ready': '', 'account_use_credit_limit': '', 'account_default_credit_limit': '', 'module_account_payment': '1', 'module_account_batch_payment': '1', 'module_account_sepa_direct_debit': '1', 'qr_code': '', 'group_show_purchase_receipts': '', 'module_account_sepa': '1', 'module_account_invoice_extract': '1', 'module_product_margin': '1', 'account_storno': '', 'quick_edit_mode': ''}) 
2025-08-06 17:36:54,120 107224 DEBUG odoo_test_1 odoo.modules.registry: Multiprocess signaling check: [Registry - 4 -> 4] [Cache - 151 -> 151] 
2025-08-06 17:36:54,270 107224 DEBUG ? odoo.modules.registry: Multiprocess signaling check: [Registry - 4 -> 4] [Cache - 151 -> 151] 
2025-08-06 17:36:54,287 107224 INFO odoo_test_1 werkzeug: 10.2.0.2 - - [06/Aug/2025 17:36:54] "POST /web/dataset/call_kw/res.config.settings/onchange HTTP/1.1" 200 - 132 0.158 0.079
2025-08-06 17:36:54,293 107224 INFO ? werkzeug: 10.2.0.2 - - [06/Aug/2025 17:36:54] "GET /mail/static/src/audio/ting.ogg HTTP/1.1" 206 - 0 0.000 0.025
2025-08-06 17:36:54,314 107224 INFO odoo_test_1 werkzeug: 10.2.0.2 - - [06/Aug/2025 17:36:54] "POST /mail/load_message_failures HTTP/1.1" 200 - 3 0.034 0.091
2025-08-06 17:36:54,587 107224 DEBUG ? odoo.service.server: cron1 polling for jobs 
2025-08-06 17:36:54,940 107224 DEBUG ? odoo.modules.registry: Multiprocess signaling check: [Registry - 4 -> 4] [Cache - 151 -> 151] 
2025-08-06 17:36:54,946 107224 INFO odoo_test_1 werkzeug: 10.2.0.2 - - [06/Aug/2025 17:36:54] "POST /base_setup/demo_active HTTP/1.1" 200 - 4 0.002 0.006
2025-08-06 17:36:54,987 107224 DEBUG ? odoo.modules.registry: Multiprocess signaling check: [Registry - 4 -> 4] [Cache - 151 -> 151] 
2025-08-06 17:36:54,995 107224 INFO odoo_test_1 werkzeug: 10.2.0.2 - - [06/Aug/2025 17:36:54] "POST /base_setup/data HTTP/1.1" 200 - 6 0.007 0.003
2025-08-06 17:36:55,208 107224 DEBUG ? odoo.modules.registry: Multiprocess signaling check: [Registry - 4 -> 4] [Cache - 151 -> 151] 
2025-08-06 17:36:55,243 107224 DEBUG odoo_test_1 odoo.addons.http_routing.models.ir_http: '/null/static/description/icon.png' (lang: 'en') no lang in url and default website, continue 
2025-08-06 17:36:55,324 107224 WARNING odoo_test_1 odoo.addons.base.models.ir_qweb: Found deprecated directive @t-esc="title or 'Odoo'" in template 181. Replace by @t-out 
2025-08-06 17:36:55,328 107224 WARNING odoo_test_1 odoo.addons.base.models.ir_qweb: Found deprecated directive @t-esc='request.csrf_token(None)' in template 181. Replace by @t-out 
2025-08-06 17:36:55,329 107224 WARNING odoo_test_1 odoo.addons.base.models.ir_qweb: Found deprecated directive @t-esc='debug' in template 181. Replace by @t-out 
2025-08-06 17:36:55,904 107224 INFO odoo_test_1 odoo.addons.base.models.assetsbundle: Failed to find attachment for assets /web/assets/%-ddb6cce/web.assets_frontend.css 
2025-08-06 17:37:04,230 107224 INFO odoo_test_1 odoo.addons.base.models.assetsbundle: Failed to find attachment for assets /web/assets/%-ddb6cce/web.assets_frontend.css.map 
2025-08-06 17:37:04,242 107224 INFO odoo_test_1 odoo.addons.base.models.assetsbundle: Deleting ir.attachment [551] (from bundle web.assets_frontend) 
2025-08-06 17:37:04,416 107224 INFO odoo_test_1 odoo.addons.base.models.assetsbundle: Deleting ir.attachment [552] (from bundle web.assets_frontend) 
2025-08-06 17:37:05,058 107224 INFO odoo_test_1 odoo.addons.base.models.assetsbundle: Failed to find attachment for assets /web/assets/%-bd02d63/web.assets_frontend_lazy.js 
2025-08-06 17:37:05,149 107224 INFO odoo_test_1 odoo.addons.base.models.assetsbundle: Failed to find attachment for assets /web/assets/%-bd02d63/web.assets_frontend_lazy.js.map 
2025-08-06 17:37:05,155 107224 INFO odoo_test_1 odoo.addons.base.models.assetsbundle: Deleting ir.attachment [555] (from bundle web.assets_frontend_lazy) 
2025-08-06 17:37:05,967 107224 INFO odoo_test_1 odoo.addons.base.models.assetsbundle: Deleting ir.attachment [556] (from bundle web.assets_frontend_lazy) 
2025-08-06 17:37:06,305 107224 WARNING odoo_test_1 odoo.addons.base.models.ir_qweb: Found deprecated directive @t-esc="user_id.name[:23] + '...' if user_id.name and len(user_id.name) > 25 else user_id.name" in template 450. Replace by @t-out 
2025-08-06 17:37:06,343 107224 WARNING odoo_test_1 odoo.addons.base.models.ir_qweb: Found deprecated directive @t-esc="active_lang[2].split('/').pop()" in template 449. Replace by @t-out 
2025-08-06 17:37:06,348 107224 WARNING odoo_test_1 odoo.addons.base.models.ir_qweb: Found deprecated directive @t-esc="lg[2].split('/').pop()" in template 449. Replace by @t-out 
2025-08-06 17:37:06,399 107224 INFO odoo_test_1 werkzeug: 10.2.0.2 - - [06/Aug/2025 17:37:06] "GET /null/static/description/icon.png HTTP/1.1" 404 - 173 0.239 10.953
2025-08-06 17:37:50,604 107224 DEBUG ? odoo.service.server: cron0 polling for jobs 
2025-08-06 17:37:55,095 107224 DEBUG odoo_test_1 odoo.modules.registry: Multiprocess signaling check: [Registry - 4 -> 4] [Cache - 151 -> 151] 
2025-08-06 17:37:55,605 107224 DEBUG ? odoo.service.server: cron1 polling for jobs 
2025-08-06 17:38:50,611 107224 DEBUG ? odoo.service.server: cron0 polling for jobs 
2025-08-06 17:38:56,084 107224 DEBUG odoo_test_1 odoo.modules.registry: Multiprocess signaling check: [Registry - 4 -> 4] [Cache - 151 -> 151] 
2025-08-06 17:38:56,625 107224 DEBUG ? odoo.service.server: cron1 polling for jobs 
2025-08-06 17:39:50,615 107224 DEBUG ? odoo.service.server: cron0 polling for jobs 
2025-08-06 17:39:57,098 107224 DEBUG odoo_test_1 odoo.modules.registry: Multiprocess signaling check: [Registry - 4 -> 4] [Cache - 151 -> 151] 
2025-08-06 17:39:57,644 107224 DEBUG ? odoo.service.server: cron1 polling for jobs 
2025-08-06 17:40:50,630 107224 DEBUG ? odoo.service.server: cron0 polling for jobs 
2025-08-06 17:40:58,096 107224 DEBUG odoo_test_1 odoo.modules.registry: Multiprocess signaling check: [Registry - 4 -> 4] [Cache - 151 -> 151] 
2025-08-06 17:40:58,664 107224 DEBUG ? odoo.service.server: cron1 polling for jobs 
2025-08-06 17:41:50,645 107224 DEBUG ? odoo.service.server: cron0 polling for jobs 
2025-08-06 17:41:59,085 107224 DEBUG odoo_test_1 odoo.modules.registry: Multiprocess signaling check: [Registry - 4 -> 4] [Cache - 151 -> 151] 
2025-08-06 17:41:59,689 107224 DEBUG ? odoo.service.server: cron1 polling for jobs 
2025-08-06 17:42:50,655 107224 DEBUG ? odoo.service.server: cron0 polling for jobs 
2025-08-06 17:43:00,708 107224 DEBUG ? odoo.service.server: cron1 polling for jobs 
2025-08-06 17:43:13,111 107224 DEBUG odoo_test_1 odoo.modules.registry: Multiprocess signaling check: [Registry - 4 -> 4] [Cache - 151 -> 151] 
2025-08-06 17:43:50,664 107224 DEBUG ? odoo.service.server: cron0 polling for jobs 
2025-08-06 17:44:01,721 107224 DEBUG ? odoo.service.server: cron1 polling for jobs 
2025-08-06 17:44:13,340 107224 DEBUG odoo_test_1 odoo.modules.registry: Multiprocess signaling check: [Registry - 4 -> 4] [Cache - 151 -> 151] 
2025-08-06 17:44:50,672 107224 DEBUG ? odoo.service.server: cron0 polling for jobs 
2025-08-06 17:45:02,750 107224 DEBUG ? odoo.service.server: cron1 polling for jobs 
2025-08-06 17:45:50,684 107224 DEBUG ? odoo.service.server: cron0 polling for jobs 
2025-08-06 17:45:50,687 107224 DEBUG odoo_test_1 odoo.addons.base.models.ir_cron: job 13 acquired 
2025-08-06 17:45:50,693 107224 DEBUG odoo_test_1 odoo.modules.registry: Multiprocess signaling check: [Registry - 4 -> 4] [Cache - 151 -> 151] 
2025-08-06 17:45:50,694 107224 DEBUG odoo_test_1 odoo.addons.base.models.ir_cron: cron.object.execute('odoo_test_1', 1, '*', 'payment: post-process transactions', 285) 
2025-08-06 17:45:50,694 107224 INFO odoo_test_1 odoo.addons.base.models.ir_cron: Starting job `payment: post-process transactions`. 
2025-08-06 17:45:50,699 107224 INFO odoo_test_1 odoo.addons.base.models.ir_cron: Job `payment: post-process transactions` done. 
2025-08-06 17:45:50,700 107224 DEBUG odoo_test_1 odoo.addons.base.models.ir_cron: 0.006s (cron payment: post-process transactions, server action 285 with uid 1) 
2025-08-06 17:45:50,708 107224 DEBUG odoo_test_1 odoo.addons.base.models.ir_cron: job 13 updated and released 
2025-08-06 17:46:03,772 107224 DEBUG ? odoo.service.server: cron1 polling for jobs 
2025-08-06 17:46:13,142 107224 DEBUG odoo_test_1 odoo.modules.registry: Multiprocess signaling check: [Registry - 4 -> 4] [Cache - 151 -> 151] 
2025-08-06 17:46:50,720 107224 DEBUG ? odoo.service.server: cron0 polling for jobs 
2025-08-06 17:47:04,795 107224 DEBUG ? odoo.service.server: cron1 polling for jobs 
2025-08-06 17:47:13,202 107224 DEBUG odoo_test_1 odoo.modules.registry: Multiprocess signaling check: [Registry - 4 -> 4] [Cache - 151 -> 151] 
2025-08-06 17:47:50,732 107224 DEBUG ? odoo.service.server: cron0 polling for jobs 
2025-08-06 17:48:05,824 107224 DEBUG ? odoo.service.server: cron1 polling for jobs 
2025-08-06 17:48:50,745 107224 DEBUG ? odoo.service.server: cron0 polling for jobs 
2025-08-06 17:49:06,847 107224 DEBUG ? odoo.service.server: cron1 polling for jobs 
2025-08-06 17:49:13,151 107224 DEBUG odoo_test_1 odoo.modules.registry: Multiprocess signaling check: [Registry - 4 -> 4] [Cache - 151 -> 151] 
2025-08-06 17:49:50,757 107224 DEBUG ? odoo.service.server: cron0 polling for jobs 
2025-08-06 17:50:07,867 107224 DEBUG ? odoo.service.server: cron1 polling for jobs 
2025-08-06 17:50:50,767 107224 DEBUG ? odoo.service.server: cron0 polling for jobs 
2025-08-06 17:51:08,885 107224 DEBUG ? odoo.service.server: cron1 polling for jobs 
2025-08-06 17:51:13,146 107224 DEBUG odoo_test_1 odoo.modules.registry: Multiprocess signaling check: [Registry - 4 -> 4] [Cache - 151 -> 151] 
2025-08-06 17:51:50,781 107224 DEBUG ? odoo.service.server: cron0 polling for jobs 
2025-08-06 17:52:09,901 107224 DEBUG ? odoo.service.server: cron1 polling for jobs 
2025-08-06 17:52:13,123 107224 DEBUG odoo_test_1 odoo.modules.registry: Multiprocess signaling check: [Registry - 4 -> 4] [Cache - 151 -> 151] 
2025-08-06 17:52:50,792 107224 DEBUG ? odoo.service.server: cron0 polling for jobs 
2025-08-06 17:53:10,928 107224 DEBUG ? odoo.service.server: cron1 polling for jobs 
2025-08-06 17:53:50,808 107224 DEBUG ? odoo.service.server: cron0 polling for jobs 
2025-08-06 17:54:11,941 107224 DEBUG ? odoo.service.server: cron1 polling for jobs 
2025-08-06 17:54:13,120 107224 DEBUG odoo_test_1 odoo.modules.registry: Multiprocess signaling check: [Registry - 4 -> 4] [Cache - 151 -> 151] 
2025-08-06 17:54:50,823 107224 DEBUG ? odoo.service.server: cron0 polling for jobs 
2025-08-06 17:55:12,963 107224 DEBUG ? odoo.service.server: cron1 polling for jobs 
2025-08-06 17:55:50,825 107224 DEBUG ? odoo.service.server: cron0 polling for jobs 
2025-08-06 17:55:50,829 107224 DEBUG odoo_test_1 odoo.addons.base.models.ir_cron: job 13 acquired 
2025-08-06 17:55:50,835 107224 DEBUG odoo_test_1 odoo.modules.registry: Multiprocess signaling check: [Registry - 4 -> 4] [Cache - 151 -> 151] 
2025-08-06 17:55:50,837 107224 DEBUG odoo_test_1 odoo.addons.base.models.ir_cron: cron.object.execute('odoo_test_1', 1, '*', 'payment: post-process transactions', 285) 
2025-08-06 17:55:50,837 107224 INFO odoo_test_1 odoo.addons.base.models.ir_cron: Starting job `payment: post-process transactions`. 
2025-08-06 17:55:50,844 107224 INFO odoo_test_1 odoo.addons.base.models.ir_cron: Job `payment: post-process transactions` done. 
2025-08-06 17:55:50,844 107224 DEBUG odoo_test_1 odoo.addons.base.models.ir_cron: 0.007s (cron payment: post-process transactions, server action 285 with uid 1) 
2025-08-06 17:55:50,852 107224 DEBUG odoo_test_1 odoo.addons.base.models.ir_cron: job 13 updated and released 
2025-08-06 17:56:13,119 107224 DEBUG odoo_test_1 odoo.modules.registry: Multiprocess signaling check: [Registry - 4 -> 4] [Cache - 151 -> 151] 
2025-08-06 17:56:13,990 107224 DEBUG ? odoo.service.server: cron1 polling for jobs 
2025-08-06 17:56:50,867 107224 DEBUG ? odoo.service.server: cron0 polling for jobs 
2025-08-06 17:57:13,121 107224 DEBUG odoo_test_1 odoo.modules.registry: Multiprocess signaling check: [Registry - 4 -> 4] [Cache - 151 -> 151] 
2025-08-06 17:57:15,010 107224 DEBUG ? odoo.service.server: cron1 polling for jobs 
2025-08-06 17:57:50,874 107224 DEBUG ? odoo.service.server: cron0 polling for jobs 
2025-08-06 17:58:13,291 107224 DEBUG odoo_test_1 odoo.modules.registry: Multiprocess signaling check: [Registry - 4 -> 4] [Cache - 151 -> 151] 
2025-08-06 17:58:16,027 107224 DEBUG ? odoo.service.server: cron1 polling for jobs 
2025-08-06 17:58:50,890 107224 DEBUG ? odoo.service.server: cron0 polling for jobs 
2025-08-06 17:59:17,043 107224 DEBUG ? odoo.service.server: cron1 polling for jobs 
2025-08-06 17:59:50,902 107224 DEBUG ? odoo.service.server: cron0 polling for jobs 
2025-08-06 18:00:13,119 107224 DEBUG odoo_test_1 odoo.modules.registry: Multiprocess signaling check: [Registry - 4 -> 4] [Cache - 151 -> 151] 
2025-08-06 18:00:18,070 107224 DEBUG ? odoo.service.server: cron1 polling for jobs 
2025-08-06 18:00:50,911 107224 DEBUG ? odoo.service.server: cron0 polling for jobs 
2025-08-06 18:01:19,090 107224 DEBUG ? odoo.service.server: cron1 polling for jobs 
2025-08-06 18:01:50,925 107224 DEBUG ? odoo.service.server: cron0 polling for jobs 
2025-08-06 18:02:13,141 107224 DEBUG odoo_test_1 odoo.modules.registry: Multiprocess signaling check: [Registry - 4 -> 4] [Cache - 151 -> 151] 
2025-08-06 18:02:20,110 107224 DEBUG ? odoo.service.server: cron1 polling for jobs 
2025-08-06 18:02:50,943 107224 DEBUG ? odoo.service.server: cron0 polling for jobs 
2025-08-06 18:03:21,123 107224 DEBUG ? odoo.service.server: cron1 polling for jobs 
2025-08-06 18:03:50,949 107224 DEBUG ? odoo.service.server: cron0 polling for jobs 
2025-08-06 18:04:13,200 107224 DEBUG odoo_test_1 odoo.modules.registry: Multiprocess signaling check: [Registry - 4 -> 4] [Cache - 151 -> 151] 
2025-08-06 18:04:22,137 107224 DEBUG ? odoo.service.server: cron1 polling for jobs 
2025-08-06 18:04:50,963 107224 DEBUG ? odoo.service.server: cron0 polling for jobs 
2025-08-06 18:05:23,161 107224 DEBUG ? odoo.service.server: cron1 polling for jobs 
2025-08-06 18:05:23,164 107224 DEBUG odoo_test_1 odoo.addons.base.models.ir_cron: job 13 acquired 
2025-08-06 18:05:23,169 107224 DEBUG odoo_test_1 odoo.modules.registry: Multiprocess signaling check: [Registry - 4 -> 4] [Cache - 151 -> 151] 
2025-08-06 18:05:23,170 107224 DEBUG odoo_test_1 odoo.addons.base.models.ir_cron: cron.object.execute('odoo_test_1', 1, '*', 'payment: post-process transactions', 285) 
2025-08-06 18:05:23,170 107224 INFO odoo_test_1 odoo.addons.base.models.ir_cron: Starting job `payment: post-process transactions`. 
2025-08-06 18:05:23,193 107224 INFO odoo_test_1 odoo.addons.base.models.ir_cron: Job `payment: post-process transactions` done. 
2025-08-06 18:05:23,193 107224 DEBUG odoo_test_1 odoo.addons.base.models.ir_cron: 0.022s (cron payment: post-process transactions, server action 285 with uid 1) 
2025-08-06 18:05:23,196 107224 DEBUG odoo_test_1 odoo.addons.base.models.ir_cron: job 13 updated and released 
2025-08-06 18:05:50,977 107224 DEBUG ? odoo.service.server: cron0 polling for jobs 
2025-08-06 18:06:13,157 107224 DEBUG odoo_test_1 odoo.modules.registry: Multiprocess signaling check: [Registry - 4 -> 4] [Cache - 151 -> 151] 
2025-08-06 18:06:24,211 107224 DEBUG ? odoo.service.server: cron1 polling for jobs 
2025-08-06 18:06:50,986 107224 DEBUG ? odoo.service.server: cron0 polling for jobs 
2025-08-06 18:07:13,130 107224 DEBUG odoo_test_1 odoo.modules.registry: Multiprocess signaling check: [Registry - 4 -> 4] [Cache - 151 -> 151] 
2025-08-06 18:07:25,231 107224 DEBUG ? odoo.service.server: cron1 polling for jobs 
2025-08-06 18:07:51,001 107224 DEBUG ? odoo.service.server: cron0 polling for jobs 
2025-08-06 18:08:26,247 107224 DEBUG ? odoo.service.server: cron1 polling for jobs 
2025-08-06 18:08:51,003 107224 DEBUG ? odoo.service.server: cron0 polling for jobs 
2025-08-06 18:09:13,131 107224 DEBUG odoo_test_1 odoo.modules.registry: Multiprocess signaling check: [Registry - 4 -> 4] [Cache - 151 -> 151] 
2025-08-06 18:09:27,270 107224 DEBUG ? odoo.service.server: cron1 polling for jobs 
2025-08-06 18:09:51,012 107224 DEBUG ? odoo.service.server: cron0 polling for jobs 
2025-08-06 18:10:28,289 107224 DEBUG ? odoo.service.server: cron1 polling for jobs 
2025-08-06 18:10:51,021 107224 DEBUG ? odoo.service.server: cron0 polling for jobs 
2025-08-06 18:11:13,246 107224 DEBUG odoo_test_1 odoo.modules.registry: Multiprocess signaling check: [Registry - 4 -> 4] [Cache - 151 -> 151] 
2025-08-06 18:11:29,307 107224 DEBUG ? odoo.service.server: cron1 polling for jobs 
2025-08-06 18:11:51,039 107224 DEBUG ? odoo.service.server: cron0 polling for jobs 
2025-08-06 18:12:30,331 107224 DEBUG ? odoo.service.server: cron1 polling for jobs 
2025-08-06 18:12:51,058 107224 DEBUG ? odoo.service.server: cron0 polling for jobs 
2025-08-06 18:13:13,132 107224 DEBUG odoo_test_1 odoo.modules.registry: Multiprocess signaling check: [Registry - 4 -> 4] [Cache - 151 -> 151] 
2025-08-06 18:13:31,351 107224 DEBUG ? odoo.service.server: cron1 polling for jobs 
2025-08-06 18:13:51,068 107224 DEBUG ? odoo.service.server: cron0 polling for jobs 
2025-08-06 18:14:13,644 107224 DEBUG odoo_test_1 odoo.modules.registry: Multiprocess signaling check: [Registry - 4 -> 4] [Cache - 151 -> 151] 
2025-08-06 18:14:32,380 107224 DEBUG ? odoo.service.server: cron1 polling for jobs 
2025-08-06 18:14:51,080 107224 DEBUG ? odoo.service.server: cron0 polling for jobs 
2025-08-06 18:15:33,397 107224 DEBUG ? odoo.service.server: cron1 polling for jobs 
2025-08-06 18:15:33,406 107224 DEBUG odoo_test_1 odoo.addons.base.models.ir_cron: job 13 acquired 
2025-08-06 18:15:33,415 107224 DEBUG odoo_test_1 odoo.modules.registry: Multiprocess signaling check: [Registry - 4 -> 4] [Cache - 151 -> 151] 
2025-08-06 18:15:33,417 107224 DEBUG odoo_test_1 odoo.addons.base.models.ir_cron: cron.object.execute('odoo_test_1', 1, '*', 'payment: post-process transactions', 285) 
2025-08-06 18:15:33,418 107224 INFO odoo_test_1 odoo.addons.base.models.ir_cron: Starting job `payment: post-process transactions`. 
2025-08-06 18:15:33,427 107224 INFO odoo_test_1 odoo.addons.base.models.ir_cron: Job `payment: post-process transactions` done. 
2025-08-06 18:15:33,428 107224 DEBUG odoo_test_1 odoo.addons.base.models.ir_cron: 0.010s (cron payment: post-process transactions, server action 285 with uid 1) 
2025-08-06 18:15:33,430 107224 DEBUG odoo_test_1 odoo.addons.base.models.ir_cron: job 13 updated and released 
2025-08-06 18:15:51,095 107224 DEBUG ? odoo.service.server: cron0 polling for jobs 
2025-08-06 18:16:13,827 107224 DEBUG odoo_test_1 odoo.modules.registry: Multiprocess signaling check: [Registry - 4 -> 4] [Cache - 151 -> 151] 
2025-08-06 18:16:34,452 107224 DEBUG ? odoo.service.server: cron1 polling for jobs 
2025-08-06 18:16:51,113 107224 DEBUG ? odoo.service.server: cron0 polling for jobs 
2025-08-06 18:17:35,471 107224 DEBUG ? odoo.service.server: cron1 polling for jobs 
2025-08-06 18:17:51,123 107224 DEBUG ? odoo.service.server: cron0 polling for jobs 
2025-08-06 18:18:13,175 107224 DEBUG odoo_test_1 odoo.modules.registry: Multiprocess signaling check: [Registry - 4 -> 4] [Cache - 151 -> 151] 
2025-08-06 18:18:36,487 107224 DEBUG ? odoo.service.server: cron1 polling for jobs 
2025-08-06 18:18:51,129 107224 DEBUG ? odoo.service.server: cron0 polling for jobs 
2025-08-06 18:19:37,503 107224 DEBUG ? odoo.service.server: cron1 polling for jobs 
2025-08-06 18:19:51,143 107224 DEBUG ? odoo.service.server: cron0 polling for jobs 
2025-08-06 18:20:13,131 107224 DEBUG odoo_test_1 odoo.modules.registry: Multiprocess signaling check: [Registry - 4 -> 4] [Cache - 151 -> 151] 
2025-08-06 18:20:38,520 107224 DEBUG ? odoo.service.server: cron1 polling for jobs 
2025-08-06 18:20:47,399 107224 INFO ? odoo.service.server: Initiating shutdown 
2025-08-06 18:20:47,402 107224 INFO ? odoo.service.server: Hit CTRL-C again or send a second signal to force the shutdown. 
2025-08-06 18:20:47,624 107224 DEBUG ? odoo.service.server: on_close call <bound method Event.set of <threading.Event at 0x21179bb5610: unset>> 
2025-08-06 18:20:47,650 107224 DEBUG ? odoo.service.server: on_close call <function _kick_all at 0x000002117AE025C0> 
2025-08-06 18:20:47,651 107224 DEBUG ? odoo.service.server: current thread: <_MainThread(MainThread, started 99812)> 
2025-08-06 18:20:47,652 107224 DEBUG ? odoo.service.server: process <_MainThread(MainThread, started 99812)> (False) 
2025-08-06 18:20:47,652 107224 DEBUG ? odoo.service.server: process <Thread(odoo.service.cron.cron0, started daemon 114484)> (True) 
2025-08-06 18:20:47,654 107224 DEBUG ? odoo.service.server: process <Thread(odoo.service.cron.cron1, started daemon 112860)> (True) 
2025-08-06 18:20:47,654 107224 DEBUG ? odoo.service.server: process <ImDispatch(odoo.addons.bus.models.bus.Bus, started daemon 112936)> (True) 
2025-08-06 18:20:47,654 107224 DEBUG ? odoo.service.server: process <Thread(odoo.service.http.request.60116, stopped 60116)> (False) 
2025-08-06 18:20:47,701 107224 INFO ? odoo.sql_db: ConnectionPool(used=0/count=0/max=64): Closed 8 connections  
2025-08-06 18:20:47,701 107224 DEBUG ? odoo.service.server: -- 
